#
# A fatal error has been detected by the Java Runtime Environment:
#
#  SIGSEGV (0xb) at pc=0x00007e003eabb740, pid=430049, tid=442835
#
# JRE version: OpenJDK Runtime Environment Temurin-17.0.18+8 (17.0.18+8) (build 17.0.18+8)
# Java VM: OpenJDK 64-Bit Server VM Temurin-17.0.18+8 (17.0.18+8, mixed mode, sharing, tiered, compressed oops, compressed class ptrs, g1 gc, linux-amd64)
# Problematic frame:
# J 16936 c1 com.android.tools.r8.dex.A.<init>(Lcom/android/tools/r8/graph/E2;Lcom/android/tools/r8/origin/Origin;Lcom/android/tools/r8/graph/p0;Lcom/android/tools/r8/utils/A1;)V (880 bytes) @ 0x00007e003eabb740 [0x00007e003eabb3e0+0x0000000000000360]
#
# Core dump will be written. Default location: Core dumps may be processed with "/usr/share/apport/apport -p%p -s%s -c%c -d%d -P%P -u%u -g%g -F%F -- %E" (or dumping to /home/vialatol/StudioProjects/fakedawn/core.430049)
#
# If you would like to submit a bug report, please visit:
#   https://github.com/adoptium/adoptium-support/issues
#

---------------  S U M M A R Y ------------

Command Line: --add-opens=java.base/java.util=ALL-UNNAMED --add-opens=java.base/java.lang=ALL-UNNAMED --add-opens=java.base/java.lang.invoke=ALL-UNNAMED --add-opens=java.prefs/java.util.prefs=ALL-UNNAMED --add-opens=java.base/java.nio.charset=ALL-UNNAMED --add-opens=java.base/java.net=ALL-UNNAMED --add-opens=java.base/java.util.concurrent.atomic=ALL-UNNAMED -XX:MaxMetaspaceSize=384m -XX:+HeapDumpOnOutOfMemoryError -Xms256m -Xmx512m -Dfile.encoding=UTF-8 -Duser.country=FR -Duser.language=fr -Duser.variant -javaagent:/home/vialatol/.gradle/wrapper/dists/gradle-8.7-all/aan3ydargesu18aqyqjwhr3pc/gradle-8.7/lib/agents/gradle-instrumentation-agent-8.7.jar org.gradle.launcher.daemon.bootstrap.GradleDaemon 8.7

Host: 12th Gen Intel(R) Core(TM) i5-1235U, 12 cores, 7G, Ubuntu 22.04.5 LTS
Time: Thu Mar 26 11:01:19 2026 CET elapsed time: 2091.408849 seconds (0d 0h 34m 51s)

---------------  T H R E A D  ---------------

Current thread (0x00007dfebc00aa10):  JavaThread "ForkJoinPool-2-worker-9" daemon [_thread_in_Java, id=442835, stack(0x00007dfedcbfc000,0x00007dfedccfc000)]

Stack: [0x00007dfedcbfc000,0x00007dfedccfc000],  sp=0x00007dfedccf9f90,  free space=1015k
Native frames: (J=compiled Java code, j=interpreted, Vv=VM code, C=native code)
J 16936 c1 com.android.tools.r8.dex.A.<init>(Lcom/android/tools/r8/graph/E2;Lcom/android/tools/r8/origin/Origin;Lcom/android/tools/r8/graph/p0;Lcom/android/tools/r8/utils/A1;)V (880 bytes) @ 0x00007e003eabb740 [0x00007e003eabb3e0+0x0000000000000360]
J 20824 c1 com.android.tools.r8.dex.C.a(Ljava/util/function/Consumer;Lcom/android/tools/r8/graph/z;)V (837 bytes) @ 0x00007e003f03638c [0x00007e003f035260+0x000000000000112c]
j  com.android.tools.r8.dex.a.a(Lcom/android/tools/r8/dex/C;Ljava/util/Queue;Lcom/android/tools/r8/graph/z;)V+13
j  com.android.tools.r8.dex.a$$Lambda$1762+0x00007e000cc85a48.run()V+12
j  java.util.concurrent.ForkJoinTask$AdaptedRunnableAction.exec()Z+4 java.base@17.0.18
J 13361 c1 java.util.concurrent.ForkJoinTask.doExec()I java.base@17.0.18 (37 bytes) @ 0x00007e003e76246c [0x00007e003e762320+0x000000000000014c]
J 14539 c1 java.util.concurrent.ForkJoinPool$WorkQueue.topLevelExec(Ljava/util/concurrent/ForkJoinTask;Ljava/util/concurrent/ForkJoinPool$WorkQueue;)V java.base@17.0.18 (76 bytes) @ 0x00007e003e920c64 [0x00007e003e920ba0+0x00000000000000c4]
J 13425 c1 java.util.concurrent.ForkJoinPool.scan(Ljava/util/concurrent/ForkJoinPool$WorkQueue;II)I java.base@17.0.18 (235 bytes) @ 0x00007e003e78046c [0x00007e003e77f7a0+0x0000000000000ccc]
j  java.util.concurrent.ForkJoinPool.runWorker(Ljava/util/concurrent/ForkJoinPool$WorkQueue;)V+53 java.base@17.0.18
j  java.util.concurrent.ForkJoinWorkerThread.run()V+31 java.base@17.0.18
v  ~StubRoutines::call_stub
V  [libjvm.so+0x82bf25]  JavaCalls::call_helper(JavaValue*, methodHandle const&, JavaCallArguments*, JavaThread*)+0x315
V  [libjvm.so+0x82d71b]  JavaCalls::call_virtual(JavaValue*, Handle, Klass*, Symbol*, Symbol*, JavaThread*)+0x1cb
V  [libjvm.so+0x8f83e3]  thread_entry(JavaThread*, JavaThread*)+0xa3
V  [libjvm.so+0xe68aa6]  JavaThread::thread_main_inner()+0x196
V  [libjvm.so+0xe6c37a]  Thread::call_run()+0xaa
V  [libjvm.so+0xc292b3]  thread_native_entry(Thread*)+0xe3


siginfo: si_signo: 11 (SIGSEGV), si_code: 1 (SEGV_MAPERR), si_addr: 0x0000000094592a61

Registers:
RAX=0x0000000000000000, RBX=0x0000000000000000, RCX=0x00000000f8abcca8, RDX=0x00000000f49bfaa8
RSP=0x00007dfedccf9f90, RBP=0x00007dfedccfa4b8, RSI=0x00000000f083a7d0, RDI=0x00000000f8abd6e0
R8 =0x0000000094592a4d, R9 =0x00000000f8803200, R10=0x0000000094592a4d, R11=0x0000000000000000
R12=0x0000000000000000, R13=0x0000000000000000, R14=0x00000000f7ee55e0, R15=0x00007dfebc00aa10
RIP=0x00007e003eabb740, EFLAGS=0x0000000000010202, CSGSFS=0x002b000000000033, ERR=0x0000000000000004
  TRAPNO=0x000000000000000e

XMM[0]=0x0000000000000000 0x00000000f083a528
XMM[1]=0x0000000000000000 0x00000000e68e2748
XMM[2]=0x0000000000000000 0x00000000f7ffeea8
XMM[3]=0x0000000000000000 0x000000000000000e
XMM[4]=0x0000000000000000 0x00000000f7ffeea8
XMM[5]=0x0000000000000000 0x00000000f7ffeea8
XMM[6]=0x0000000000000000 0x00007dfedccfa4b8
XMM[7]=0x0000000000000000 0x00000000f7ffeea8
XMM[8]=0x0000000000000000 0x746f682f63727300
XMM[9]=0x0000000000000000 0x0000000000000000
XMM[10]=0x0000000000000000 0x002279e40000139d
XMM[11]=0x0000000000000000 0x002279e4000013a1
XMM[12]=0x0000000000000000 0x00227a7c00002bf0
XMM[13]=0x0000000000000000 0x00227b4c00002bf6
XMM[14]=0x0000000000000000 0x0000000000000000
XMM[15]=0x0000000000000000 0x0000000200000070
  MXCSR=0x00001fa5


Register to memory mapping:

RAX=0x0 is NULL
RBX=0x0 is NULL
RCX=0x00000000f8abcca8 is an oop: com.android.tools.r8.origin.PathOrigin 
{0x00000000f8abcca8} - klass: 'com/android/tools/r8/origin/PathOrigin'
 - ---- fields (total size 3 words):
 - private final 'b' 'Lcom/android/tools/r8/origin/Origin;' @12  a 'com/android/tools/r8/origin/d'{0x00000000e701f2b8} (e701f2b8)
 - private final 'f' 'Ljava/nio/file/Path;' @16  a 'sun/nio/fs/UnixPath'{0x00000000f8abcdb8} (f8abcdb8)
RDX=0x00000000f49bfaa8 is an oop: com.android.tools.r8.graph.E2 
{0x00000000f49bfaa8} - klass: 'com/android/tools/r8/graph/E2'
 - ---- fields (total size 3 words):
 - public volatile 'b' 'I' @12  -227708684 (f26d70f4)
 - public final 'f' 'Lcom/android/tools/r8/graph/D2;' @16  a 'com/android/tools/r8/graph/D2'{0x00000000f4afda30} (f4afda30)
 - public 'g' 'Ljava/lang/String;' @20  NULL (0)
RSP=0x00007dfedccf9f90 is pointing into the stack for thread: 0x00007dfebc00aa10
RBP=0x00007dfedccfa4b8 is pointing into the stack for thread: 0x00007dfebc00aa10
RSI=0x00000000f083a7d0 is an oop: com.android.tools.r8.dex.A 
{0x00000000f083a7d0} - klass: 'com/android/tools/r8/dex/A'
 - ---- fields (total size 6 words):
 - public final 'a' 'Lcom/android/tools/r8/graph/p0;' @12  
[error occurred during error reporting (printing register info), id 0xb, SIGSEGV (0xb) at pc=0x00007e005b4dc56a]

Top of Stack: (sp=0x00007dfedccf9f90)
0x00007dfedccf9f90:   00000000f083a7d0 00007e003e604264
0x00007dfedccf9fa0:   00000000f09e8eb0 00007dfe00000000
0x00007dfedccf9fb0:   f7ffeea800000000 00000000f7ee5570
0x00007dfedccf9fc0:   00000000f7ee55e0 0000000000077d2c
0x00007dfedccf9fd0:   00007dfedccfa4b8 00007e00450adf34
0x00007dfedccf9fe0:   00000000f09e8d48 00000000f49d8248
0x00007dfedccf9ff0:   0000000000000074 00000000f09e8e78
0x00007dfedccfa000:   00000000f09e8eb0 00000000f09e8e78
0x00007dfedccfa010:   0000000000000246 00000000f7ee55e0
0x00007dfedccfa020:   00000000f09e9c90 00000000f09e9ca8
0x00007dfedccfa030:   0000000600000005 00000000f09e9c68
0x00007dfedccfa040:   0002147800000246 00000000f083a528
0x00007dfedccfa050:   0000000000000000 00000000f083a7d0
0x00007dfedccfa060:   0000000000000000 0000000300000002
0x00007dfedccfa070:   00000000f8abd6e0 00000000f083a568
0x00007dfedccfa080:   0000000000000000 00007e003d9edc37
0x00007dfedccfa090:   0000000094592a4d 00000000f49bfaa8
0x00007dfedccfa0a0:   00000000f8803200 00000000f8abcca8
0x00007dfedccfa0b0:   0000000000000074 00007dfebc00aa10
0x00007dfedccfa0c0:   00000000f7ee55e0 0000000200000255
0x00007dfedccfa0d0:   00000000f7ee55e0 0002149000000000
0x00007dfedccfa0e0:   00000000f083a568 00000000f083a578
0x00007dfedccfa0f0:   00000000f083a650 00000000f083a6c8
0x00007dfedccfa100:   00000000f083a700 00000000f48277f0
0x00007dfedccfa110:   00000000f083a700 00000000f09e88c0
0x00007dfedccfa120:   0000000000076600 00000000f09e8e78
0x00007dfedccfa130:   00000000e96d2c60 00000000f083a738
0x00007dfedccfa140:   00000000e6195cb0 0000000e00000086
0x00007dfedccfa150:   00007dfef4005f30 00000000f09e88b0
0x00007dfedccfa160:   00007dfedccfa4b8 00007e003f03638c
0x00007dfedccfa170:   00000000f09e88b0 00000000f7dfe5d0
0x00007dfedccfa180:   0000000000000000 00000000e0872c28 

Instructions: (pc=0x00007e003eabb740)
0x00007e003eabb640:   00 48 bf b0 64 db 98 fe 7d 00 00 48 83 87 78 01
0x00007e003eabb650:   00 00 01 48 bf e8 34 20 07 00 7e 00 00 8b 9f f4
0x00007e003eabb660:   00 00 00 83 c3 02 89 9f f4 00 00 00 81 e3 fe ff
0x00007e003eabb670:   1f 00 83 fb 00 0f 84 9a 48 00 00 41 0f be 7f 38
0x00007e003eabb680:   83 ff 00 0f 85 ad 48 00 00 49 ba 28 2c 87 e0 00
0x00007e003eabb690:   00 00 00 44 89 56 2c 48 bf 28 2c 87 e0 00 00 00
0x00007e003eabb6a0:   00 48 8b de 48 33 df 48 c1 eb 14 48 83 fb 00 0f
0x00007e003eabb6b0:   85 9c 48 00 00 41 0f be 7f 38 83 ff 00 0f 85 a6
0x00007e003eabb6c0:   48 00 00 4d 8b d0 44 89 56 0c 48 8b fe 49 33 f8
0x00007e003eabb6d0:   48 c1 ef 14 48 83 ff 00 0f 85 a6 48 00 00 49 3b
0x00007e003eabb6e0:   01 49 8b f9 48 bb b0 64 db 98 fe 7d 00 00 48 83
0x00007e003eabb6f0:   83 a0 01 00 00 01 41 8b 79 60 48 89 bc 24 e0 00
0x00007e003eabb700:   00 00 bb 00 00 00 00 48 b8 00 00 00 00 00 00 00
0x00007e003eabb710:   00 49 bb 00 00 00 00 00 00 00 00 49 bd 00 00 00
0x00007e003eabb720:   00 00 00 00 00 48 89 84 24 d0 00 00 00 4c 89 9c
0x00007e003eabb730:   24 f0 00 00 00 4c 89 ac 24 c0 00 00 00 66 66 90
0x00007e003eabb740:   45 8b 70 14 45 8b 6e 0c 41 3b dd 49 bd b0 64 db
0x00007e003eabb750:   98 fe 7d 00 00 48 c7 c6 c0 01 00 00 0f 8d 07 00
0x00007e003eabb760:   00 00 48 c7 c6 d0 01 00 00 49 8b 44 35 00 48 8d
0x00007e003eabb770:   40 01 49 89 44 35 00 0f 8d b1 2d 00 00 48 63 f3
0x00007e003eabb780:   41 8b 44 b6 10 48 89 84 24 e8 00 00 00 48 be b0
0x00007e003eabb790:   64 db 98 fe 7d 00 00 48 83 86 e0 01 00 00 01 48
0x00007e003eabb7a0:   be 90 d4 da 98 fe 7d 00 00 44 8b ae f4 00 00 00
0x00007e003eabb7b0:   41 83 c5 02 44 89 ae f4 00 00 00 41 81 e5 fe ff
0x00007e003eabb7c0:   1f 00 41 83 fd 00 0f 84 df 47 00 00 8b 70 10 8b
0x00007e003eabb7d0:   76 10 44 8b af e8 04 00 00 49 3b f5 49 bd 90 d4
0x00007e003eabb7e0:   da 98 fe 7d 00 00 49 c7 c6 38 01 00 00 0f 85 07
0x00007e003eabb7f0:   00 00 00 49 c7 c6 48 01 00 00 48 89 b4 24 d8 00
0x00007e003eabb800:   00 00 4b 8b 74 35 00 48 8d 76 01 4b 89 74 35 00
0x00007e003eabb810:   0f 85 1a 00 00 00 48 be 90 d4 da 98 fe 7d 00 00
0x00007e003eabb820:   ff 86 58 01 00 00 be 01 00 00 00 e9 05 00 00 00
0x00007e003eabb830:   be 00 00 00 00 83 e6 01 83 fe 00 48 be b0 64 db 


Stack slot to memory mapping:
stack at sp + 0 slots: 0x00000000f083a7d0 is an oop: com.android.tools.r8.dex.A 
{0x00000000f083a7d0} - klass: 'com/android/tools/r8/dex/A'
 - ---- fields (total size 6 words):
 - public final 'a' 'Lcom/android/tools/r8/graph/p0;' @12  
[error occurred during error reporting (inspecting top of stack), id 0xb, SIGSEGV (0xb) at pc=0x00007e005b4dc56a]


Compiled method (c1) 2091448 16936       3       com.android.tools.r8.dex.A::<init> (880 bytes)
 total in heap  [0x00007e003eabab90,0x00007e003eac2bd8] = 32840
 relocation     [0x00007e003eabacf0,0x00007e003eabb3c8] = 1752
 main code      [0x00007e003eabb3e0,0x00007e003eac0c60] = 22656
 stub code      [0x00007e003eac0c60,0x00007e003eac0f80] = 800
 oops           [0x00007e003eac0f80,0x00007e003eac0f88] = 8
 metadata       [0x00007e003eac0f88,0x00007e003eac10e8] = 352
 scopes data    [0x00007e003eac10e8,0x00007e003eac1e50] = 3432
 scopes pcs     [0x00007e003eac1e50,0x00007e003eac2a10] = 3008
 dependencies   [0x00007e003eac2a10,0x00007e003eac2a40] = 48
 nul chk table  [0x00007e003eac2a40,0x00007e003eac2bd8] = 408

[Constant Pool (empty)]

[MachCode]
[Entry Point]
  # {method} {0x00007dfe98c40ad0} '<init>' '(Lcom/android/tools/r8/graph/E2;Lcom/android/tools/r8/origin/Origin;Lcom/android/tools/r8/graph/p0;Lcom/android/tools/r8/utils/A1;)V' in 'com/android/tools/r8/dex/A'
  # this:     rsi:rsi   = 'com/android/tools/r8/dex/A'
  # parm0:    rdx:rdx   = 'com/android/tools/r8/graph/E2'
  # parm1:    rcx:rcx   = 'com/android/tools/r8/origin/Origin'
  # parm2:    r8:r8     = 'com/android/tools/r8/graph/p0'
  # parm3:    r9:r9     = 'com/android/tools/r8/utils/A1'
  #           [sp+0x1e0]  (sp of caller)
  0x00007e003eabb3e0: 448b 5608 | 49bb 0000 | 000b 007e | 0000 4d03 | d34c 3bd0 

  0x00007e003eabb3f4: ;   {runtime_call ic_miss_stub}
  0x00007e003eabb3f4: 0f85 86c9 | cc05 660f | 1f44 0000 
[Verified Entry Point]
  0x00007e003eabb400: 8984 2400 | c0fe ff55 | 4881 ecd0 | 0100 0048 | 89b4 24c8 | 0000 0048 | 8994 2408 | 0100 0048 
  0x00007e003eabb420: 898c 2418 | 0100 004c | 8984 2400 | 0100 004c | 898c 2410 

  0x00007e003eabb434: ;   {metadata(method data for {method} {0x00007dfe98c40ad0} '<init>' '(Lcom/android/tools/r8/graph/E2;Lcom/android/tools/r8/origin/Origin;Lcom/android/tools/r8/graph/p0;Lcom/android/tools/r8/utils/A1;)V' in 'com/android/tools/r8/dex/A')}
  0x00007e003eabb434: 0100 0048 | bfb0 64db | 98fe 7d00 | 008b 9ff4 | 0000 0083 | c302 899f | f400 0000 | 81e3 fe07 
  0x00007e003eabb454: 0000 83fb | 000f 8427 | 4900 0048 

  0x00007e003eabb460: ;   {metadata(method data for {method} {0x00007dfe98c40ad0} '<init>' '(Lcom/android/tools/r8/graph/E2;Lcom/android/tools/r8/origin/Origin;Lcom/android/tools/r8/graph/p0;Lcom/android/tools/r8/utils/A1;)V' in 'com/android/tools/r8/dex/A')}
  0x00007e003eabb460: 8bfe 48bb | b064 db98 | fe7d 0000 | 4883 8338 | 0100 0001 

  0x00007e003eabb474: ;   {metadata(method data for {method} {0x00007e000b444398} '<init>' '()V' in 'java/lang/Object')}
  0x00007e003eabb474: 48bf d8ba | 0007 007e | 0000 8b9f | f400 0000 | 83c3 0289 | 9ff4 0000 | 0081 e3fe | ff1f 0083 
  0x00007e003eabb494: fb00 0f84 | 0b49 0000 | 410f be7f | 3883 ff00 | 0f85 1e49 | 0000 c746 | 1000 0000 | 0041 0fbe 
  0x00007e003eabb4b4: 7f38 83ff | 000f 8524 | 4900 00c7 | 4614 0000 | 0000 410f | be7f 3883 | ff00 0f85 | 2a49 0000 
  0x00007e003eabb4d4: c746 1800 

  0x00007e003eabb4d8: ;   {metadata(method data for {method} {0x00007dfe98c40ad0} '<init>' '(Lcom/android/tools/r8/graph/E2;Lcom/android/tools/r8/origin/Origin;Lcom/android/tools/r8/graph/p0;Lcom/android/tools/r8/utils/A1;)V' in 'com/android/tools/r8/dex/A')}
  0x00007e003eabb4d8: 0000 0048 | bfb0 64db | 98fe 7d00 | 0048 8387 | 4801 0000 

  0x00007e003eabb4ec: ;   {metadata(method data for {method} {0x00007dfe98b44660} 'f' '()Lcom/android/tools/r8/graph/x3$b;' in 'com/android/tools/r8/graph/x3$b')}
  0x00007e003eabb4ec: 0148 bff8 | c8db 98fe | 7d00 008b | 9ff4 0000 | 0083 c302 | 899f f400 | 0000 81e3 | feff 1f00 
  0x00007e003eabb50c: 83fb 000f | 8404 4900 | 0041 0fbe | 7f38 83ff | 000f 8517 

  0x00007e003eabb520: ;   {oop(a 'com/android/tools/r8/graph/x3$b'{0x00000000e684b300})}
  0x00007e003eabb520: 4900 0049 | ba00 b384 | e600 0000 | 0044 8956 

  0x00007e003eabb530: ;   {oop(a 'com/android/tools/r8/graph/x3$b'{0x00000000e684b300})}
  0x00007e003eabb530: 1c48 bf00 | b384 e600 | 0000 0048 | 8bde 4833 | df48 c1eb | 1448 83fb | 000f 8506 

  0x00007e003eabb54c: ;   {metadata(method data for {method} {0x00007dfe98c40ad0} '<init>' '(Lcom/android/tools/r8/graph/E2;Lcom/android/tools/r8/origin/Origin;Lcom/android/tools/r8/graph/p0;Lcom/android/tools/r8/utils/A1;)V' in 'com/android/tools/r8/dex/A')}
  0x00007e003eabb54c: 4900 0048 | bfb0 64db | 98fe 7d00 | 0048 8387 | 5801 0000 

  0x00007e003eabb560: ;   {metadata(method data for {method} {0x00007e000b387748} 'emptyList' '()Ljava/util/List;' in 'java/util/Collections')}
  0x00007e003eabb560: 0148 bfe8 | 3420 0700 | 7e00 008b | 9ff4 0000 | 0083 c302 | 899f f400 | 0000 81e3 | feff 1f00 
  0x00007e003eabb580: 83fb 000f | 84e4 4800 

  0x00007e003eabb588: ;   {oop(a 'java/util/Collections$EmptyList'{0x00000000e0872c28})}
  0x00007e003eabb588: 0048 bf28 | 2c87 e000 | 0000 0041 | 0fbe 7f38 | 83ff 000f | 85ed 4800 

  0x00007e003eabb5a0: ;   {oop(a 'java/util/Collections$EmptyList'{0x00000000e0872c28})}
  0x00007e003eabb5a0: 0049 ba28 | 2c87 e000 | 0000 0044 

  0x00007e003eabb5ac: ;   {oop(a 'java/util/Collections$EmptyList'{0x00000000e0872c28})}
  0x00007e003eabb5ac: 8956 2448 | bf28 2c87 | e000 0000 | 0048 8bde | 4833 df48 | c1eb 1448 | 83fb 000f | 85dc 4800 
  0x00007e003eabb5cc: ;   {metadata(method data for {method} {0x00007dfe98c40ad0} '<init>' '(Lcom/android/tools/r8/graph/E2;Lcom/android/tools/r8/origin/Origin;Lcom/android/tools/r8/graph/p0;Lcom/android/tools/r8/utils/A1;)V' in 'com/android/tools/r8/dex/A')}
  0x00007e003eabb5cc: 0048 bfb0 | 64db 98fe | 7d00 0048 | 8387 6801 

  0x00007e003eabb5dc: ;   {metadata(method data for {method} {0x00007e000b387748} 'emptyList' '()Ljava/util/List;' in 'java/util/Collections')}
  0x00007e003eabb5dc: 0000 0148 | bfe8 3420 | 0700 7e00 | 008b 9ff4 | 0000 0083 | c302 899f | f400 0000 | 81e3 feff 
  0x00007e003eabb5fc: 1f00 83fb | 000f 84ba | 4800 0041 | 0fbe 7f38 | 83ff 000f | 85cd 4800 

  0x00007e003eabb614: ;   {oop(a 'java/util/Collections$EmptyList'{0x00000000e0872c28})}
  0x00007e003eabb614: 0049 ba28 | 2c87 e000 | 0000 0044 

  0x00007e003eabb620: ;   {oop(a 'java/util/Collections$EmptyList'{0x00000000e0872c28})}
  0x00007e003eabb620: 8956 2848 | bf28 2c87 | e000 0000 | 0048 8bde | 4833 df48 | c1eb 1448 | 83fb 000f | 85bc 4800 
  0x00007e003eabb640: ;   {metadata(method data for {method} {0x00007dfe98c40ad0} '<init>' '(Lcom/android/tools/r8/graph/E2;Lcom/android/tools/r8/origin/Origin;Lcom/android/tools/r8/graph/p0;Lcom/android/tools/r8/utils/A1;)V' in 'com/android/tools/r8/dex/A')}
  0x00007e003eabb640: 0048 bfb0 | 64db 98fe | 7d00 0048 | 8387 7801 

  0x00007e003eabb650: ;   {metadata(method data for {method} {0x00007e000b387748} 'emptyList' '()Ljava/util/List;' in 'java/util/Collections')}
  0x00007e003eabb650: 0000 0148 | bfe8 3420 | 0700 7e00 | 008b 9ff4 | 0000 0083 | c302 899f | f400 0000 | 81e3 feff 
  0x00007e003eabb670: 1f00 83fb | 000f 849a | 4800 0041 | 0fbe 7f38 | 83ff 000f | 85ad 4800 

  0x00007e003eabb688: ;   {oop(a 'java/util/Collections$EmptyList'{0x00000000e0872c28})}
  0x00007e003eabb688: 0049 ba28 | 2c87 e000 | 0000 0044 

  0x00007e003eabb694: ;   {oop(a 'java/util/Collections$EmptyList'{0x00000000e0872c28})}
  0x00007e003eabb694: 8956 2c48 | bf28 2c87 | e000 0000 | 0048 8bde | 4833 df48 | c1eb 1448 | 83fb 000f | 859c 4800 
  0x00007e003eabb6b4: 0041 0fbe | 7f38 83ff | 000f 85a6 | 4800 004d | 8bd0 4489 | 560c 488b | fe49 33f8 | 48c1 ef14 
  0x00007e003eabb6d4: 4883 ff00 | 0f85 a648 | 0000 493b | 0149 8bf9 

  0x00007e003eabb6e4: ;   {metadata(method data for {method} {0x00007dfe98c40ad0} '<init>' '(Lcom/android/tools/r8/graph/E2;Lcom/android/tools/r8/origin/Origin;Lcom/android/tools/r8/graph/p0;Lcom/android/tools/r8/utils/A1;)V' in 'com/android/tools/r8/dex/A')}
  0x00007e003eabb6e4: 48bb b064 | db98 fe7d | 0000 4883 | 83a0 0100 | 0001 418b | 7960 4889 | bc24 e000 | 0000 bb00 
  0x00007e003eabb704: ;   {oop(NULL)}
  0x00007e003eabb704: 0000 0048 | b800 0000 | 0000 0000 

  0x00007e003eabb710: ;   {oop(NULL)}
  0x00007e003eabb710: 0049 bb00 | 0000 0000 

  0x00007e003eabb718: ;   {oop(NULL)}
  0x00007e003eabb718: 0000 0049 | bd00 0000 | 0000 0000 | 0048 8984 | 24d0 0000 | 004c 899c | 24f0 0000 | 004c 89ac 
  0x00007e003eabb738: 24c0 0000 | 0066 6690 

  0x00007e003eabb740: ; implicit exception: dispatches to 0x00007e003eabffa1
  0x00007e003eabb740: 458b 7014 

  0x00007e003eabb744: ; implicit exception: dispatches to 0x00007e003eabffa6
  0x00007e003eabb744: 458b 6e0c 

  0x00007e003eabb748: ;   {metadata(method data for {method} {0x00007dfe98c40ad0} '<init>' '(Lcom/android/tools/r8/graph/E2;Lcom/android/tools/r8/origin/Origin;Lcom/android/tools/r8/graph/p0;Lcom/android/tools/r8/utils/A1;)V' in 'com/android/tools/r8/dex/A')}
  0x00007e003eabb748: 413b dd49 | bdb0 64db | 98fe 7d00 | 0048 c7c6 | c001 0000 | 0f8d 0700 | 0000 48c7 | c6d0 0100 
  0x00007e003eabb768: 0049 8b44 | 3500 488d | 4001 4989 | 4435 000f | 8db1 2d00 | 0048 63f3 | 418b 44b6 | 1048 8984 
  0x00007e003eabb788: 24e8 0000 

  0x00007e003eabb78c: ;   {metadata(method data for {method} {0x00007dfe98c40ad0} '<init>' '(Lcom/android/tools/r8/graph/E2;Lcom/android/tools/r8/origin/Origin;Lcom/android/tools/r8/graph/p0;Lcom/android/tools/r8/utils/A1;)V' in 'com/android/tools/r8/dex/A')}
  0x00007e003eabb78c: 0048 beb0 | 64db 98fe | 7d00 0048 | 8386 e001 

  0x00007e003eabb79c: ;   {metadata(method data for {method} {0x00007dfe98bf10d8} 'h' '(Lcom/android/tools/r8/graph/m0;Lcom/android/tools/r8/graph/y1;)Z' in 'com/android/tools/r8/graph/m0')}
  0x00007e003eabb79c: 0000 0148 | be90 d4da | 98fe 7d00 | 0044 8bae | f400 0000 | 4183 c502 | 4489 aef4 | 0000 0041 
  0x00007e003eabb7bc: 81e5 feff | 1f00 4183 | fd00 0f84 | df47 0000 

  0x00007e003eabb7cc: ; implicit exception: dispatches to 0x00007e003eabffcc
  0x00007e003eabb7cc: 8b70 108b | 7610 448b | afe8 0400 | 0049 3bf5 

  0x00007e003eabb7dc: ;   {metadata(method data for {method} {0x00007dfe98bf10d8} 'h' '(Lcom/android/tools/r8/graph/m0;Lcom/android/tools/r8/graph/y1;)Z' in 'com/android/tools/r8/graph/m0')}
  0x00007e003eabb7dc: 49bd 90d4 | da98 fe7d | 0000 49c7 | c638 0100 | 000f 8507 | 0000 0049 | c7c6 4801 | 0000 4889 
  0x00007e003eabb7fc: b424 d800 | 0000 4b8b | 7435 0048 | 8d76 014b | 8974 3500 | 0f85 1a00 

  0x00007e003eabb814: ;   {metadata(method data for {method} {0x00007dfe98bf10d8} 'h' '(Lcom/android/tools/r8/graph/m0;Lcom/android/tools/r8/graph/y1;)Z' in 'com/android/tools/r8/graph/m0')}
  0x00007e003eabb814: 0000 48be | 90d4 da98 | fe7d 0000 | ff86 5801 | 0000 be01 | 0000 00e9 | 0500 0000 | be00 0000 
  0x00007e003eabb834: 0083 e601 

  0x00007e003eabb838: ;   {metadata(method data for {method} {0x00007dfe98c40ad0} '<init>' '(Lcom/android/tools/r8/graph/E2;Lcom/android/tools/r8/origin/Origin;Lcom/android/tools/r8/graph/p0;Lcom/android/tools/r8/utils/A1;)V' in 'com/android/tools/r8/dex/A')}
  0x00007e003eabb838: 83fe 0048 | beb0 64db | 98fe 7d00 | 0049 c7c5 | f001 0000 | 0f84 0700 | 0000 49c7 | c500 0200 
  0x00007e003eabb858: 004e 8b34 | 2e4d 8d76 | 014e 8934 | 2e0f 84ba | 0200 0048 | 8bb4 24c8 | 0000 004c 

  0x00007e003eabb874: ;   {metadata(method data for {method} {0x00007dfe98c40ad0} '<init>' '(Lcom/android/tools/r8/graph/E2;Lcom/android/tools/r8/origin/Origin;Lcom/android/tools/r8/graph/p0;Lcom/android/tools/r8/utils/A1;)V' in 'com/android/tools/r8/dex/A')}
  0x00007e003eabb874: 8bf6 48bf | b064 db98 | fe7d 0000 | 4883 8710 | 0200 0001 | 488b d348 | 8bc6 488b | f089 9c24 
  0x00007e003eabb894: f800 0000 | 0f1f 8000 

  0x00007e003eabb89c: ;   {optimized virtual_call}
  0x00007e003eabb89c: 0000 00e8 

  0x00007e003eabb8a0: ; ImmutableOopMap {[200]=Oop [264]=Oop [280]=Oop [272]=Oop [256]=Oop [240]=Oop [208]=Oop [232]=Oop [224]=Oop }
                      ;*invokevirtual a {reexecute=0 rethrow=0 return_oop=0}
                      ; - com.android.tools.r8.dex.A::<init>@109 (line 40)
  0x00007e003eabb8a0: 3c5b b8ff 

  0x00007e003eabb8a4: ;   {metadata(method data for {method} {0x00007dfe98c40ad0} '<init>' '(Lcom/android/tools/r8/graph/E2;Lcom/android/tools/r8/origin/Origin;Lcom/android/tools/r8/graph/p0;Lcom/android/tools/r8/utils/A1;)V' in 'com/android/tools/r8/dex/A')}
  0x00007e003eabb8a4: 48be b064 | db98 fe7d | 0000 4883 | 8648 0200 

  0x00007e003eabb8b4: ;   {metadata(method data for {method} {0x00007dfe98bf0f60} 'a' '(Lcom/android/tools/r8/graph/m0;Lcom/android/tools/r8/graph/y1;)Lcom/android/tools/r8/graph/E2;' in 'com/android/tools/r8/graph/m0')}
  0x00007e003eabb8b4: 0001 48be | c0af e098 | fe7d 0000 | 8b96 f400 | 0000 83c2 | 0289 96f4 | 0000 0081 | e2fe ff1f 
  0x00007e003eabb8d4: 0083 fa00 | 0f84 fd46 | 0000 488b | bc24 e000 | 0000 8bb7 | e804 0000 

  0x00007e003eabb8ec: ;   {metadata(method data for {method} {0x00007dfe98bf0f60} 'a' '(Lcom/android/tools/r8/graph/m0;Lcom/android/tools/r8/graph/y1;)Lcom/android/tools/r8/graph/E2;' in 'com/android/tools/r8/graph/m0')}
  0x00007e003eabb8ec: 48ba c0af | e098 fe7d | 0000 4883 | 8238 0100 | 0001 488b | 9424 e800 

  0x00007e003eabb904: ;   {static_call}
  0x00007e003eabb904: 0000 90e8 

  0x00007e003eabb908: ; ImmutableOopMap {[200]=Oop [264]=Oop [280]=Oop [272]=Oop [256]=Oop [240]=Oop [208]=Oop [224]=Oop }
                      ;*invokestatic a {reexecute=0 rethrow=0 return_oop=0}
                      ; - com.android.tools.r8.graph.m0::a@5 (line 17)
                      ; - com.android.tools.r8.dex.A::<init>@114 (line 41)
  0x00007e003eabb908: b439 bdff | 4883 f800 

  0x00007e003eabb910: ;   {metadata(method data for {method} {0x00007dfe98bf0f60} 'a' '(Lcom/android/tools/r8/graph/m0;Lcom/android/tools/r8/graph/y1;)Lcom/android/tools/r8/graph/E2;' in 'com/android/tools/r8/graph/m0')}
  0x00007e003eabb910: 48be c0af | e098 fe7d | 0000 48c7 | c748 0100 | 000f 8507 | 0000 0048 | c7c7 5801 | 0000 488b 
  0x00007e003eabb930: 1c3e 488d | 5b01 4889 | 1c3e 0f85 | 0f00 0000 

  0x00007e003eabb940: ;   {oop(NULL)}
  0x00007e003eabb940: 48be 0000 | 0000 0000 | 0000 e9a9 | 0100 0048 | 3b00 488b 

  0x00007e003eabb954: ;   {metadata(method data for {method} {0x00007dfe98bf0f60} 'a' '(Lcom/android/tools/r8/graph/m0;Lcom/android/tools/r8/graph/y1;)Lcom/android/tools/r8/graph/E2;' in 'com/android/tools/r8/graph/m0')}
  0x00007e003eabb954: f048 bfc0 | afe0 98fe | 7d00 008b | 7608 49ba | 0000 000b | 007e 0000 | 4903 f248 | 3bb7 7801 
  0x00007e003eabb974: 0000 750d | 4883 8780 | 0100 0001 | e966 0000 | 0048 3bb7 | 8801 0000 | 750d 4883 | 8790 0100 
  0x00007e003eabb994: 0001 e950 | 0000 0048 | 81bf 7801 | 0000 0000 | 0000 7517 | 4889 b778 | 0100 0048 | c787 8001 
  0x00007e003eabb9b4: 0000 0100 | 0000 e92c | 0000 0048 | 81bf 8801 | 0000 0000 | 0000 7517 | 4889 b788 | 0100 0048 
  0x00007e003eabb9d4: c787 9001 | 0000 0100 | 0000 e908 | 0000 0048 | 8387 6801 | 0000 0148 | 8bf0 0f1f | 8000 0000 
  0x00007e003eabb9f4: 0048 b8c0 | 2fc6 0c00 

  0x00007e003eabb9fc: ;   {virtual_call}
  0x00007e003eabb9fc: 7e00 00e8 

  0x00007e003eabba00: ; ImmutableOopMap {[200]=Oop [264]=Oop [280]=Oop [272]=Oop [256]=Oop [240]=Oop [208]=Oop [224]=Oop }
                      ;*invokevirtual H0 {reexecute=0 rethrow=0 return_oop=0}
                      ; - com.android.tools.r8.graph.m0::a@16 (line 21)
                      ; - com.android.tools.r8.dex.A::<init>@114 (line 41)
  0x00007e003eabba00: 7cf5 a606 

  0x00007e003eabba04: ; implicit exception: dispatches to 0x00007e003eac0001
  0x00007e003eabba04: 8b50 0c48 | 83fa 0075 

  0x00007e003eabba0c: ;   {metadata(method data for {method} {0x00007dfe98bf0f60} 'a' '(Lcom/android/tools/r8/graph/m0;Lcom/android/tools/r8/graph/y1;)Lcom/android/tools/r8/graph/E2;' in 'com/android/tools/r8/graph/m0')}
  0x00007e003eabba0c: 1648 bfc0 | afe0 98fe | 7d00 0080 | 8f99 0100 | 0001 e9d2 

  0x00007e003eabba20: ;   {metadata('com/android/tools/r8/graph/E2')}
  0x00007e003eabba20: 0000 0048 | bbd8 f8c0 | 0c00 7e00 | 008b 7208 | 49ba 0000 | 000b 007e | 0000 4903 | f248 3bde 
  0x00007e003eabba40: 0f85 9300 

  0x00007e003eabba44: ;   {metadata(method data for {method} {0x00007dfe98bf0f60} 'a' '(Lcom/android/tools/r8/graph/m0;Lcom/android/tools/r8/graph/y1;)Lcom/android/tools/r8/graph/E2;' in 'com/android/tools/r8/graph/m0')}
  0x00007e003eabba44: 0000 48bf | c0af e098 | fe7d 0000 | 8b5a 0849 | ba00 0000 | 0b00 7e00 | 0049 03da | 483b 9fb0 
  0x00007e003eabba64: 0100 0075 | 0d48 8387 | b801 0000 | 01e9 7f00 | 0000 483b | 9fc0 0100 | 0075 0d48 | 8387 c801 
  0x00007e003eabba84: 0000 01e9 | 6900 0000 | 4881 bfb0 | 0100 0000 | 0000 0075 | 1748 899f | b001 0000 | 48c7 87b8 
  0x00007e003eabbaa4: 0100 0001 | 0000 00e9 | 4500 0000 | 4881 bfc0 | 0100 0000 | 0000 0075 | 1748 899f | c001 0000 
  0x00007e003eabbac4: 48c7 87c8 | 0100 0001 | 0000 00e9 | 2100 0000 | e91c 0000 

  0x00007e003eabbad8: ;   {metadata(method data for {method} {0x00007dfe98bf0f60} 'a' '(Lcom/android/tools/r8/graph/m0;Lcom/android/tools/r8/graph/y1;)Lcom/android/tools/r8/graph/E2;' in 'com/android/tools/r8/graph/m0')}
  0x00007e003eabbad8: 0048 bfc0 | afe0 98fe | 7d00 0048 | 83af a001 | 0000 01e9 | 1645 0000 | e900 0000 | 0048 8bf2 
  0x00007e003eabbaf8: ;   {metadata(method data for {method} {0x00007dfe98c40ad0} '<init>' '(Lcom/android/tools/r8/graph/E2;Lcom/android/tools/r8/origin/Origin;Lcom/android/tools/r8/graph/p0;Lcom/android/tools/r8/utils/A1;)V' in 'com/android/tools/r8/dex/A')}
  0x00007e003eabbaf8: 48ba b064 | db98 fe7d | 0000 ff82 | 5802 0000 | 488b 8424 | d000 0000 | 4c8b 9c24 | f000 0000 
  0x00007e003eabbb18: 488b 9c24 | c800 0000 | e98b 2900 | 0048 8bb4 | 24d8 0000 | 0089 9c24 | f800 0000 

  0x00007e003eabbb34: ;   {metadata(method data for {method} {0x00007dfe98c40ad0} '<init>' '(Lcom/android/tools/r8/graph/E2;Lcom/android/tools/r8/origin/Origin;Lcom/android/tools/r8/graph/p0;Lcom/android/tools/r8/utils/A1;)V' in 'com/android/tools/r8/dex/A')}
  0x00007e003eabbb34: 48ba b064 | db98 fe7d | 0000 4883 | 8270 0200 

  0x00007e003eabbb44: ;   {metadata(method data for {method} {0x00007dfe98bf1188} 'i' '(Lcom/android/tools/r8/graph/m0;Lcom/android/tools/r8/graph/y1;)Z' in 'com/android/tools/r8/graph/m0')}
  0x00007e003eabbb44: 0001 48ba | 081d db98 | fe7d 0000 | 8b9a f400 | 0000 83c3 | 0289 9af4 | 0000 0081 | e3fe ff1f 
  0x00007e003eabbb64: 0083 fb00 | 0f84 a144 | 0000 8b97 | ec04 0000 

  0x00007e003eabbb74: ;   {metadata(method data for {method} {0x00007dfe98bf1188} 'i' '(Lcom/android/tools/r8/graph/m0;Lcom/android/tools/r8/graph/y1;)Z' in 'com/android/tools/r8/graph/m0')}
  0x00007e003eabbb74: 483b f248 | ba08 1ddb | 98fe 7d00 | 0048 c7c3 | 3801 0000 | 0f85 0700 | 0000 48c7 | c348 0100 
  0x00007e003eabbb94: 0048 8b04 | 1a48 8d40 | 0148 8904 | 1a0f 851a 

  0x00007e003eabbba4: ;   {metadata(method data for {method} {0x00007dfe98bf1188} 'i' '(Lcom/android/tools/r8/graph/m0;Lcom/android/tools/r8/graph/y1;)Z' in 'com/android/tools/r8/graph/m0')}
  0x00007e003eabbba4: 0000 0048 | ba08 1ddb | 98fe 7d00 | 00ff 8258 | 0100 00ba | 0100 0000 | e905 0000 | 00ba 0000 
  0x00007e003eabbbc4: 0000 83e2 | 0183 fa00 

  0x00007e003eabbbcc: ;   {metadata(method data for {method} {0x00007dfe98c40ad0} '<init>' '(Lcom/android/tools/r8/graph/E2;Lcom/android/tools/r8/origin/Origin;Lcom/android/tools/r8/graph/p0;Lcom/android/tools/r8/utils/A1;)V' in 'com/android/tools/r8/dex/A')}
  0x00007e003eabbbcc: 48ba b064 | db98 fe7d | 0000 48c7 | c380 0200 | 000f 8407 | 0000 0048 | c7c3 9002 | 0000 488b 
  0x00007e003eabbbec: 041a 488d | 4001 4889 | 041a 0f84 | b402 0000 | 488b b424 | c800 0000 

  0x00007e003eabbc04: ;   {metadata(method data for {method} {0x00007dfe98c40ad0} '<init>' '(Lcom/android/tools/r8/graph/E2;Lcom/android/tools/r8/origin/Origin;Lcom/android/tools/r8/graph/p0;Lcom/android/tools/r8/utils/A1;)V' in 'com/android/tools/r8/dex/A')}
  0x00007e003eabbc04: 48ba b064 | db98 fe7d | 0000 4883 | 82a0 0200 | 0001 8b94 | 24f8 0000 | 0048 8bb4 | 24c8 0000 
  0x00007e003eabbc24: ;   {optimized virtual_call}
  0x00007e003eabbc24: 0066 90e8 

  0x00007e003eabbc28: ; ImmutableOopMap {[200]=Oop [264]=Oop [280]=Oop [272]=Oop [256]=Oop [232]=Oop [208]=Oop [192]=Oop [224]=Oop }
                      ;*invokevirtual a {reexecute=0 rethrow=0 return_oop=0}
                      ; - com.android.tools.r8.dex.A::<init>@137 (line 43)
  0x00007e003eabbc28: b457 b8ff 

  0x00007e003eabbc2c: ;   {metadata(method data for {method} {0x00007dfe98c40ad0} '<init>' '(Lcom/android/tools/r8/graph/E2;Lcom/android/tools/r8/origin/Origin;Lcom/android/tools/r8/graph/p0;Lcom/android/tools/r8/utils/A1;)V' in 'com/android/tools/r8/dex/A')}
  0x00007e003eabbc2c: 48be b064 | db98 fe7d | 0000 4883 | 86d8 0200 

  0x00007e003eabbc3c: ;   {metadata(method data for {method} {0x00007dfe98bf1020} 'b' '(Lcom/android/tools/r8/graph/m0;Lcom/android/tools/r8/graph/y1;)Lcom/android/tools/r8/graph/s2;' in 'com/android/tools/r8/graph/m0')}
  0x00007e003eabbc3c: 0001 48be | 282f e198 | fe7d 0000 | 8b96 f400 | 0000 83c2 | 0289 96f4 | 0000 0081 | e2fe ff1f 
  0x00007e003eabbc5c: 0083 fa00 | 0f84 ca43 | 0000 488b | bc24 e000 | 0000 8bb7 | ec04 0000 

  0x00007e003eabbc74: ;   {metadata(method data for {method} {0x00007dfe98bf1020} 'b' '(Lcom/android/tools/r8/graph/m0;Lcom/android/tools/r8/graph/y1;)Lcom/android/tools/r8/graph/s2;' in 'com/android/tools/r8/graph/m0')}
  0x00007e003eabbc74: 48ba 282f | e198 fe7d | 0000 4883 | 8238 0100 | 0001 488b | 9424 e800 

  0x00007e003eabbc8c: ;   {static_call}
  0x00007e003eabbc8c: 0000 90e8 

  0x00007e003eabbc90: ; ImmutableOopMap {[200]=Oop [264]=Oop [280]=Oop [272]=Oop [256]=Oop [208]=Oop [192]=Oop [224]=Oop }
                      ;*invokestatic a {reexecute=0 rethrow=0 return_oop=0}
                      ; - com.android.tools.r8.graph.m0::b@5 (line 2)
                      ; - com.android.tools.r8.dex.A::<init>@142 (line 44)
  0x00007e003eabbc90: 2c36 bdff | 4883 f800 

  0x00007e003eabbc98: ;   {metadata(method data for {method} {0x00007dfe98bf1020} 'b' '(Lcom/android/tools/r8/graph/m0;Lcom/android/tools/r8/graph/y1;)Lcom/android/tools/r8/graph/s2;' in 'com/android/tools/r8/graph/m0')}
  0x00007e003eabbc98: 48be 282f | e198 fe7d | 0000 48c7 | c748 0100 | 000f 8507 | 0000 0048 | c7c7 5801 | 0000 488b 
  0x00007e003eabbcb8: 1c3e 488d | 5b01 4889 | 1c3e 0f85 | 0f00 0000 

  0x00007e003eabbcc8: ;   {oop(NULL)}
  0x00007e003eabbcc8: 48be 0000 | 0000 0000 | 0000 e9a9 | 0100 0048 | 3b00 488b 

  0x00007e003eabbcdc: ;   {metadata(method data for {method} {0x00007dfe98bf1020} 'b' '(Lcom/android/tools/r8/graph/m0;Lcom/android/tools/r8/graph/y1;)Lcom/android/tools/r8/graph/s2;' in 'com/android/tools/r8/graph/m0')}
  0x00007e003eabbcdc: f048 bf28 | 2fe1 98fe | 7d00 008b | 7608 49ba | 0000 000b | 007e 0000 | 4903 f248 | 3bb7 7801 
  0x00007e003eabbcfc: 0000 750d | 4883 8780 | 0100 0001 | e966 0000 | 0048 3bb7 | 8801 0000 | 750d 4883 | 8790 0100 
  0x00007e003eabbd1c: 0001 e950 | 0000 0048 | 81bf 7801 | 0000 0000 | 0000 7517 | 4889 b778 | 0100 0048 | c787 8001 
  0x00007e003eabbd3c: 0000 0100 | 0000 e92c | 0000 0048 | 81bf 8801 | 0000 0000 | 0000 7517 | 4889 b788 | 0100 0048 
  0x00007e003eabbd5c: c787 9001 | 0000 0100 | 0000 e908 | 0000 0048 | 8387 6801 | 0000 0148 | 8bf0 0f1f | 8000 0000 
  0x00007e003eabbd7c: 0048 b8a0 | 25c6 0c00 

  0x00007e003eabbd84: ;   {virtual_call}
  0x00007e003eabbd84: 7e00 00e8 

  0x00007e003eabbd88: ; ImmutableOopMap {[200]=Oop [264]=Oop [280]=Oop [272]=Oop [256]=Oop [208]=Oop [192]=Oop [224]=Oop }
                      ;*invokevirtual B0 {reexecute=0 rethrow=0 return_oop=0}
                      ; - com.android.tools.r8.graph.m0::b@16 (line 6)
                      ; - com.android.tools.r8.dex.A::<init>@142 (line 44)
  0x00007e003eabbd88: 1403 bdff 

  0x00007e003eabbd8c: ; implicit exception: dispatches to 0x00007e003eac0056
  0x00007e003eabbd8c: 8b50 0c48 | 83fa 0075 

  0x00007e003eabbd94: ;   {metadata(method data for {method} {0x00007dfe98bf1020} 'b' '(Lcom/android/tools/r8/graph/m0;Lcom/android/tools/r8/graph/y1;)Lcom/android/tools/r8/graph/s2;' in 'com/android/tools/r8/graph/m0')}
  0x00007e003eabbd94: 1648 bf28 | 2fe1 98fe | 7d00 0080 | 8f99 0100 | 0001 e9d2 

  0x00007e003eabbda8: ;   {metadata('com/android/tools/r8/graph/s2')}
  0x00007e003eabbda8: 0000 0048 | bb58 94c0 | 0c00 7e00 | 008b 7208 | 49ba 0000 | 000b 007e | 0000 4903 | f248 3bde 
  0x00007e003eabbdc8: 0f85 9300 

  0x00007e003eabbdcc: ;   {metadata(method data for {method} {0x00007dfe98bf1020} 'b' '(Lcom/android/tools/r8/graph/m0;Lcom/android/tools/r8/graph/y1;)Lcom/android/tools/r8/graph/s2;' in 'com/android/tools/r8/graph/m0')}
  0x00007e003eabbdcc: 0000 48bf | 282f e198 | fe7d 0000 | 8b5a 0849 | ba00 0000 | 0b00 7e00 | 0049 03da | 483b 9fb0 
  0x00007e003eabbdec: 0100 0075 | 0d48 8387 | b801 0000 | 01e9 7f00 | 0000 483b | 9fc0 0100 | 0075 0d48 | 8387 c801 
  0x00007e003eabbe0c: 0000 01e9 | 6900 0000 | 4881 bfb0 | 0100 0000 | 0000 0075 | 1748 899f | b001 0000 | 48c7 87b8 
  0x00007e003eabbe2c: 0100 0001 | 0000 00e9 | 4500 0000 | 4881 bfc0 | 0100 0000 | 0000 0075 | 1748 899f | c001 0000 
  0x00007e003eabbe4c: 48c7 87c8 | 0100 0001 | 0000 00e9 | 2100 0000 | e91c 0000 

  0x00007e003eabbe60: ;   {metadata(method data for {method} {0x00007dfe98bf1020} 'b' '(Lcom/android/tools/r8/graph/m0;Lcom/android/tools/r8/graph/y1;)Lcom/android/tools/r8/graph/s2;' in 'com/android/tools/r8/graph/m0')}
  0x00007e003eabbe60: 0048 bf28 | 2fe1 98fe | 7d00 0048 | 83af a001 | 0000 01e9 | e341 0000 | e900 0000 | 0048 8bf2 
  0x00007e003eabbe80: ;   {metadata(method data for {method} {0x00007dfe98c40ad0} '<init>' '(Lcom/android/tools/r8/graph/E2;Lcom/android/tools/r8/origin/Origin;Lcom/android/tools/r8/graph/p0;Lcom/android/tools/r8/utils/A1;)V' in 'com/android/tools/r8/dex/A')}
  0x00007e003eabbe80: 48ba b064 | db98 fe7d | 0000 ff82 | e802 0000 | 488b 8424 | d000 0000 | 4c8b de48 | 8bb4 24c0 
  0x00007e003eabbea0: 0000 0048 | 8b9c 24c8 | 0000 00e9 | 0026 0000 

  0x00007e003eabbeb0: ;   {metadata(method data for {method} {0x00007dfe98c40ad0} '<init>' '(Lcom/android/tools/r8/graph/E2;Lcom/android/tools/r8/origin/Origin;Lcom/android/tools/r8/graph/p0;Lcom/android/tools/r8/utils/A1;)V' in 'com/android/tools/r8/dex/A')}
  0x00007e003eabbeb0: 48ba b064 | db98 fe7d | 0000 4883 | 8200 0300 

  0x00007e003eabbec0: ;   {metadata(method data for {method} {0x00007dfe98bf1238} 'j' '(Lcom/android/tools/r8/graph/m0;Lcom/android/tools/r8/graph/y1;)Z' in 'com/android/tools/r8/graph/m0')}
  0x00007e003eabbec0: 0001 48ba | 5844 db98 | fe7d 0000 | 8b9a f400 | 0000 83c3 | 0289 9af4 | 0000 0081 | e3fe ff1f 
  0x00007e003eabbee0: 0083 fb00 | 0f84 7a41 | 0000 8b97 | f004 0000 

  0x00007e003eabbef0: ;   {metadata(method data for {method} {0x00007dfe98bf1238} 'j' '(Lcom/android/tools/r8/graph/m0;Lcom/android/tools/r8/graph/y1;)Z' in 'com/android/tools/r8/graph/m0')}
  0x00007e003eabbef0: 483b f248 | ba58 44db | 98fe 7d00 | 0048 c7c3 | 3801 0000 | 0f85 0700 | 0000 48c7 | c348 0100 
  0x00007e003eabbf10: 0048 8b04 | 1a48 8d40 | 0148 8904 | 1a0f 851a 

  0x00007e003eabbf20: ;   {metadata(method data for {method} {0x00007dfe98bf1238} 'j' '(Lcom/android/tools/r8/graph/m0;Lcom/android/tools/r8/graph/y1;)Z' in 'com/android/tools/r8/graph/m0')}
  0x00007e003eabbf20: 0000 0048 | ba58 44db | 98fe 7d00 | 00ff 8258 | 0100 00ba | 0100 0000 | e905 0000 | 00ba 0000 
  0x00007e003eabbf40: 0000 83e2 | 0183 fa00 

  0x00007e003eabbf48: ;   {metadata(method data for {method} {0x00007dfe98c40ad0} '<init>' '(Lcom/android/tools/r8/graph/E2;Lcom/android/tools/r8/origin/Origin;Lcom/android/tools/r8/graph/p0;Lcom/android/tools/r8/utils/A1;)V' in 'com/android/tools/r8/dex/A')}
  0x00007e003eabbf48: 48ba b064 | db98 fe7d | 0000 48c7 | c310 0300 | 000f 8407 | 0000 0048 | c7c3 2003 | 0000 488b 
  0x00007e003eabbf68: 041a 488d | 4001 4889 | 041a 0f84 | a607 0000 | 488b b424 | c800 0000 

  0x00007e003eabbf80: ;   {metadata(method data for {method} {0x00007dfe98c40ad0} '<init>' '(Lcom/android/tools/r8/graph/E2;Lcom/android/tools/r8/origin/Origin;Lcom/android/tools/r8/graph/p0;Lcom/android/tools/r8/utils/A1;)V' in 'com/android/tools/r8/dex/A')}
  0x00007e003eabbf80: 488b d648 | bbb0 64db | 98fe 7d00 | 0048 8383 | 3003 0000 | 018b 9424 | f800 0000 | 488b de48 
  0x00007e003eabbfa0: 8bf3 0f1f 

  0x00007e003eabbfa4: ;   {optimized virtual_call}
  0x00007e003eabbfa4: 4400 00e8 

  0x00007e003eabbfa8: ; ImmutableOopMap {[264]=Oop [280]=Oop [272]=Oop [256]=Oop [240]=Oop [232]=Oop [192]=Oop [208]=Oop [200]=Oop [224]=Oop }
                      ;*invokevirtual a {reexecute=0 rethrow=0 return_oop=0}
                      ; - com.android.tools.r8.dex.A::<init>@163 (line 46)
  0x00007e003eabbfa8: 3454 b8ff | 488b b424 | c800 0000 | 8b56 1448 

  0x00007e003eabbfb8: ;   {metadata(method data for {method} {0x00007dfe98c40ad0} '<init>' '(Lcom/android/tools/r8/graph/E2;Lcom/android/tools/r8/origin/Origin;Lcom/android/tools/r8/graph/p0;Lcom/android/tools/r8/utils/A1;)V' in 'com/android/tools/r8/dex/A')}
  0x00007e003eabbfb8: 83fa 0048 | bab0 64db | 98fe 7d00 | 0048 c7c7 | 6803 0000 | 0f85 0700 | 0000 48c7 | c778 0300 
  0x00007e003eabbfd8: 0048 8b04 | 3a48 8d40 | 0148 8904 | 3a0f 85ca | 0000 004c | 8b84 2400 

  0x00007e003eabbff0: ;   {metadata('java/util/ArrayList')}
  0x00007e003eabbff0: 0100 0048 | ba30 e100 | 0b00 7e00 | 0049 8b87 | 0801 0000 | 488d 7818 | 493b bf18 | 0100 000f 
  0x00007e003eabc010: 8770 4000 | 0049 89bf | 0801 0000 | 48c7 0001 | 0000 0048 | 8bca 49ba | 0000 000b | 007e 0000 
  0x00007e003eabc030: 492b ca89 | 4808 4833 | c989 480c | 4833 c948 | 8948 1041 | 8b50 148b | 520c 488b 

  0x00007e003eabc04c: ;   {metadata(method data for {method} {0x00007dfe98c40ad0} '<init>' '(Lcom/android/tools/r8/graph/E2;Lcom/android/tools/r8/origin/Origin;Lcom/android/tools/r8/graph/p0;Lcom/android/tools/r8/utils/A1;)V' in 'com/android/tools/r8/dex/A')}
  0x00007e003eabc04c: f048 bfb0 | 64db 98fe | 7d00 0048 | 8387 8803 | 0000 012b | 9424 f800 | 0000 488b | f048 8984 
  0x00007e003eabc06c: 2420 0100 | 0066 0f1f 

  0x00007e003eabc074: ;   {optimized virtual_call}
  0x00007e003eabc074: 4400 00e8 

  0x00007e003eabc078: ; ImmutableOopMap {[264]=Oop [280]=Oop [272]=Oop [240]=Oop [232]=Oop [192]=Oop [208]=Oop [224]=Oop [288]=Oop [200]=Oop [256]=Oop }
                      ;*invokespecial <init> {reexecute=0 rethrow=0 return_oop=0}
                      ; - com.android.tools.r8.dex.A::<init>@187 (line 48)
  0x00007e003eabc078: c445 3c06 | 410f be77 | 3883 fe00 | 488b b424 | c800 0000 | 0f85 0540 | 0000 488b | 8424 2001 
  0x00007e003eabc098: 0000 4c8b | d044 8956 | 1448 8bd6 | 4833 d048 | c1ea 1448 | 83fa 000f | 85fd 3f00 

  0x00007e003eabc0b4: ;   {metadata(method data for {method} {0x00007dfe98c40ad0} '<init>' '(Lcom/android/tools/r8/graph/E2;Lcom/android/tools/r8/origin/Origin;Lcom/android/tools/r8/graph/p0;Lcom/android/tools/r8/utils/A1;)V' in 'com/android/tools/r8/dex/A')}
  0x00007e003eabc0b4: 0048 bab0 | 64db 98fe | 7d00 0048 | 8382 9803 | 0000 0148 | 8bb4 24e8 | 0000 0048 | 8b94 24e0 
  0x00007e003eabc0d4: ;   {static_call}
  0x00007e003eabc0d4: 0000 00e8 

  0x00007e003eabc0d8: ; ImmutableOopMap {[264]=Oop [280]=Oop [272]=Oop [240]=Oop [192]=Oop [208]=Oop [224]=Oop [256]=Oop [200]=Oop }
                      ;*invokestatic c {reexecute=0 rethrow=0 return_oop=0}
                      ; - com.android.tools.r8.dex.A::<init>@200 (line 51)
  0x00007e003eabc0d8: 241b beff | 4c8b c048 | 8bb4 24c8 | 0000 008b | 5e14 4889 | 9c24 2801 

  0x00007e003eabc0f0: ;   {metadata('com/android/tools/r8/graph/U3')}
  0x00007e003eabc0f0: 0000 48ba | e8f0 c90c | 007e 0000 | 498b 8708 | 0100 0048 | 8d78 2049 | 3bbf 1801 | 0000 0f87 
  0x00007e003eabc110: b63f 0000 | 4989 bf08 | 0100 0048 | c700 0100 | 0000 488b | ca49 ba00 | 0000 0b00 | 7e00 0049 
  0x00007e003eabc130: 2bca 8948 | 0848 33c9 | 8948 0c48 | 33c9 4889 | 4810 4889 | 4818 493b | 0049 8bd0 

  0x00007e003eabc14c: ;   {metadata(method data for {method} {0x00007dfe98c40ad0} '<init>' '(Lcom/android/tools/r8/graph/E2;Lcom/android/tools/r8/origin/Origin;Lcom/android/tools/r8/graph/p0;Lcom/android/tools/r8/utils/A1;)V' in 'com/android/tools/r8/dex/A')}
  0x00007e003eabc14c: 48b9 b064 | db98 fe7d | 0000 4883 | 81c0 0300 | 0001 418b | 5010 4883 | fa00 7517 

  0x00007e003eabc168: ;   {metadata(method data for {method} {0x00007dfe98c40ad0} '<init>' '(Lcom/android/tools/r8/graph/E2;Lcom/android/tools/r8/origin/Origin;Lcom/android/tools/r8/graph/p0;Lcom/android/tools/r8/utils/A1;)V' in 'com/android/tools/r8/dex/A')}
  0x00007e003eabc168: 49b9 b064 | db98 fe7d | 0000 4180 | 89d9 0300 | 0001 e9d2 

  0x00007e003eabc17c: ;   {metadata('java/lang/Integer')}
  0x00007e003eabc17c: 0000 0048 | beb8 2904 | 0b00 7e00 | 008b 4a08 | 49ba 0000 | 000b 007e | 0000 4903 | ca48 3bf1 
  0x00007e003eabc19c: 0f85 9300 

  0x00007e003eabc1a0: ;   {metadata(method data for {method} {0x00007dfe98c40ad0} '<init>' '(Lcom/android/tools/r8/graph/E2;Lcom/android/tools/r8/origin/Origin;Lcom/android/tools/r8/graph/p0;Lcom/android/tools/r8/utils/A1;)V' in 'com/android/tools/r8/dex/A')}
  0x00007e003eabc1a0: 0000 49b9 | b064 db98 | fe7d 0000 | 8b72 0849 | ba00 0000 | 0b00 7e00 | 0049 03f2 | 493b b1f0 
  0x00007e003eabc1c0: 0300 0075 | 0d49 8381 | f803 0000 | 01e9 7f00 | 0000 493b | b100 0400 | 0075 0d49 | 8381 0804 
  0x00007e003eabc1e0: 0000 01e9 | 6900 0000 | 4981 b9f0 | 0300 0000 | 0000 0075 | 1749 89b1 | f003 0000 | 49c7 81f8 
  0x00007e003eabc200: 0300 0001 | 0000 00e9 | 4500 0000 | 4981 b900 | 0400 0000 | 0000 0075 | 1749 89b1 | 0004 0000 
  0x00007e003eabc220: 49c7 8108 | 0400 0001 | 0000 00e9 | 2100 0000 | e91c 0000 

  0x00007e003eabc234: ;   {metadata(method data for {method} {0x00007dfe98c40ad0} '<init>' '(Lcom/android/tools/r8/graph/E2;Lcom/android/tools/r8/origin/Origin;Lcom/android/tools/r8/graph/p0;Lcom/android/tools/r8/utils/A1;)V' in 'com/android/tools/r8/dex/A')}
  0x00007e003eabc234: 0049 b9b0 | 64db 98fe | 7d00 0049 | 83a9 e003 | 0000 01e9 | 903e 0000 | e900 0000 | 0048 3b02 
  0x00007e003eabc254: ;   {metadata(method data for {method} {0x00007dfe98c40ad0} '<init>' '(Lcom/android/tools/r8/graph/E2;Lcom/android/tools/r8/origin/Origin;Lcom/android/tools/r8/graph/p0;Lcom/android/tools/r8/utils/A1;)V' in 'com/android/tools/r8/dex/A')}
  0x00007e003eabc254: 488b ca49 | b9b0 64db | 98fe 7d00 | 0049 8381 | 1804 0000 | 018b 520c 

  0x00007e003eabc26c: ;   {metadata(method data for {method} {0x00007dfe98c40ad0} '<init>' '(Lcom/android/tools/r8/graph/E2;Lcom/android/tools/r8/origin/Origin;Lcom/android/tools/r8/graph/p0;Lcom/android/tools/r8/utils/A1;)V' in 'com/android/tools/r8/dex/A')}
  0x00007e003eabc26c: 498b c849 | b9b0 64db | 98fe 7d00 | 0049 8381 | 6804 0000 | 0141 8b48 | 0c48 83f9 

  0x00007e003eabc288: ;   {metadata(method data for {method} {0x00007dfe98c40ad0} '<init>' '(Lcom/android/tools/r8/graph/E2;Lcom/android/tools/r8/origin/Origin;Lcom/android/tools/r8/graph/p0;Lcom/android/tools/r8/utils/A1;)V' in 'com/android/tools/r8/dex/A')}
  0x00007e003eabc288: 0075 1749 | b8b0 64db | 98fe 7d00 | 0041 8088 | 8104 0000 | 01e9 d300 

  0x00007e003eabc2a0: ;   {metadata('com/android/tools/r8/graph/D2')}
  0x00007e003eabc2a0: 0000 48be | 60b0 c00c | 007e 0000 | 448b 4908 | 49ba 0000 | 000b 007e | 0000 4d03 | ca49 3bf1 
  0x00007e003eabc2c0: 0f85 9300 

  0x00007e003eabc2c4: ;   {metadata(method data for {method} {0x00007dfe98c40ad0} '<init>' '(Lcom/android/tools/r8/graph/E2;Lcom/android/tools/r8/origin/Origin;Lcom/android/tools/r8/graph/p0;Lcom/android/tools/r8/utils/A1;)V' in 'com/android/tools/r8/dex/A')}
  0x00007e003eabc2c4: 0000 49b8 | b064 db98 | fe7d 0000 | 8b71 0849 | ba00 0000 | 0b00 7e00 | 0049 03f2 | 493b b098 
  0x00007e003eabc2e4: 0400 0075 | 0d49 8380 | a004 0000 | 01e9 7f00 | 0000 493b | b0a8 0400 | 0075 0d49 | 8380 b004 
  0x00007e003eabc304: 0000 01e9 | 6900 0000 | 4981 b898 | 0400 0000 | 0000 0075 | 1749 89b0 | 9804 0000 | 49c7 80a0 
  0x00007e003eabc324: 0400 0001 | 0000 00e9 | 4500 0000 | 4981 b8a8 | 0400 0000 | 0000 0075 | 1749 89b0 | a804 0000 
  0x00007e003eabc344: 49c7 80b0 | 0400 0001 | 0000 00e9 | 2100 0000 | e91c 0000 

  0x00007e003eabc358: ;   {metadata(method data for {method} {0x00007dfe98c40ad0} '<init>' '(Lcom/android/tools/r8/graph/E2;Lcom/android/tools/r8/origin/Origin;Lcom/android/tools/r8/graph/p0;Lcom/android/tools/r8/utils/A1;)V' in 'com/android/tools/r8/dex/A')}
  0x00007e003eabc358: 0049 b8b0 | 64db 98fe | 7d00 0049 | 83a8 8804 | 0000 01e9 | 7a3d 0000 | e900 0000 | 004c 8bc9 
  0x00007e003eabc378: ;   {metadata(method data for {method} {0x00007dfe98c40ad0} '<init>' '(Lcom/android/tools/r8/graph/E2;Lcom/android/tools/r8/origin/Origin;Lcom/android/tools/r8/graph/p0;Lcom/android/tools/r8/utils/A1;)V' in 'com/android/tools/r8/dex/A')}
  0x00007e003eabc378: 488b c849 | b8b0 64db | 98fe 7d00 | 0049 8380 | c004 0000 | 0148 8b8c | 2408 0100 

  0x00007e003eabc394: ;   {oop(NULL)}
  0x00007e003eabc394: 0049 b800 | 0000 0000 | 0000 0048 | 8bf0 4889 | 8424 3001 | 0000 0f1f 

  0x00007e003eabc3ac: ;   {optimized virtual_call}
  0x00007e003eabc3ac: 4400 00e8 

  0x00007e003eabc3b0: ; ImmutableOopMap {[264]=Oop [280]=Oop [272]=Oop [240]=Oop [192]=Oop [208]=Oop [224]=Oop [256]=Oop [304]=Oop [200]=Oop [296]=Oop }
                      ;*invokespecial <init> {reexecute=0 rethrow=0 return_oop=0}
                      ; - com.android.tools.r8.dex.A::<init>@235 (line 53)
  0x00007e003eabc3b0: ac37 b8ff | 488b 9c24 | 2801 0000 

  0x00007e003eabc3bc: ; implicit exception: dispatches to 0x00007e003eac00f3
  0x00007e003eabc3bc: 483b 0348 

  0x00007e003eabc3c0: ;   {metadata(method data for {method} {0x00007dfe98c40ad0} '<init>' '(Lcom/android/tools/r8/graph/E2;Lcom/android/tools/r8/origin/Origin;Lcom/android/tools/r8/graph/p0;Lcom/android/tools/r8/utils/A1;)V' in 'com/android/tools/r8/dex/A')}
  0x00007e003eabc3c0: 8bd3 48be | b064 db98 | fe7d 0000 | 8b52 0849 | ba00 0000 | 0b00 7e00 | 0049 03d2 | 483b 96e0 
  0x00007e003eabc3e0: 0400 0075 | 0d48 8386 | e804 0000 | 01e9 6600 | 0000 483b | 96f0 0400 | 0075 0d48 | 8386 f804 
  0x00007e003eabc400: 0000 01e9 | 5000 0000 | 4881 bee0 | 0400 0000 | 0000 0075 | 1748 8996 | e004 0000 | 48c7 86e8 
  0x00007e003eabc420: 0400 0001 | 0000 00e9 | 2c00 0000 | 4881 bef0 | 0400 0000 | 0000 0075 | 1748 8996 | f004 0000 
  0x00007e003eabc440: 48c7 86f8 | 0400 0001 | 0000 00e9 | 0800 0000 | 4883 86d0 | 0400 0001 

  0x00007e003eabc458: ;   {metadata(method data for {method} {0x00007e000b432c88} 'add' '(Ljava/lang/Object;)Z' in 'java/util/ArrayList')}
  0x00007e003eabc458: 48ba 3005 | 0707 007e | 0000 8bb2 | f400 0000 | 83c6 0289 | b2f4 0000 | 0081 e6fe | ff1f 0083 
  0x00007e003eabc478: fe00 0f84 | 783c 0000 | 8b53 0cff | c289 530c | 8b53 148b | 7b10 488b 

  0x00007e003eabc490: ;   {metadata(method data for {method} {0x00007e000b432c88} 'add' '(Ljava/lang/Object;)Z' in 'java/util/ArrayList')}
  0x00007e003eabc490: f348 b830 | 0507 0700 | 7e00 0048 | 8380 3801 

  0x00007e003eabc4a0: ;   {metadata(method data for {method} {0x00007e000b432f98} 'add' '(Ljava/lang/Object;[Ljava/lang/Object;I)V' in 'java/util/ArrayList')}
  0x00007e003eabc4a0: 0000 0148 | bee8 0607 | 0700 7e00 | 008b 86f4 | 0000 0083 | c002 8986 | f400 0000 | 81e0 feff 
  0x00007e003eabc4c0: 1f00 83f8 | 000f 844e | 3c00 008b | 720c 3bfe 

  0x00007e003eabc4d0: ;   {metadata(method data for {method} {0x00007e000b432f98} 'add' '(Ljava/lang/Object;[Ljava/lang/Object;I)V' in 'java/util/ArrayList')}
  0x00007e003eabc4d0: 48be e806 | 0707 007e | 0000 48c7 | c048 0100 | 000f 8407 | 0000 0048 | c7c0 3801 | 0000 488b 
  0x00007e003eabc4f0: 0c06 488d | 4901 4889 | 0c06 0f84 | 0d00 0000 | 488b 8424 | 3001 0000 | e981 0000 | 0048 8bd3 
  0x00007e003eabc510: ;   {metadata(method data for {method} {0x00007e000b432f98} 'add' '(Ljava/lang/Object;[Ljava/lang/Object;I)V' in 'java/util/ArrayList')}
  0x00007e003eabc510: 48be e806 | 0707 007e | 0000 4883 | 8658 0100 

  0x00007e003eabc520: ;   {metadata(method data for {method} {0x00007e000b433308} 'grow' '()[Ljava/lang/Object;' in 'java/util/ArrayList')}
  0x00007e003eabc520: 0001 48ba | 0809 0707 | 007e 0000 | 8bb2 f400 | 0000 83c6 | 0289 b2f4 | 0000 0081 | e6fe ff1f 
  0x00007e003eabc540: 0083 fe00 | 0f84 f53b | 0000 488b 

  0x00007e003eabc54c: ;   {metadata(method data for {method} {0x00007e000b433308} 'grow' '()[Ljava/lang/Object;' in 'java/util/ArrayList')}
  0x00007e003eabc54c: d348 be08 | 0907 0700 | 7e00 0048 | 8386 3801 | 0000 0148 | 8bd7 ffc2 | 488b f389 | bc24 fc00 
  0x00007e003eabc56c: ;   {optimized virtual_call}
  0x00007e003eabc56c: 0000 90e8 

  0x00007e003eabc570: ; ImmutableOopMap {[264]=Oop [280]=Oop [272]=Oop [240]=Oop [192]=Oop [208]=Oop [224]=Oop [256]=Oop [304]=Oop [200]=Oop [296]=Oop }
                      ;*invokevirtual grow {reexecute=0 rethrow=0 return_oop=0}
                      ; - java.util.ArrayList::grow@7 (line 244)
                      ; - java.util.ArrayList::add@7 (line 454)
                      ; - java.util.ArrayList::add@20 (line 467)
                      ; - com.android.tools.r8.dex.A::<init>@238 (line 54)
  0x00007e003eabc570: 0cbb cc05 | 488b d08b | bc24 fc00 | 0000 488b | 8424 3001 | 0000 488b | 9c24 2801 | 0000 3b7a 
  0x00007e003eabc590: 0c0f 83d3 | 3b00 0048 | 83f8 0075 

  0x00007e003eabc59c: ;   {metadata(method data for {method} {0x00007e000b432f98} 'add' '(Ljava/lang/Object;[Ljava/lang/Object;I)V' in 'java/util/ArrayList')}
  0x00007e003eabc59c: 1648 b9e8 | 0607 0700 | 7e00 0080 | 8989 0100 | 0001 e901 | 0100 008b | 7208 49ba | 0000 000b 
  0x00007e003eabc5bc: 007e 0000 | 4903 f28b | 4808 49ba | 0000 000b | 007e 0000 | 4903 ca48 | 8bb6 e000 | 0000 483b 
  0x00007e003eabc5dc: ce0f 842a | 0000 0044 | 8b46 144a | 3b34 010f | 841c 0000 | 0041 83f8 | 200f 85a2 | 0000 0051 
  0x00007e003eabc5fc: ;   {runtime_call slow_subtype_check Runtime1 stub}
  0x00007e003eabc5fc: 56e8 7e05 | d705 595e | 83fe 000f | 8490 0000 

  0x00007e003eabc60c: ;   {metadata(method data for {method} {0x00007e000b432f98} 'add' '(Ljava/lang/Object;[Ljava/lang/Object;I)V' in 'java/util/ArrayList')}
  0x00007e003eabc60c: 0048 b9e8 | 0607 0700 | 7e00 008b | 7008 49ba | 0000 000b | 007e 0000 | 4903 f248 | 3bb1 a001 
  0x00007e003eabc62c: 0000 750d | 4883 81a8 | 0100 0001 | e977 0000 | 0048 3bb1 | b001 0000 | 750d 4883 | 81b8 0100 
  0x00007e003eabc64c: 0001 e961 | 0000 0048 | 81b9 a001 | 0000 0000 | 0000 7517 | 4889 b1a0 | 0100 0048 | c781 a801 
  0x00007e003eabc66c: 0000 0100 | 0000 e93d | 0000 0048 | 81b9 b001 | 0000 0000 | 0000 7517 | 4889 b1b0 | 0100 0048 
  0x00007e003eabc68c: c781 b801 | 0000 0100 | 0000 e919 | 0000 00eb 

  0x00007e003eabc69c: ;   {metadata(method data for {method} {0x00007e000b432f98} 'add' '(Ljava/lang/Object;[Ljava/lang/Object;I)V' in 'java/util/ArrayList')}
  0x00007e003eabc69c: 1748 b9e8 | 0607 0700 | 7e00 0048 | 83a9 9001 | 0000 01e9 | c93a 0000 | 4863 f748 | 8d54 b210 
  0x00007e003eabc6bc: 410f be77 | 3883 fe00 | 0f85 bc3a | 0000 4c8b | d044 8912 | 488b f248 | 33f0 48c1 | ee14 4883 
  0x00007e003eabc6dc: fe00 0f85 | bc3a 0000 | ffc7 897b 

  0x00007e003eabc6e8: ;   {metadata(method data for {method} {0x00007dfe98c40ad0} '<init>' '(Lcom/android/tools/r8/graph/E2;Lcom/android/tools/r8/origin/Origin;Lcom/android/tools/r8/graph/p0;Lcom/android/tools/r8/utils/A1;)V' in 'com/android/tools/r8/dex/A')}
  0x00007e003eabc6e8: 1048 bab0 | 64db 98fe | 7d00 00ff | 8208 0500 | 0048 8b84 | 24d0 0000 | 004c 8b9c | 24f0 0000 
  0x00007e003eabc708: 0048 8bb4 | 24c0 0000 | 0048 8b9c | 24c8 0000 | 00e9 921d 

  0x00007e003eabc71c: ;   {metadata(method data for {method} {0x00007dfe98c40ad0} '<init>' '(Lcom/android/tools/r8/graph/E2;Lcom/android/tools/r8/origin/Origin;Lcom/android/tools/r8/graph/p0;Lcom/android/tools/r8/utils/A1;)V' in 'com/android/tools/r8/dex/A')}
  0x00007e003eabc71c: 0000 48ba | b064 db98 | fe7d 0000 | 4883 8220 | 0500 0001 

  0x00007e003eabc730: ;   {metadata(method data for {method} {0x00007dfe98bf12e8} 'k' '(Lcom/android/tools/r8/graph/m0;Lcom/android/tools/r8/graph/y1;)Z' in 'com/android/tools/r8/graph/m0')}
  0x00007e003eabc730: 48ba 1076 | e098 fe7d | 0000 8b9a | f400 0000 | 83c3 0289 | 9af4 0000 | 0081 e3fe | ff1f 0083 
  0x00007e003eabc750: fb00 0f84 | 603a 0000 | 8b97 f404 | 0000 483b 

  0x00007e003eabc760: ;   {metadata(method data for {method} {0x00007dfe98bf12e8} 'k' '(Lcom/android/tools/r8/graph/m0;Lcom/android/tools/r8/graph/y1;)Z' in 'com/android/tools/r8/graph/m0')}
  0x00007e003eabc760: f248 ba10 | 76e0 98fe | 7d00 0048 | c7c3 3801 | 0000 0f85 | 0700 0000 | 48c7 c348 | 0100 0048 
  0x00007e003eabc780: 8b04 1a48 | 8d40 0148 | 8904 1a0f | 851a 0000 

  0x00007e003eabc790: ;   {metadata(method data for {method} {0x00007dfe98bf12e8} 'k' '(Lcom/android/tools/r8/graph/m0;Lcom/android/tools/r8/graph/y1;)Z' in 'com/android/tools/r8/graph/m0')}
  0x00007e003eabc790: 0048 ba10 | 76e0 98fe | 7d00 00ff | 8258 0100 | 00ba 0100 | 0000 e905 | 0000 00ba | 0000 0000 
  0x00007e003eabc7b0: 83e2 0183 

  0x00007e003eabc7b4: ;   {metadata(method data for {method} {0x00007dfe98c40ad0} '<init>' '(Lcom/android/tools/r8/graph/E2;Lcom/android/tools/r8/origin/Origin;Lcom/android/tools/r8/graph/p0;Lcom/android/tools/r8/utils/A1;)V' in 'com/android/tools/r8/dex/A')}
  0x00007e003eabc7b4: fa00 48ba | b064 db98 | fe7d 0000 | 48c7 c330 | 0500 000f | 8407 0000 | 0048 c7c3 | 4005 0000 
  0x00007e003eabc7d4: 488b 041a | 488d 4001 | 4889 041a | 0f84 0302 | 0000 488b | b424 c800 

  0x00007e003eabc7ec: ;   {metadata(method data for {method} {0x00007dfe98c40ad0} '<init>' '(Lcom/android/tools/r8/graph/E2;Lcom/android/tools/r8/origin/Origin;Lcom/android/tools/r8/graph/p0;Lcom/android/tools/r8/utils/A1;)V' in 'com/android/tools/r8/dex/A')}
  0x00007e003eabc7ec: 0000 48ba | b064 db98 | fe7d 0000 | 4883 8250 | 0500 0001 | 8b94 24f8 | 0000 0048 | 8bb4 24c8 
  0x00007e003eabc80c: ;   {optimized virtual_call}
  0x00007e003eabc80c: 0000 00e8 

  0x00007e003eabc810: ; ImmutableOopMap {[264]=Oop [280]=Oop [272]=Oop [256]=Oop [200]=Oop [232]=Oop [192]=Oop [240]=Oop [208]=Oop [224]=Oop }
                      ;*invokevirtual a {reexecute=0 rethrow=0 return_oop=0}
                      ; - com.android.tools.r8.dex.A::<init>@262 (line 57)
  0x00007e003eabc810: cc4b b8ff 

  0x00007e003eabc814: ;   {metadata(method data for {method} {0x00007dfe98c40ad0} '<init>' '(Lcom/android/tools/r8/graph/E2;Lcom/android/tools/r8/origin/Origin;Lcom/android/tools/r8/graph/p0;Lcom/android/tools/r8/utils/A1;)V' in 'com/android/tools/r8/dex/A')}
  0x00007e003eabc814: 48be b064 | db98 fe7d | 0000 4883 | 8688 0500 | 0001 488b | b424 e800 | 0000 488b | 9424 e000 
  0x00007e003eabc834: ;   {static_call}
  0x00007e003eabc834: 0000 90e8 

  0x00007e003eabc838: ; ImmutableOopMap {[264]=Oop [280]=Oop [272]=Oop [256]=Oop [200]=Oop [192]=Oop [240]=Oop [208]=Oop [224]=Oop }
                      ;*invokestatic d {reexecute=0 rethrow=0 return_oop=0}
                      ; - com.android.tools.r8.dex.A::<init>@267 (line 58)
  0x00007e003eabc838: e488 bcff | 488b bc24 | d000 0000 | 4883 ff00 

  0x00007e003eabc848: ;   {metadata(method data for {method} {0x00007dfe98c40ad0} '<init>' '(Lcom/android/tools/r8/graph/E2;Lcom/android/tools/r8/origin/Origin;Lcom/android/tools/r8/graph/p0;Lcom/android/tools/r8/utils/A1;)V' in 'com/android/tools/r8/dex/A')}
  0x00007e003eabc848: 48ba b064 | db98 fe7d | 0000 48c7 | c698 0500 | 000f 8507 | 0000 0048 | c7c6 a805 | 0000 488b 
  0x00007e003eabc868: 1c32 488d | 5b01 4889 | 1c32 0f85 | 2d00 0000 

  0x00007e003eabc878: ;   {metadata(method data for {method} {0x00007dfe98c40ad0} '<init>' '(Lcom/android/tools/r8/graph/E2;Lcom/android/tools/r8/origin/Origin;Lcom/android/tools/r8/graph/p0;Lcom/android/tools/r8/utils/A1;)V' in 'com/android/tools/r8/dex/A')}
  0x00007e003eabc878: 48ba b064 | db98 fe7d | 0000 ff82 | b805 0000 | 4c8b 9c24 | f000 0000 | 488b b424 | c000 0000 
  0x00007e003eabc898: 488b 9c24 | c800 0000 | e90b 1c00 | 0048 83f8 

  0x00007e003eabc8a8: ;   {metadata(method data for {method} {0x00007dfe98c40ad0} '<init>' '(Lcom/android/tools/r8/graph/E2;Lcom/android/tools/r8/origin/Origin;Lcom/android/tools/r8/graph/p0;Lcom/android/tools/r8/utils/A1;)V' in 'com/android/tools/r8/dex/A')}
  0x00007e003eabc8a8: 0048 bab0 | 64db 98fe | 7d00 0048 | c7c6 e005 | 0000 0f85 | 0700 0000 | 48c7 c6d0 | 0500 0048 
  0x00007e003eabc8c8: 8b1c 3248 | 8d5b 0148 | 891c 320f | 8520 0000 | 0048 8bc7 | 4c8b 9c24 | f000 0000 | 488b b424 
  0x00007e003eabc8e8: c000 0000 | 488b 9c24 | c800 0000 | e9b7 1b00 | 0048 3b07 

  0x00007e003eabc8fc: ;   {metadata(method data for {method} {0x00007dfe98c40ad0} '<init>' '(Lcom/android/tools/r8/graph/E2;Lcom/android/tools/r8/origin/Origin;Lcom/android/tools/r8/graph/p0;Lcom/android/tools/r8/utils/A1;)V' in 'com/android/tools/r8/dex/A')}
  0x00007e003eabc8fc: 488b d748 | beb0 64db | 98fe 7d00 | 008b 5208 | 49ba 0000 | 000b 007e | 0000 4903 | d248 3b96 
  0x00007e003eabc91c: 0006 0000 | 750d 4883 | 8608 0600 | 0001 e966 | 0000 0048 | 3b96 1006 | 0000 750d | 4883 8618 
  0x00007e003eabc93c: 0600 0001 | e950 0000 | 0048 81be | 0006 0000 | 0000 0000 | 7517 4889 | 9600 0600 | 0048 c786 
  0x00007e003eabc95c: 0806 0000 | 0100 0000 | e92c 0000 | 0048 81be | 1006 0000 | 0000 0000 | 7517 4889 | 9610 0600 
  0x00007e003eabc97c: 0048 c786 | 1806 0000 | 0100 0000 | e908 0000 | 0048 8386 | f005 0000 | 0148 8bd0 | 488b f748 
  0x00007e003eabc99c: 89bc 24d0 | 0000 0066 | 9048 b8ff | ffff ffff 

  0x00007e003eabc9ac: ;   {virtual_call}
  0x00007e003eabc9ac: ffff ffe8 

  0x00007e003eabc9b0: ; ImmutableOopMap {[264]=Oop [280]=Oop [272]=Oop [256]=Oop [200]=Oop [224]=Oop [240]=Oop [192]=Oop [208]=Oop }
                      ;*invokeinterface addAll {reexecute=0 rethrow=0 return_oop=0}
                      ; - com.android.tools.r8.dex.A::<init>@291 (line 62)
  0x00007e003eabc9b0: ccb9 cc05 

  0x00007e003eabc9b4: ;   {metadata(method data for {method} {0x00007dfe98c40ad0} '<init>' '(Lcom/android/tools/r8/graph/E2;Lcom/android/tools/r8/origin/Origin;Lcom/android/tools/r8/graph/p0;Lcom/android/tools/r8/utils/A1;)V' in 'com/android/tools/r8/dex/A')}
  0x00007e003eabc9b4: 48ba b064 | db98 fe7d | 0000 ff82 | 2806 0000 | 488b 8424 | d000 0000 | 4c8b 9c24 | f000 0000 
  0x00007e003eabc9d4: 488b b424 | c000 0000 | 488b 9c24 | c800 0000 | e9c7 1a00 

  0x00007e003eabc9e8: ;   {metadata(method data for {method} {0x00007dfe98c40ad0} '<init>' '(Lcom/android/tools/r8/graph/E2;Lcom/android/tools/r8/origin/Origin;Lcom/android/tools/r8/graph/p0;Lcom/android/tools/r8/utils/A1;)V' in 'com/android/tools/r8/dex/A')}
  0x00007e003eabc9e8: 0048 bab0 | 64db 98fe | 7d00 0048 | 8382 4006 

  0x00007e003eabc9f8: ;   {metadata(method data for {method} {0x00007dfe98bf2048} 'p' '(Lcom/android/tools/r8/graph/m0;Lcom/android/tools/r8/graph/y1;)Z' in 'com/android/tools/r8/graph/m0')}
  0x00007e003eabc9f8: 0000 0148 | ba68 a3e0 | 98fe 7d00 | 008b 9af4 | 0000 0083 | c302 899a | f400 0000 | 81e3 feff 
  0x00007e003eabca18: 1f00 83fb | 000f 84bb | 3700 008b | 97fc 0400 | 0048 3bf2 

  0x00007e003eabca2c: ;   {metadata(method data for {method} {0x00007dfe98bf2048} 'p' '(Lcom/android/tools/r8/graph/m0;Lcom/android/tools/r8/graph/y1;)Z' in 'com/android/tools/r8/graph/m0')}
  0x00007e003eabca2c: 48ba 68a3 | e098 fe7d | 0000 48c7 | c338 0100 | 000f 8507 | 0000 0048 | c7c3 4801 | 0000 488b 
  0x00007e003eabca4c: 041a 488d | 4001 4889 | 041a 0f85 | 1a00 0000 

  0x00007e003eabca5c: ;   {metadata(method data for {method} {0x00007dfe98bf2048} 'p' '(Lcom/android/tools/r8/graph/m0;Lcom/android/tools/r8/graph/y1;)Z' in 'com/android/tools/r8/graph/m0')}
  0x00007e003eabca5c: 48ba 68a3 | e098 fe7d | 0000 ff82 | 5801 0000 | ba01 0000 | 00e9 0500 | 0000 ba00 | 0000 0083 
  0x00007e003eabca7c: e201 83fa 

  0x00007e003eabca80: ;   {metadata(method data for {method} {0x00007dfe98c40ad0} '<init>' '(Lcom/android/tools/r8/graph/E2;Lcom/android/tools/r8/origin/Origin;Lcom/android/tools/r8/graph/p0;Lcom/android/tools/r8/utils/A1;)V' in 'com/android/tools/r8/dex/A')}
  0x00007e003eabca80: 0048 bab0 | 64db 98fe | 7d00 0048 | c7c3 5006 | 0000 0f84 | 0700 0000 | 48c7 c360 | 0600 0048 
  0x00007e003eabcaa0: 8b04 1a48 | 8d40 0148 | 8904 1a4c | 8b8c 2410 | 0100 000f | 8438 0000 | 0041 0fbe | 511a 83fa 
  0x00007e003eabcac0: ;   {metadata(method data for {method} {0x00007dfe98c40ad0} '<init>' '(Lcom/android/tools/r8/graph/E2;Lcom/android/tools/r8/origin/Origin;Lcom/android/tools/r8/graph/p0;Lcom/android/tools/r8/utils/A1;)V' in 'com/android/tools/r8/dex/A')}
  0x00007e003eabcac0: 0048 bab0 | 64db 98fe | 7d00 0048 | c7c3 8006 | 0000 0f84 | 0700 0000 | 48c7 c370 | 0600 0048 
  0x00007e003eabcae0: 8b04 1a48 | 8d40 0148 | 8904 1a0f | 8455 1700 

  0x00007e003eabcaf0: ;   {metadata(method data for {method} {0x00007dfe98c40ad0} '<init>' '(Lcom/android/tools/r8/graph/E2;Lcom/android/tools/r8/origin/Origin;Lcom/android/tools/r8/graph/p0;Lcom/android/tools/r8/utils/A1;)V' in 'com/android/tools/r8/dex/A')}
  0x00007e003eabcaf0: 0048 bab0 | 64db 98fe | 7d00 0048 | 8382 3807 

  0x00007e003eabcb00: ;   {metadata(method data for {method} {0x00007dfe98bf1398} 'l' '(Lcom/android/tools/r8/graph/m0;Lcom/android/tools/r8/graph/y1;)Z' in 'com/android/tools/r8/graph/m0')}
  0x00007e003eabcb00: 0000 0148 | ba18 90e0 | 98fe 7d00 | 008b 9af4 | 0000 0083 | c302 899a | f400 0000 | 81e3 feff 
  0x00007e003eabcb20: 1f00 83fb | 000f 84d4 | 3600 008b | 9700 0500 | 0048 3bf2 

  0x00007e003eabcb34: ;   {metadata(method data for {method} {0x00007dfe98bf1398} 'l' '(Lcom/android/tools/r8/graph/m0;Lcom/android/tools/r8/graph/y1;)Z' in 'com/android/tools/r8/graph/m0')}
  0x00007e003eabcb34: 48ba 1890 | e098 fe7d | 0000 48c7 | c338 0100 | 000f 8507 | 0000 0048 | c7c3 4801 | 0000 488b 
  0x00007e003eabcb54: 041a 488d | 4001 4889 | 041a 0f85 | 1a00 0000 

  0x00007e003eabcb64: ;   {metadata(method data for {method} {0x00007dfe98bf1398} 'l' '(Lcom/android/tools/r8/graph/m0;Lcom/android/tools/r8/graph/y1;)Z' in 'com/android/tools/r8/graph/m0')}
  0x00007e003eabcb64: 48ba 1890 | e098 fe7d | 0000 ff82 | 5801 0000 | ba01 0000 | 00e9 0500 | 0000 ba00 | 0000 0083 
  0x00007e003eabcb84: e201 83fa 

  0x00007e003eabcb88: ;   {metadata(method data for {method} {0x00007dfe98c40ad0} '<init>' '(Lcom/android/tools/r8/graph/E2;Lcom/android/tools/r8/origin/Origin;Lcom/android/tools/r8/graph/p0;Lcom/android/tools/r8/utils/A1;)V' in 'com/android/tools/r8/dex/A')}
  0x00007e003eabcb88: 0048 bab0 | 64db 98fe | 7d00 0048 | c7c3 4807 | 0000 0f84 | 0700 0000 | 48c7 c358 | 0700 0048 
  0x00007e003eabcba8: 8b04 1a48 | 8d40 0148 | 8904 1a0f | 8414 0400 | 0048 8bb4 | 24c8 0000 

  0x00007e003eabcbc0: ;   {metadata(method data for {method} {0x00007dfe98c40ad0} '<init>' '(Lcom/android/tools/r8/graph/E2;Lcom/android/tools/r8/origin/Origin;Lcom/android/tools/r8/graph/p0;Lcom/android/tools/r8/utils/A1;)V' in 'com/android/tools/r8/dex/A')}
  0x00007e003eabcbc0: 0048 bab0 | 64db 98fe | 7d00 0048 | 8382 6807 | 0000 018b | 9424 f800 | 0000 488b | b424 c800 
  0x00007e003eabcbe0: 0000 0f1f 

  0x00007e003eabcbe4: ;   {optimized virtual_call}
  0x00007e003eabcbe4: 4400 00e8 

  0x00007e003eabcbe8: ; ImmutableOopMap {[264]=Oop [280]=Oop [256]=Oop [200]=Oop [232]=Oop [208]=Oop [192]=Oop [240]=Oop [272]=Oop [224]=Oop }
                      ;*invokevirtual a {reexecute=0 rethrow=0 return_oop=0}
                      ; - com.android.tools.r8.dex.A::<init>@373 (line 74)
  0x00007e003eabcbe8: 94b4 cc05 | 0f1f 4000 

  0x00007e003eabcbf0: ;   {no_reloc}
  0x00007e003eabcbf0: e93a 3600 | 0000 0000 | 0000 498b | 8708 0100 | 0048 8d78 | 1049 3bbf | 1801 0000 | 0f87 2736 
  0x00007e003eabcc10: 0000 4989 | bf08 0100 | 0048 c700 | 0100 0000 | 488b ca49 | ba00 0000 | 0b00 7e00 | 0049 2bca 
  0x00007e003eabcc30: 8948 0848 | 33c9 8948 | 0c48 33c9 

  0x00007e003eabcc3c: ;   {metadata(method data for {method} {0x00007dfe98c40ad0} '<init>' '(Lcom/android/tools/r8/graph/E2;Lcom/android/tools/r8/origin/Origin;Lcom/android/tools/r8/graph/p0;Lcom/android/tools/r8/utils/A1;)V' in 'com/android/tools/r8/dex/A')}
  0x00007e003eabcc3c: 48be b064 | db98 fe7d | 0000 4883 | 86a0 0700 

  0x00007e003eabcc4c: ;   {metadata(method data for {method} {0x00007dfe98bf17f8} 'e' '(Lcom/android/tools/r8/graph/m0;Lcom/android/tools/r8/graph/y1;)Lcom/android/tools/r8/graph/E2;' in 'com/android/tools/r8/graph/m0')}
  0x00007e003eabcc4c: 0001 48be | 9042 e198 | fe7d 0000 | 8b96 f400 | 0000 83c2 | 0289 96f4 | 0000 0081 | e2fe ff1f 
  0x00007e003eabcc6c: 0083 fa00 | 0f84 d035 | 0000 488b | bc24 e000 | 0000 8bb7 | 0005 0000 

  0x00007e003eabcc84: ;   {metadata(method data for {method} {0x00007dfe98bf17f8} 'e' '(Lcom/android/tools/r8/graph/m0;Lcom/android/tools/r8/graph/y1;)Lcom/android/tools/r8/graph/E2;' in 'com/android/tools/r8/graph/m0')}
  0x00007e003eabcc84: 48ba 9042 | e198 fe7d | 0000 4883 | 8238 0100 | 0001 488b | 9424 e800 | 0000 4889 | 8424 3801 
  0x00007e003eabcca4: ;   {static_call}
  0x00007e003eabcca4: 0000 90e8 

  0x00007e003eabcca8: ; ImmutableOopMap {[264]=Oop [280]=Oop [256]=Oop [200]=Oop [208]=Oop [192]=Oop [240]=Oop [272]=Oop [224]=Oop [312]=Oop }
                      ;*invokestatic a {reexecute=0 rethrow=0 return_oop=0}
                      ; - com.android.tools.r8.graph.m0::e@5 (line 1)
                      ; - com.android.tools.r8.dex.A::<init>@386 (line 77)
  0x00007e003eabcca8: d4b9 cc05 | 4883 f800 

  0x00007e003eabccb0: ;   {metadata(method data for {method} {0x00007dfe98bf17f8} 'e' '(Lcom/android/tools/r8/graph/m0;Lcom/android/tools/r8/graph/y1;)Lcom/android/tools/r8/graph/E2;' in 'com/android/tools/r8/graph/m0')}
  0x00007e003eabccb0: 48be 9042 | e198 fe7d | 0000 48c7 | c748 0100 | 000f 8507 | 0000 0048 | c7c7 5801 | 0000 488b 
  0x00007e003eabccd0: 1c3e 488d | 5b01 4889 | 1c3e 0f85 | 0f00 0000 

  0x00007e003eabcce0: ;   {oop(NULL)}
  0x00007e003eabcce0: 48be 0000 | 0000 0000 | 0000 e9d2 | 0100 0048 | 3b00 488b 

  0x00007e003eabccf4: ;   {metadata(method data for {method} {0x00007dfe98bf17f8} 'e' '(Lcom/android/tools/r8/graph/m0;Lcom/android/tools/r8/graph/y1;)Lcom/android/tools/r8/graph/E2;' in 'com/android/tools/r8/graph/m0')}
  0x00007e003eabccf4: f048 bf90 | 42e1 98fe | 7d00 008b | 7608 49ba | 0000 000b | 007e 0000 | 4903 f248 | 3bb7 7801 
  0x00007e003eabcd14: 0000 750d | 4883 8780 | 0100 0001 | e966 0000 | 0048 3bb7 | 8801 0000 | 750d 4883 | 8790 0100 
  0x00007e003eabcd34: 0001 e950 | 0000 0048 | 81bf 7801 | 0000 0000 | 0000 7517 | 4889 b778 | 0100 0048 | c787 8001 
  0x00007e003eabcd54: 0000 0100 | 0000 e92c | 0000 0048 | 81bf 8801 | 0000 0000 | 0000 7517 | 4889 b788 | 0100 0048 
  0x00007e003eabcd74: c787 9001 | 0000 0100 | 0000 e908 | 0000 0048 | 8387 6801 | 0000 0148 | 8bf0 0f1f | 8000 0000 
  0x00007e003eabcd94: 0048 b8ff | ffff ffff 

  0x00007e003eabcd9c: ;   {virtual_call}
  0x00007e003eabcd9c: ffff ffe8 

  0x00007e003eabcda0: ; ImmutableOopMap {[264]=Oop [280]=Oop [256]=Oop [200]=Oop [208]=Oop [192]=Oop [240]=Oop [272]=Oop [224]=Oop [312]=Oop }
                      ;*invokevirtual H0 {reexecute=0 rethrow=0 return_oop=0}
                      ; - com.android.tools.r8.graph.m0::e@16 (line 5)
                      ; - com.android.tools.r8.dex.A::<init>@386 (line 77)
  0x00007e003eabcda0: dcb5 cc05 

  0x00007e003eabcda4: ; implicit exception: dispatches to 0x00007e003eac026c
  0x00007e003eabcda4: 483b 0048 

  0x00007e003eabcda8: ;   {metadata(method data for {method} {0x00007dfe98bf17f8} 'e' '(Lcom/android/tools/r8/graph/m0;Lcom/android/tools/r8/graph/y1;)Lcom/android/tools/r8/graph/E2;' in 'com/android/tools/r8/graph/m0')}
  0x00007e003eabcda8: 8bd0 48be | 9042 e198 | fe7d 0000 

  0x00007e003eabcdb4: ;   {metadata('com/android/tools/r8/graph/K2$k')}
  0x00007e003eabcdb4: 49ba c02f | c60c 007e | 0000 4c89 | 96b0 0100 | 0048 8386 | b801 0000 | 018b 500c | 4883 fa00 
  0x00007e003eabcdd4: ;   {metadata(method data for {method} {0x00007dfe98bf17f8} 'e' '(Lcom/android/tools/r8/graph/m0;Lcom/android/tools/r8/graph/y1;)Lcom/android/tools/r8/graph/E2;' in 'com/android/tools/r8/graph/m0')}
  0x00007e003eabcdd4: 7516 48bf | 9042 e198 | fe7d 0000 | 808f d101 | 0000 01e9 | d200 0000 

  0x00007e003eabcdec: ;   {metadata('com/android/tools/r8/graph/E2')}
  0x00007e003eabcdec: 48bb d8f8 | c00c 007e | 0000 8b72 | 0849 ba00 | 0000 0b00 | 7e00 0049 | 03f2 483b | de0f 8593 
  0x00007e003eabce0c: ;   {metadata(method data for {method} {0x00007dfe98bf17f8} 'e' '(Lcom/android/tools/r8/graph/m0;Lcom/android/tools/r8/graph/y1;)Lcom/android/tools/r8/graph/E2;' in 'com/android/tools/r8/graph/m0')}
  0x00007e003eabce0c: 0000 0048 | bf90 42e1 | 98fe 7d00 | 008b 5a08 | 49ba 0000 | 000b 007e | 0000 4903 | da48 3b9f 
  0x00007e003eabce2c: e801 0000 | 750d 4883 | 87f0 0100 | 0001 e97f | 0000 0048 | 3b9f f801 | 0000 750d | 4883 8700 
  0x00007e003eabce4c: 0200 0001 | e969 0000 | 0048 81bf | e801 0000 | 0000 0000 | 7517 4889 | 9fe8 0100 | 0048 c787 
  0x00007e003eabce6c: f001 0000 | 0100 0000 | e945 0000 | 0048 81bf | f801 0000 | 0000 0000 | 7517 4889 | 9ff8 0100 
  0x00007e003eabce8c: 0048 c787 | 0002 0000 | 0100 0000 | e921 0000 | 00e9 1c00 

  0x00007e003eabcea0: ;   {metadata(method data for {method} {0x00007dfe98bf17f8} 'e' '(Lcom/android/tools/r8/graph/m0;Lcom/android/tools/r8/graph/y1;)Lcom/android/tools/r8/graph/E2;' in 'com/android/tools/r8/graph/m0')}
  0x00007e003eabcea0: 0000 48bf | 9042 e198 | fe7d 0000 | 4883 afd8 | 0100 0001 | e9b8 3300 | 00e9 0000 | 0000 488b 
  0x00007e003eabcec0: f248 8b84 | 2438 0100 | 0048 8bbc | 24c8 0000 | 0048 8bd0 

  0x00007e003eabced4: ;   {metadata(method data for {method} {0x00007dfe98c40ad0} '<init>' '(Lcom/android/tools/r8/graph/E2;Lcom/android/tools/r8/origin/Origin;Lcom/android/tools/r8/graph/p0;Lcom/android/tools/r8/utils/A1;)V' in 'com/android/tools/r8/dex/A')}
  0x00007e003eabced4: 48bb b064 | db98 fe7d | 0000 4883 | 83b0 0700 

  0x00007e003eabcee4: ;   {metadata(method data for {method} {0x00007dfe98b43618} '<init>' '(Lcom/android/tools/r8/graph/E2;)V' in 'com/android/tools/r8/graph/i5')}
  0x00007e003eabcee4: 0001 48ba | 5862 a499 | fe7d 0000 | 8b9a f400 | 0000 83c3 | 0289 9af4 | 0000 0081 | e3fe ff1f 
  0x00007e003eabcf04: 0083 fb00 | 0f84 6c33 | 0000 488b 

  0x00007e003eabcf10: ;   {metadata(method data for {method} {0x00007dfe98b43618} '<init>' '(Lcom/android/tools/r8/graph/E2;)V' in 'com/android/tools/r8/graph/i5')}
  0x00007e003eabcf10: d048 bb58 | 62a4 99fe | 7d00 0048 | 8383 3801 

  0x00007e003eabcf20: ;   {metadata(method data for {method} {0x00007e000b444398} '<init>' '()V' in 'java/lang/Object')}
  0x00007e003eabcf20: 0000 0148 | bad8 ba00 | 0700 7e00 | 008b 9af4 | 0000 0083 | c302 899a | f400 0000 | 81e3 feff 
  0x00007e003eabcf40: 1f00 83fb | 000f 8450 | 3300 0041 | 0fbe 5738 | 83fa 000f | 8563 3300 | 004c 8bd6 | 4489 500c 
  0x00007e003eabcf60: 488b d048 | 33d6 48c1 | ea14 4883 | fa00 0f85 | 6333 0000 | 410f be57 | 3883 fa00 | 0f85 6d33 
  0x00007e003eabcf80: 0000 4c8b | d044 8957 | 2048 8bf7 | 4833 f048 | c1ee 1448 | 83fe 000f | 856d 3300 

  0x00007e003eabcf9c: ;   {metadata(method data for {method} {0x00007dfe98c40ad0} '<init>' '(Lcom/android/tools/r8/graph/E2;Lcom/android/tools/r8/origin/Origin;Lcom/android/tools/r8/graph/p0;Lcom/android/tools/r8/utils/A1;)V' in 'com/android/tools/r8/dex/A')}
  0x00007e003eabcf9c: 0048 bab0 | 64db 98fe | 7d00 00ff | 82c0 0700 | 0048 8b84 | 24d0 0000 | 004c 8b9c | 24f0 0000 
  0x00007e003eabcfbc: 0048 8bb4 | 24c0 0000 | 0048 8bdf | e9e3 1400 | 0048 8bdf | 488b bc24 | c800 0000 

  0x00007e003eabcfd8: ;   {metadata(method data for {method} {0x00007dfe98c40ad0} '<init>' '(Lcom/android/tools/r8/graph/E2;Lcom/android/tools/r8/origin/Origin;Lcom/android/tools/r8/graph/p0;Lcom/android/tools/r8/utils/A1;)V' in 'com/android/tools/r8/dex/A')}
  0x00007e003eabcfd8: 48ba b064 | db98 fe7d | 0000 4883 | 82d8 0700 

  0x00007e003eabcfe8: ;   {metadata(method data for {method} {0x00007dfe98bf1448} 'm' '(Lcom/android/tools/r8/graph/m0;Lcom/android/tools/r8/graph/y1;)Z' in 'com/android/tools/r8/graph/m0')}
  0x00007e003eabcfe8: 0001 48ba | d091 e098 | fe7d 0000 | 8b82 f400 | 0000 83c0 | 0289 82f4 | 0000 0081 | e0fe ff1f 
  0x00007e003eabd008: 0083 f800 | 0f84 1033 | 0000 8b93 | 0405 0000 

  0x00007e003eabd018: ;   {metadata(method data for {method} {0x00007dfe98bf1448} 'm' '(Lcom/android/tools/r8/graph/m0;Lcom/android/tools/r8/graph/y1;)Z' in 'com/android/tools/r8/graph/m0')}
  0x00007e003eabd018: 483b f248 | bad0 91e0 | 98fe 7d00 | 0048 c7c0 | 3801 0000 | 0f85 0700 | 0000 48c7 | c048 0100 
  0x00007e003eabd038: 0048 8b0c | 0248 8d49 | 0148 890c | 020f 851a 

  0x00007e003eabd048: ;   {metadata(method data for {method} {0x00007dfe98bf1448} 'm' '(Lcom/android/tools/r8/graph/m0;Lcom/android/tools/r8/graph/y1;)Z' in 'com/android/tools/r8/graph/m0')}
  0x00007e003eabd048: 0000 0048 | bad0 91e0 | 98fe 7d00 | 00ff 8258 | 0100 00ba | 0100 0000 | e905 0000 | 00ba 0000 
  0x00007e003eabd068: 0000 83e2 | 0183 fa00 

  0x00007e003eabd070: ;   {metadata(method data for {method} {0x00007dfe98c40ad0} '<init>' '(Lcom/android/tools/r8/graph/E2;Lcom/android/tools/r8/origin/Origin;Lcom/android/tools/r8/graph/p0;Lcom/android/tools/r8/utils/A1;)V' in 'com/android/tools/r8/dex/A')}
  0x00007e003eabd070: 48ba b064 | db98 fe7d | 0000 48c7 | c0e8 0700 | 000f 8407 | 0000 0048 | c7c0 f807 | 0000 488b 
  0x00007e003eabd090: 0c02 488d | 4901 4889 | 0c02 0f84 | 9408 0000 

  0x00007e003eabd0a0: ;   {metadata(method data for {method} {0x00007dfe98c40ad0} '<init>' '(Lcom/android/tools/r8/graph/E2;Lcom/android/tools/r8/origin/Origin;Lcom/android/tools/r8/graph/p0;Lcom/android/tools/r8/utils/A1;)V' in 'com/android/tools/r8/dex/A')}
  0x00007e003eabd0a0: 488b f748 | bab0 64db | 98fe 7d00 | 0048 8382 | 0808 0000 | 018b 9424 | f800 0000 

  0x00007e003eabd0bc: ;   {optimized virtual_call}
  0x00007e003eabd0bc: 488b f7e8 

  0x00007e003eabd0c0: ; ImmutableOopMap {[264]=Oop [280]=Oop [256]=Oop [272]=Oop [232]=Oop [240]=Oop [192]=Oop [208]=Oop [224]=Oop [200]=Oop }
                      ;*invokevirtual a {reexecute=0 rethrow=0 return_oop=0}
                      ; - com.android.tools.r8.dex.A::<init>@416 (line 79)
  0x00007e003eabd0c0: bcaf cc05 

  0x00007e003eabd0c4: ;   {metadata(method data for {method} {0x00007dfe98c40ad0} '<init>' '(Lcom/android/tools/r8/graph/E2;Lcom/android/tools/r8/origin/Origin;Lcom/android/tools/r8/graph/p0;Lcom/android/tools/r8/utils/A1;)V' in 'com/android/tools/r8/dex/A')}
  0x00007e003eabd0c4: 48be b064 | db98 fe7d | 0000 4883 | 8640 0800 | 0001 488b | b424 e800 | 0000 488b | 9424 e000 
  0x00007e003eabd0e4: ;   {static_call}
  0x00007e003eabd0e4: 0000 90e8 

  0x00007e003eabd0e8: ; ImmutableOopMap {[264]=Oop [280]=Oop [256]=Oop [272]=Oop [240]=Oop [192]=Oop [208]=Oop [224]=Oop [200]=Oop }
                      ;*invokestatic f {reexecute=0 rethrow=0 return_oop=0}
                      ; - com.android.tools.r8.dex.A::<init>@421 (line 80)
  0x00007e003eabd0e8: 94b5 cc05 | 4883 f800 

  0x00007e003eabd0f0: ;   {metadata(method data for {method} {0x00007dfe98c40ad0} '<init>' '(Lcom/android/tools/r8/graph/E2;Lcom/android/tools/r8/origin/Origin;Lcom/android/tools/r8/graph/p0;Lcom/android/tools/r8/utils/A1;)V' in 'com/android/tools/r8/dex/A')}
  0x00007e003eabd0f0: 48ba b064 | db98 fe7d | 0000 48c7 | c660 0800 | 000f 8507 | 0000 0048 | c7c6 5008 | 0000 488b 
  0x00007e003eabd110: 3c32 488d | 7f01 4889 | 3c32 0f85 | 2500 0000 | 488b 8424 | d000 0000 | 4c8b 9c24 | f000 0000 
  0x00007e003eabd130: 488b b424 | c000 0000 | 488b 9c24 | c800 0000 | e96b 1300 

  0x00007e003eabd144: ;   {metadata('java/util/ArrayList')}
  0x00007e003eabd144: 0048 ba30 | e100 0b00 | 7e00 0048 | 8bd8 498b | 8708 0100 | 0048 8d78 | 1849 3bbf | 1801 0000 
  0x00007e003eabd164: 0f87 d931 | 0000 4989 | bf08 0100 | 0048 c700 | 0100 0000 | 488b ca49 | ba00 0000 | 0b00 7e00 
  0x00007e003eabd184: 0049 2bca | 8948 0848 | 33c9 8948 | 0c48 33c9 | 4889 4810 

  0x00007e003eabd198: ; implicit exception: dispatches to 0x00007e003eac0350
  0x00007e003eabd198: 483b 0348 

  0x00007e003eabd19c: ;   {metadata(method data for {method} {0x00007dfe98c40ad0} '<init>' '(Lcom/android/tools/r8/graph/E2;Lcom/android/tools/r8/origin/Origin;Lcom/android/tools/r8/graph/p0;Lcom/android/tools/r8/utils/A1;)V' in 'com/android/tools/r8/dex/A')}
  0x00007e003eabd19c: 8bd3 48be | b064 db98 | fe7d 0000 | 8b52 0849 | ba00 0000 | 0b00 7e00 | 0049 03d2 | 483b 9680 
  0x00007e003eabd1bc: 0800 0075 | 0d48 8386 | 8808 0000 | 01e9 6600 | 0000 483b | 9690 0800 | 0075 0d48 | 8386 9808 
  0x00007e003eabd1dc: 0000 01e9 | 5000 0000 | 4881 be80 | 0800 0000 | 0000 0075 | 1748 8996 | 8008 0000 | 48c7 8688 
  0x00007e003eabd1fc: 0800 0001 | 0000 00e9 | 2c00 0000 | 4881 be90 | 0800 0000 | 0000 0075 | 1748 8996 | 9008 0000 
  0x00007e003eabd21c: 48c7 8698 | 0800 0001 | 0000 00e9 | 0800 0000 | 4883 8670 | 0800 0001 | 8b53 1048 

  0x00007e003eabd238: ;   {metadata(method data for {method} {0x00007dfe98c40ad0} '<init>' '(Lcom/android/tools/r8/graph/E2;Lcom/android/tools/r8/origin/Origin;Lcom/android/tools/r8/graph/p0;Lcom/android/tools/r8/utils/A1;)V' in 'com/android/tools/r8/dex/A')}
  0x00007e003eabd238: 8bf0 48bf | b064 db98 | fe7d 0000 | 4883 87a8 | 0800 0001 | 488b f048 | 899c 2448 | 0100 0048 
  0x00007e003eabd258: 8984 2440 

  0x00007e003eabd25c: ;   {optimized virtual_call}
  0x00007e003eabd25c: 0100 00e8 

  0x00007e003eabd260: ; ImmutableOopMap {[264]=Oop [280]=Oop [256]=Oop [272]=Oop [224]=Oop [208]=Oop [192]=Oop [240]=Oop [320]=Oop [200]=Oop [328]=Oop }
                      ;*invokespecial <init> {reexecute=0 rethrow=0 return_oop=0}
                      ; - com.android.tools.r8.dex.A::<init>@443 (line 82)
  0x00007e003eabd260: 1cae cc05 | 410f be57 | 3883 fa00 | 488b b424 | c800 0000 | 0f85 db30 | 0000 488b | 8424 4001 
  0x00007e003eabd280: 0000 4c8b | d044 8956 | 2448 8bd6 | 4833 d048 | c1ea 1448 | 83fa 000f | 85d3 3000 | 0048 8b84 
  0x00007e003eabd2a0: 2448 0100 

  0x00007e003eabd2a4: ;   {metadata(method data for {method} {0x00007dfe98c40ad0} '<init>' '(Lcom/android/tools/r8/graph/E2;Lcom/android/tools/r8/origin/Origin;Lcom/android/tools/r8/graph/p0;Lcom/android/tools/r8/utils/A1;)V' in 'com/android/tools/r8/dex/A')}
  0x00007e003eabd2a4: 0048 bab0 | 64db 98fe | 7d00 008b | 4008 49ba | 0000 000b | 007e 0000 | 4903 c248 | 3b82 c808 
  0x00007e003eabd2c4: 0000 750d | 4883 82d0 | 0800 0001 | e966 0000 | 0048 3b82 | d808 0000 | 750d 4883 | 82e0 0800 
  0x00007e003eabd2e4: 0001 e950 | 0000 0048 | 81ba c808 | 0000 0000 | 0000 7517 | 4889 82c8 | 0800 0048 | c782 d008 
  0x00007e003eabd304: 0000 0100 | 0000 e92c | 0000 0048 | 81ba d808 | 0000 0000 | 0000 7517 | 4889 82d8 | 0800 0048 
  0x00007e003eabd324: c782 e008 | 0000 0100 | 0000 e908 | 0000 0048 | 8382 b808 

  0x00007e003eabd338: ;   {metadata(method data for {method} {0x00007e000b432810} 'iterator' '()Ljava/util/Iterator;' in 'java/util/ArrayList')}
  0x00007e003eabd338: 0000 0148 | ba08 6307 | 0700 7e00 | 008b baf4 | 0000 0083 | c702 89ba | f400 0000 | 81e7 feff 
  0x00007e003eabd358: 1f00 83ff | 000f 8425 

  0x00007e003eabd360: ;   {metadata('java/util/ArrayList$Itr')}
  0x00007e003eabd360: 3000 0048 | ba90 fc1a | 0b00 7e00 | 0049 8b87 | 0801 0000 | 488d 7820 | 493b bf18 | 0100 000f 
  0x00007e003eabd380: 8724 3000 | 0049 89bf | 0801 0000 | 48c7 0001 | 0000 0048 | 8bca 49ba | 0000 000b | 007e 0000 
  0x00007e003eabd3a0: 492b ca89 | 4808 4833 | c989 480c | 4833 c948 | 8948 1048 | 8948 1848 | 8984 2450 | 0100 0048 
  0x00007e003eabd3c0: ;   {metadata(method data for {method} {0x00007e000b432810} 'iterator' '()Ljava/util/Iterator;' in 'java/util/ArrayList')}
  0x00007e003eabd3c0: 8bf0 48bf | 0863 0707 | 007e 0000 | 4883 8738 | 0100 0001 

  0x00007e003eabd3d4: ;   {metadata(method data for {method} {0x00007e000b1b13b0} '<init>' '(Ljava/util/ArrayList;)V' in 'java/util/ArrayList$Itr')}
  0x00007e003eabd3d4: 48be 7864 | 0707 007e | 0000 8bbe | f400 0000 | 83c7 0289 | bef4 0000 | 0081 e7fe | ff1f 0083 
  0x00007e003eabd3f4: ff00 0f84 | ba2f 0000 | 410f be77 | 3883 fe00 | 0f85 cd2f | 0000 488b | b424 4801 | 0000 4c8b 
  0x00007e003eabd414: d644 8950 | 1848 8bf8 | 4833 fe48 | c1ef 1448 | 83ff 000f | 85c5 2f00 | 0048 8bf8 

  0x00007e003eabd430: ;   {metadata(method data for {method} {0x00007e000b1b13b0} '<init>' '(Ljava/util/ArrayList;)V' in 'java/util/ArrayList$Itr')}
  0x00007e003eabd430: 48ba 7864 | 0707 007e | 0000 4883 | 8238 0100 

  0x00007e003eabd440: ;   {metadata(method data for {method} {0x00007e000b444398} '<init>' '()V' in 'java/lang/Object')}
  0x00007e003eabd440: 0001 48bf | d8ba 0007 | 007e 0000 | 8b97 f400 | 0000 83c2 | 0289 97f4 | 0000 0081 | e2fe ff1f 
  0x00007e003eabd460: 0083 fa00 | 0f84 a02f | 0000 c740 | 10ff ffff | ff8b 760c | 8970 14e9 | b203 0000 | 0f1f 4000 
  0x00007e003eabd480: 488b 8424 | 5001 0000 

  0x00007e003eabd488: ;   {metadata(method data for {method} {0x00007dfe98c40ad0} '<init>' '(Lcom/android/tools/r8/graph/E2;Lcom/android/tools/r8/origin/Origin;Lcom/android/tools/r8/graph/p0;Lcom/android/tools/r8/utils/A1;)V' in 'com/android/tools/r8/dex/A')}
  0x00007e003eabd488: 48bf b064 | db98 fe7d | 0000 8b40 | 0849 ba00 | 0000 0b00 | 7e00 0049 | 03c2 483b | 8758 0900 
  0x00007e003eabd4a8: 0075 0d48 | 8387 6009 | 0000 01e9 | 6600 0000 | 483b 8768 | 0900 0075 | 0d48 8387 | 7009 0000 
  0x00007e003eabd4c8: 01e9 5000 | 0000 4881 | bf58 0900 | 0000 0000 | 0075 1748 | 8987 5809 | 0000 48c7 | 8760 0900 
  0x00007e003eabd4e8: 0001 0000 | 00e9 2c00 | 0000 4881 | bf68 0900 | 0000 0000 | 0075 1748 | 8987 6809 | 0000 48c7 
  0x00007e003eabd508: 8770 0900 | 0001 0000 | 00e9 0800 | 0000 4883 | 8748 0900 | 0001 488b | b424 5001 | 0000 0f1f 
  0x00007e003eabd528: 8000 0000 | 0048 b8ff | ffff ffff 

  0x00007e003eabd534: ;   {virtual_call}
  0x00007e003eabd534: ffff ffe8 

  0x00007e003eabd538: ; ImmutableOopMap {[264]=Oop [280]=Oop [256]=Oop [272]=Oop [224]=Oop [208]=Oop [192]=Oop [240]=Oop [336]=Oop [200]=Oop }
                      ;*invokeinterface next {reexecute=0 rethrow=0 return_oop=0}
                      ; - com.android.tools.r8.dex.A::<init>@469 (line 83)
  0x00007e003eabd538: 44ae cc05 | 4883 f800 

  0x00007e003eabd540: ;   {metadata(method data for {method} {0x00007dfe98c40ad0} '<init>' '(Lcom/android/tools/r8/graph/E2;Lcom/android/tools/r8/origin/Origin;Lcom/android/tools/r8/graph/p0;Lcom/android/tools/r8/utils/A1;)V' in 'com/android/tools/r8/dex/A')}
  0x00007e003eabd540: 7516 48be | b064 db98 | fe7d 0000 | 808e 7909 | 0000 01e9 | d200 0000 

  0x00007e003eabd558: ;   {metadata('com/android/tools/r8/graph/E2')}
  0x00007e003eabd558: 48bf d8f8 | c00c 007e | 0000 8b50 | 0849 ba00 | 0000 0b00 | 7e00 0049 | 03d2 483b | fa0f 8593 
  0x00007e003eabd578: ;   {metadata(method data for {method} {0x00007dfe98c40ad0} '<init>' '(Lcom/android/tools/r8/graph/E2;Lcom/android/tools/r8/origin/Origin;Lcom/android/tools/r8/graph/p0;Lcom/android/tools/r8/utils/A1;)V' in 'com/android/tools/r8/dex/A')}
  0x00007e003eabd578: 0000 0048 | beb0 64db | 98fe 7d00 | 008b 7808 | 49ba 0000 | 000b 007e | 0000 4903 | fa48 3bbe 
  0x00007e003eabd598: 9009 0000 | 750d 4883 | 8698 0900 | 0001 e97f | 0000 0048 | 3bbe a009 | 0000 750d | 4883 86a8 
  0x00007e003eabd5b8: 0900 0001 | e969 0000 | 0048 81be | 9009 0000 | 0000 0000 | 7517 4889 | be90 0900 | 0048 c786 
  0x00007e003eabd5d8: 9809 0000 | 0100 0000 | e945 0000 | 0048 81be | a009 0000 | 0000 0000 | 7517 4889 | bea0 0900 
  0x00007e003eabd5f8: 0048 c786 | a809 0000 | 0100 0000 | e921 0000 | 00e9 1c00 

  0x00007e003eabd60c: ;   {metadata(method data for {method} {0x00007dfe98c40ad0} '<init>' '(Lcom/android/tools/r8/graph/E2;Lcom/android/tools/r8/origin/Origin;Lcom/android/tools/r8/graph/p0;Lcom/android/tools/r8/utils/A1;)V' in 'com/android/tools/r8/dex/A')}
  0x00007e003eabd60c: 0000 48be | b064 db98 | fe7d 0000 | 4883 ae80 | 0900 0001 | e906 2e00 | 00e9 0000 | 0000 488b 
  0x00007e003eabd62c: d848 8bb4 | 24c8 0000 | 0044 8b46 | 240f 1f80 | 0000 0000 

  0x00007e003eabd640: ;   {no_reloc}
  0x00007e003eabd640: e9fe 2d00 | 0000 0000 | 0000 498b | 8708 0100 | 0048 8d78 | 1049 3bbf | 1801 0000 | 0f87 eb2d 
  0x00007e003eabd660: 0000 4989 | bf08 0100 | 0048 c700 | 0100 0000 | 488b ca49 | ba00 0000 | 0b00 7e00 | 0049 2bca 
  0x00007e003eabd680: 8948 0848 | 33c9 8948 | 0c48 33c9 

  0x00007e003eabd68c: ;   {metadata(method data for {method} {0x00007dfe98c40ad0} '<init>' '(Lcom/android/tools/r8/graph/E2;Lcom/android/tools/r8/origin/Origin;Lcom/android/tools/r8/graph/p0;Lcom/android/tools/r8/utils/A1;)V' in 'com/android/tools/r8/dex/A')}
  0x00007e003eabd68c: 488b d048 | beb0 64db | 98fe 7d00 | 0048 8386 | b809 0000 

  0x00007e003eabd6a0: ;   {metadata(method data for {method} {0x00007dfe99327c00} '<init>' '(Lcom/android/tools/r8/graph/E2;)V' in 'com/android/tools/r8/graph/j5')}
  0x00007e003eabd6a0: 0148 bad0 | 63a4 99fe | 7d00 008b | b2f4 0000 | 0083 c602 | 89b2 f400 | 0000 81e6 | feff 1f00 
  0x00007e003eabd6c0: 83fe 000f | 8491 2d00 | 0048 8bd0 

  0x00007e003eabd6cc: ;   {metadata(method data for {method} {0x00007dfe99327c00} '<init>' '(Lcom/android/tools/r8/graph/E2;)V' in 'com/android/tools/r8/graph/j5')}
  0x00007e003eabd6cc: 48be d063 | a499 fe7d | 0000 4883 | 8638 0100 

  0x00007e003eabd6dc: ;   {metadata(method data for {method} {0x00007e000b444398} '<init>' '()V' in 'java/lang/Object')}
  0x00007e003eabd6dc: 0001 48ba | d8ba 0007 | 007e 0000 | 8bb2 f400 | 0000 83c6 | 0289 b2f4 | 0000 0081 | e6fe ff1f 
  0x00007e003eabd6fc: 0083 fe00 | 0f84 752d | 0000 410f | be57 3883 | fa00 0f85 | 882d 0000 | 4c8b d344 | 8950 0c48 
  0x00007e003eabd71c: 8bd0 4833 | d348 c1ea | 1448 83fa | 000f 8588 | 2d00 0049 | 3b00 498b 

  0x00007e003eabd734: ;   {metadata(method data for {method} {0x00007dfe98c40ad0} '<init>' '(Lcom/android/tools/r8/graph/E2;Lcom/android/tools/r8/origin/Origin;Lcom/android/tools/r8/graph/p0;Lcom/android/tools/r8/utils/A1;)V' in 'com/android/tools/r8/dex/A')}
  0x00007e003eabd734: d048 beb0 | 64db 98fe | 7d00 008b | 5208 49ba | 0000 000b | 007e 0000 | 4903 d248 | 3b96 d809 
  0x00007e003eabd754: 0000 750d | 4883 86e0 | 0900 0001 | e966 0000 | 0048 3b96 | e809 0000 | 750d 4883 | 86f0 0900 
  0x00007e003eabd774: 0001 e950 | 0000 0048 | 81be d809 | 0000 0000 | 0000 7517 | 4889 96d8 | 0900 0048 | c786 e009 
  0x00007e003eabd794: 0000 0100 | 0000 e92c | 0000 0048 | 81be e809 | 0000 0000 | 0000 7517 | 4889 96e8 | 0900 0048 
  0x00007e003eabd7b4: c786 f009 | 0000 0100 | 0000 e908 | 0000 0048 | 8386 c809 | 0000 0148 | 8bd0 498b | f00f 1f40 
  0x00007e003eabd7d4: 0048 b8ff | ffff ffff 

  0x00007e003eabd7dc: ;   {virtual_call}
  0x00007e003eabd7dc: ffff ffe8 

  0x00007e003eabd7e0: ; ImmutableOopMap {[264]=Oop [280]=Oop [256]=Oop [272]=Oop [224]=Oop [208]=Oop [192]=Oop [240]=Oop [336]=Oop [200]=Oop }
                      ;*invokeinterface add {reexecute=0 rethrow=0 return_oop=0}
                      ; - com.android.tools.r8.dex.A::<init>@492 (line 84)
  0x00007e003eabd7e0: 9cab cc05 

  0x00007e003eabd7e4: ;   {metadata(method data for {method} {0x00007dfe98c40ad0} '<init>' '(Lcom/android/tools/r8/graph/E2;Lcom/android/tools/r8/origin/Origin;Lcom/android/tools/r8/graph/p0;Lcom/android/tools/r8/utils/A1;)V' in 'com/android/tools/r8/dex/A')}
  0x00007e003eabd7e4: 48ba b064 | db98 fe7d | 0000 8bb2 | f800 0000 | 83c6 0289 | b2f8 0000 | 0081 e6fe | 3f00 0083 
  0x00007e003eabd804: fe00 0f84 | c82c 0000 | 4d8b 9748 

  0x00007e003eabd810: ; ImmutableOopMap {[264]=Oop [280]=Oop [256]=Oop [272]=Oop [224]=Oop [208]=Oop [192]=Oop [240]=Oop [336]=Oop [200]=Oop }
                      ;*goto {reexecute=1 rethrow=0 return_oop=0}
                      ; - (reexecute) com.android.tools.r8.dex.A::<init>@498 (line 84)
                      ;   {poll}
  0x00007e003eabd810: 0300 0041 

  0x00007e003eabd814: ;   {metadata(method data for {method} {0x00007dfe98c40ad0} '<init>' '(Lcom/android/tools/r8/graph/E2;Lcom/android/tools/r8/origin/Origin;Lcom/android/tools/r8/graph/p0;Lcom/android/tools/r8/utils/A1;)V' in 'com/android/tools/r8/dex/A')}
  0x00007e003eabd814: 8502 48ba | b064 db98 | fe7d 0000 | ff82 000a | 0000 488b | 8424 5001 | 0000 488b 

  0x00007e003eabd830: ;   {metadata(method data for {method} {0x00007dfe98c40ad0} '<init>' '(Lcom/android/tools/r8/graph/E2;Lcom/android/tools/r8/origin/Origin;Lcom/android/tools/r8/graph/p0;Lcom/android/tools/r8/utils/A1;)V' in 'com/android/tools/r8/dex/A')}
  0x00007e003eabd830: f848 bbb0 | 64db 98fe | 7d00 008b | 7f08 49ba | 0000 000b | 007e 0000 | 4903 fa48 | 3bbb 0009 
  0x00007e003eabd850: 0000 750d | 4883 8308 | 0900 0001 | e966 0000 | 0048 3bbb | 1009 0000 | 750d 4883 | 8318 0900 
  0x00007e003eabd870: 0001 e950 | 0000 0048 | 81bb 0009 | 0000 0000 | 0000 7517 | 4889 bb00 | 0900 0048 | c783 0809 
  0x00007e003eabd890: 0000 0100 | 0000 e92c | 0000 0048 | 81bb 1009 | 0000 0000 | 0000 7517 | 4889 bb10 | 0900 0048 
  0x00007e003eabd8b0: c783 1809 | 0000 0100 | 0000 e908 | 0000 0048 | 8383 f008 | 0000 0148 | 8bf0 6666 | 9048 b8ff 
  0x00007e003eabd8d0: ffff ffff 

  0x00007e003eabd8d4: ;   {virtual_call}
  0x00007e003eabd8d4: ffff ffe8 

  0x00007e003eabd8d8: ; ImmutableOopMap {[264]=Oop [280]=Oop [256]=Oop [272]=Oop [224]=Oop [208]=Oop [192]=Oop [240]=Oop [200]=Oop [336]=Oop }
                      ;*invokeinterface hasNext {reexecute=0 rethrow=0 return_oop=0}
                      ; - com.android.tools.r8.dex.A::<init>@459 (line 83)
  0x00007e003eabd8d8: a4aa cc05 

  0x00007e003eabd8dc: ;   {metadata(method data for {method} {0x00007dfe98c40ad0} '<init>' '(Lcom/android/tools/r8/graph/E2;Lcom/android/tools/r8/origin/Origin;Lcom/android/tools/r8/graph/p0;Lcom/android/tools/r8/utils/A1;)V' in 'com/android/tools/r8/dex/A')}
  0x00007e003eabd8dc: 83f8 0048 | beb0 64db | 98fe 7d00 | 0048 c7c7 | 3809 0000 | 0f85 0700 | 0000 48c7 | c728 0900 
  0x00007e003eabd8fc: 0048 8b1c | 3e48 8d5b | 0148 891c | 3e0f 8571 | fbff ff48 | 8b84 24d0 | 0000 004c | 8b9c 24f0 
  0x00007e003eabd91c: 0000 0048 | 8bb4 24c0 | 0000 0048 | 8b9c 24c8 | 0000 00e9 | 7c0b 0000 

  0x00007e003eabd934: ;   {metadata(method data for {method} {0x00007dfe98c40ad0} '<init>' '(Lcom/android/tools/r8/graph/E2;Lcom/android/tools/r8/origin/Origin;Lcom/android/tools/r8/graph/p0;Lcom/android/tools/r8/utils/A1;)V' in 'com/android/tools/r8/dex/A')}
  0x00007e003eabd934: 488b fb48 | bab0 64db | 98fe 7d00 | 0048 8382 | 180a 0000 

  0x00007e003eabd948: ;   {metadata(method data for {method} {0x00007dfe98bf14f8} 'n' '(Lcom/android/tools/r8/graph/m0;Lcom/android/tools/r8/graph/y1;)Z' in 'com/android/tools/r8/graph/m0')}
  0x00007e003eabd948: 0148 ba88 | 93e0 98fe | 7d00 008b | 9af4 0000 | 0083 c302 | 899a f400 | 0000 81e3 | feff 1f00 
  0x00007e003eabd968: 83fb 000f | 8484 2b00 | 008b 9708 | 0500 0048 

  0x00007e003eabd978: ;   {metadata(method data for {method} {0x00007dfe98bf14f8} 'n' '(Lcom/android/tools/r8/graph/m0;Lcom/android/tools/r8/graph/y1;)Z' in 'com/android/tools/r8/graph/m0')}
  0x00007e003eabd978: 3bf2 48ba | 8893 e098 | fe7d 0000 | 48c7 c338 | 0100 000f | 8507 0000 | 0048 c7c3 | 4801 0000 
  0x00007e003eabd998: 488b 041a | 488d 4001 | 4889 041a | 0f85 1a00 

  0x00007e003eabd9a8: ;   {metadata(method data for {method} {0x00007dfe98bf14f8} 'n' '(Lcom/android/tools/r8/graph/m0;Lcom/android/tools/r8/graph/y1;)Z' in 'com/android/tools/r8/graph/m0')}
  0x00007e003eabd9a8: 0000 48ba | 8893 e098 | fe7d 0000 | ff82 5801 | 0000 ba01 | 0000 00e9 | 0500 0000 | ba00 0000 
  0x00007e003eabd9c8: 0083 e201 

  0x00007e003eabd9cc: ;   {metadata(method data for {method} {0x00007dfe98c40ad0} '<init>' '(Lcom/android/tools/r8/graph/E2;Lcom/android/tools/r8/origin/Origin;Lcom/android/tools/r8/graph/p0;Lcom/android/tools/r8/utils/A1;)V' in 'com/android/tools/r8/dex/A')}
  0x00007e003eabd9cc: 83fa 0048 | bab0 64db | 98fe 7d00 | 0048 c7c3 | 280a 0000 | 0f84 0700 | 0000 48c7 | c338 0a00 
  0x00007e003eabd9ec: 0048 8b04 | 1a48 8d40 | 0148 8904 | 1a0f 84d1 | 0100 0048 | 8bb4 24c8 

  0x00007e003eabda04: ;   {metadata(method data for {method} {0x00007dfe98c40ad0} '<init>' '(Lcom/android/tools/r8/graph/E2;Lcom/android/tools/r8/origin/Origin;Lcom/android/tools/r8/graph/p0;Lcom/android/tools/r8/utils/A1;)V' in 'com/android/tools/r8/dex/A')}
  0x00007e003eabda04: 0000 0048 | bab0 64db | 98fe 7d00 | 0048 8382 | 480a 0000 | 018b 9424 | f800 0000 | 488b b424 
  0x00007e003eabda24: c800 0000 | 0f1f 8000 

  0x00007e003eabda2c: ;   {optimized virtual_call}
  0x00007e003eabda2c: 0000 00e8 

  0x00007e003eabda30: ; ImmutableOopMap {[264]=Oop [280]=Oop [256]=Oop [272]=Oop [200]=Oop [232]=Oop [240]=Oop [192]=Oop [208]=Oop [224]=Oop }
                      ;*invokevirtual a {reexecute=0 rethrow=0 return_oop=0}
                      ; - com.android.tools.r8.dex.A::<init>@516 (line 88)
  0x00007e003eabda30: 4ca6 cc05 

  0x00007e003eabda34: ;   {metadata(method data for {method} {0x00007dfe98c40ad0} '<init>' '(Lcom/android/tools/r8/graph/E2;Lcom/android/tools/r8/origin/Origin;Lcom/android/tools/r8/graph/p0;Lcom/android/tools/r8/utils/A1;)V' in 'com/android/tools/r8/dex/A')}
  0x00007e003eabda34: 48be b064 | db98 fe7d | 0000 4883 | 8680 0a00 | 0001 488b | b424 e800 | 0000 488b | 9424 e000 
  0x00007e003eabda54: ;   {static_call}
  0x00007e003eabda54: 0000 90e8 

  0x00007e003eabda58: ; ImmutableOopMap {[264]=Oop [280]=Oop [256]=Oop [272]=Oop [200]=Oop [240]=Oop [192]=Oop [208]=Oop [224]=Oop }
                      ;*invokestatic g {reexecute=0 rethrow=0 return_oop=0}
                      ; - com.android.tools.r8.dex.A::<init>@521 (line 90)
  0x00007e003eabda58: 24ac cc05 | 4883 f800 

  0x00007e003eabda60: ;   {metadata(method data for {method} {0x00007dfe98c40ad0} '<init>' '(Lcom/android/tools/r8/graph/E2;Lcom/android/tools/r8/origin/Origin;Lcom/android/tools/r8/graph/p0;Lcom/android/tools/r8/utils/A1;)V' in 'com/android/tools/r8/dex/A')}
  0x00007e003eabda60: 48be b064 | db98 fe7d | 0000 48c7 | c7a0 0a00 | 000f 8507 | 0000 0048 | c7c7 900a | 0000 488b 
  0x00007e003eabda80: 1c3e 488d | 5b01 4889 | 1c3e 0f85 | 2500 0000 | 488b 8424 | d000 0000 | 4c8b 9c24 | f000 0000 
  0x00007e003eabdaa0: 488b b424 | c000 0000 | 488b 9c24 | c800 0000 | e9fb 0900 | 0048 8984 | 2458 0100 | 0066 6690 
  0x00007e003eabdac0: ;   {no_reloc}
  0x00007e003eabdac0: e960 2a00 | 0090 9090 | 9090 488b 

  0x00007e003eabdacc: ;   {static_call}
  0x00007e003eabdacc: f766 90e8 

  0x00007e003eabdad0: ; ImmutableOopMap {[264]=Oop [280]=Oop [256]=Oop [272]=Oop [224]=Oop [208]=Oop [192]=Oop [240]=Oop [200]=Oop [344]=Oop }
                      ;*invokedynamic {reexecute=0 rethrow=0 return_oop=0}
                      ; - com.android.tools.r8.dex.A::<init>@532 (line 92)
  0x00007e003eabdad0: acab cc05 

  0x00007e003eabdad4: ;   {metadata(method data for {method} {0x00007dfe98c40ad0} '<init>' '(Lcom/android/tools/r8/graph/E2;Lcom/android/tools/r8/origin/Origin;Lcom/android/tools/r8/graph/p0;Lcom/android/tools/r8/utils/A1;)V' in 'com/android/tools/r8/dex/A')}
  0x00007e003eabdad4: 48be b064 | db98 fe7d | 0000 488d | b6c0 0a00 | 0048 85c0 | 7510 48f7 | 0601 0000 | 0075 50f0 
  0x00007e003eabdaf4: 4883 0e01 | eb49 8b50 | 0849 ba00 | 0000 0b00 | 7e00 0049 | 03d2 4c8b | d248 3316 | 48f7 c2fc 
  0x00007e003eabdb14: ffff ff74 | 2a48 f7c2 | 0200 0000 | 7521 48f7 | 06fe ffff | ff74 1549 | 8bd2 4833 | 1648 f7c2 
  0x00007e003eabdb34: fcff ffff | 7409 4883 | 0e02 eb03 

  0x00007e003eabdb40: ;   {metadata(method data for {method} {0x00007dfe98c40ad0} '<init>' '(Lcom/android/tools/r8/graph/E2;Lcom/android/tools/r8/origin/Origin;Lcom/android/tools/r8/graph/p0;Lcom/android/tools/r8/utils/A1;)V' in 'com/android/tools/r8/dex/A')}
  0x00007e003eabdb40: 4889 1648 | beb0 64db | 98fe 7d00 | 0048 8386 | d00a 0000 | 0148 8bb4 | 2458 0100 | 0048 8bd0 
  0x00007e003eabdb60: 0f1f 8000 

  0x00007e003eabdb64: ;   {static_call}
  0x00007e003eabdb64: 0000 00e8 

  0x00007e003eabdb68: ; ImmutableOopMap {[264]=Oop [280]=Oop [256]=Oop [272]=Oop [224]=Oop [208]=Oop [192]=Oop [240]=Oop [200]=Oop }
                      ;*invokestatic a {reexecute=0 rethrow=0 return_oop=0}
                      ; - com.android.tools.r8.dex.A::<init>@537 (line 93)
  0x00007e003eabdb68: 14ab cc05 | 410f be57 | 3883 fa00 | 488b b424 | c800 0000 | 0f85 ad29 | 0000 4c8b | d044 8956 
  0x00007e003eabdb88: 2848 8bd6 | 4833 d048 | c1ea 1448 | 83fa 000f | 85ad 2900 

  0x00007e003eabdb9c: ;   {metadata(method data for {method} {0x00007dfe98c40ad0} '<init>' '(Lcom/android/tools/r8/graph/E2;Lcom/android/tools/r8/origin/Origin;Lcom/android/tools/r8/graph/p0;Lcom/android/tools/r8/utils/A1;)V' in 'com/android/tools/r8/dex/A')}
  0x00007e003eabdb9c: 0048 bab0 | 64db 98fe | 7d00 00ff | 82e0 0a00 | 0048 8b84 | 24d0 0000 | 004c 8b9c | 24f0 0000 
  0x00007e003eabdbbc: 0048 8bfe | 488b b424 | c000 0000 | 488b dfe9 | e008 0000 | 488b df48 | 8bbc 24c8 

  0x00007e003eabdbd8: ;   {metadata(method data for {method} {0x00007dfe98c40ad0} '<init>' '(Lcom/android/tools/r8/graph/E2;Lcom/android/tools/r8/origin/Origin;Lcom/android/tools/r8/graph/p0;Lcom/android/tools/r8/utils/A1;)V' in 'com/android/tools/r8/dex/A')}
  0x00007e003eabdbd8: 0000 0048 | bab0 64db | 98fe 7d00 | 0048 8382 | f80a 0000 

  0x00007e003eabdbec: ;   {metadata(method data for {method} {0x00007dfe98bf15a8} 'o' '(Lcom/android/tools/r8/graph/m0;Lcom/android/tools/r8/graph/y1;)Z' in 'com/android/tools/r8/graph/m0')}
  0x00007e003eabdbec: 0148 ba40 | 95e0 98fe | 7d00 008b | 82f4 0000 | 0083 c002 | 8982 f400 | 0000 81e0 | feff 1f00 
  0x00007e003eabdc0c: 83f8 000f | 844d 2900 | 0048 8b84 | 24e8 0000 

  0x00007e003eabdc1c: ;   {metadata(method data for {method} {0x00007dfe98bf15a8} 'o' '(Lcom/android/tools/r8/graph/m0;Lcom/android/tools/r8/graph/y1;)Z' in 'com/android/tools/r8/graph/m0')}
  0x00007e003eabdc1c: 0048 ba40 | 95e0 98fe | 7d00 008b | 4008 49ba | 0000 000b | 007e 0000 | 4903 c248 | 3b82 4801 
  0x00007e003eabdc3c: 0000 750d | 4883 8250 | 0100 0001 | e966 0000 | 0048 3b82 | 5801 0000 | 750d 4883 | 8260 0100 
  0x00007e003eabdc5c: 0001 e950 | 0000 0048 | 81ba 4801 | 0000 0000 | 0000 7517 | 4889 8248 | 0100 0048 | c782 5001 
  0x00007e003eabdc7c: 0000 0100 | 0000 e92c | 0000 0048 | 81ba 5801 | 0000 0000 | 0000 7517 | 4889 8258 | 0100 0048 
  0x00007e003eabdc9c: c782 6001 | 0000 0100 | 0000 e908 | 0000 0048 | 8382 3801 

  0x00007e003eabdcb0: ;   {metadata(method data for {method} {0x00007dfe98bf07f0} 'p0' '()Lcom/android/tools/r8/graph/E2;' in 'com/android/tools/r8/graph/m0')}
  0x00007e003eabdcb0: 0000 0148 | bad8 8ce0 | 98fe 7d00 | 008b 82f4 | 0000 0083 | c002 8982 | f400 0000 | 81e0 feff 
  0x00007e003eabdcd0: 1f00 83f8 | 000f 84a8 | 2800 008b | 930c 0500 | 0048 3bf2 

  0x00007e003eabdce4: ;   {metadata(method data for {method} {0x00007dfe98bf15a8} 'o' '(Lcom/android/tools/r8/graph/m0;Lcom/android/tools/r8/graph/y1;)Z' in 'com/android/tools/r8/graph/m0')}
  0x00007e003eabdce4: 48ba 4095 | e098 fe7d | 0000 48c7 | c670 0100 | 000f 8507 | 0000 0048 | c7c6 8001 | 0000 488b 
  0x00007e003eabdd04: 0432 488d | 4001 4889 | 0432 0f85 | 1a00 0000 

  0x00007e003eabdd14: ;   {metadata(method data for {method} {0x00007dfe98bf15a8} 'o' '(Lcom/android/tools/r8/graph/m0;Lcom/android/tools/r8/graph/y1;)Z' in 'com/android/tools/r8/graph/m0')}
  0x00007e003eabdd14: 48ba 4095 | e098 fe7d | 0000 ff82 | 9001 0000 | ba01 0000 | 00e9 0500 | 0000 ba00 | 0000 0083 
  0x00007e003eabdd34: e201 83fa 

  0x00007e003eabdd38: ;   {metadata(method data for {method} {0x00007dfe98c40ad0} '<init>' '(Lcom/android/tools/r8/graph/E2;Lcom/android/tools/r8/origin/Origin;Lcom/android/tools/r8/graph/p0;Lcom/android/tools/r8/utils/A1;)V' in 'com/android/tools/r8/dex/A')}
  0x00007e003eabdd38: 0048 bab0 | 64db 98fe | 7d00 0048 | c7c6 080b | 0000 0f84 | 0700 0000 | 48c7 c618 | 0b00 0048 
  0x00007e003eabdd58: 8b04 3248 | 8d40 0148 | 8904 3248 | 8bf7 0f84 | 1d01 0000 

  0x00007e003eabdd6c: ;   {metadata(method data for {method} {0x00007dfe98c40ad0} '<init>' '(Lcom/android/tools/r8/graph/E2;Lcom/android/tools/r8/origin/Origin;Lcom/android/tools/r8/graph/p0;Lcom/android/tools/r8/utils/A1;)V' in 'com/android/tools/r8/dex/A')}
  0x00007e003eabdd6c: 48ba b064 | db98 fe7d | 0000 4883 | 8228 0b00 | 0001 8b94 | 24f8 0000 | 0048 8bf7 | 0f1f 8000 
  0x00007e003eabdd8c: ;   {optimized virtual_call}
  0x00007e003eabdd8c: 0000 00e8 

  0x00007e003eabdd90: ; ImmutableOopMap {[264]=Oop [280]=Oop [256]=Oop [272]=Oop [232]=Oop [208]=Oop [240]=Oop [192]=Oop [224]=Oop [200]=Oop }
                      ;*invokevirtual a {reexecute=0 rethrow=0 return_oop=0}
                      ; - com.android.tools.r8.dex.A::<init>@562 (line 96)
  0x00007e003eabdd90: eca2 cc05 

  0x00007e003eabdd94: ;   {metadata(method data for {method} {0x00007dfe98c40ad0} '<init>' '(Lcom/android/tools/r8/graph/E2;Lcom/android/tools/r8/origin/Origin;Lcom/android/tools/r8/graph/p0;Lcom/android/tools/r8/utils/A1;)V' in 'com/android/tools/r8/dex/A')}
  0x00007e003eabdd94: 48be b064 | db98 fe7d | 0000 4883 | 8660 0b00 | 0001 488b | b424 0801 | 0000 488b | 9424 e800 
  0x00007e003eabddb4: 0000 488b | 8c24 e000 | 0000 4c8b | 8424 1801 

  0x00007e003eabddc4: ;   {static_call}
  0x00007e003eabddc4: 0000 90e8 

  0x00007e003eabddc8: ; ImmutableOopMap {[264]=Oop [280]=Oop [256]=Oop [272]=Oop [208]=Oop [240]=Oop [192]=Oop [224]=Oop [200]=Oop }
                      ;*invokestatic a {reexecute=0 rethrow=0 return_oop=0}
                      ; - com.android.tools.r8.dex.A::<init>@570 (line 98)
  0x00007e003eabddc8: b4a8 cc05 | 4883 f800 

  0x00007e003eabddd0: ;   {metadata(method data for {method} {0x00007dfe98c40ad0} '<init>' '(Lcom/android/tools/r8/graph/E2;Lcom/android/tools/r8/origin/Origin;Lcom/android/tools/r8/graph/p0;Lcom/android/tools/r8/utils/A1;)V' in 'com/android/tools/r8/dex/A')}
  0x00007e003eabddd0: 48ba b064 | db98 fe7d | 0000 48c7 | c680 0b00 | 000f 8507 | 0000 0048 | c7c6 700b | 0000 488b 
  0x00007e003eabddf0: 3c32 488d | 7f01 4889 | 3c32 0f85 | 2500 0000 | 488b 8424 | d000 0000 | 4c8b 9c24 | f000 0000 
  0x00007e003eabde10: 488b b424 | c000 0000 | 488b 9c24 | c800 0000 | e98b 0600 | 0048 8bb4 | 24c8 0000 | 0041 0fbe 
  0x00007e003eabde30: 5738 83fa | 000f 8569 | 2700 004c | 8bd0 4489 | 562c 488b | d648 33d0 | 48c1 ea14 | 4883 fa00 
  0x00007e003eabde50: 0f85 6927 

  0x00007e003eabde54: ;   {metadata(method data for {method} {0x00007dfe98c40ad0} '<init>' '(Lcom/android/tools/r8/graph/E2;Lcom/android/tools/r8/origin/Origin;Lcom/android/tools/r8/graph/p0;Lcom/android/tools/r8/utils/A1;)V' in 'com/android/tools/r8/dex/A')}
  0x00007e003eabde54: 0000 48ba | b064 db98 | fe7d 0000 | ff82 900b | 0000 488b | 8424 d000 | 0000 4c8b | 9c24 f000 
  0x00007e003eabde74: 0000 488b | fe48 8bb4 | 24c0 0000 | 0048 8bdf | e927 0600 

  0x00007e003eabde88: ;   {metadata(method data for {method} {0x00007dfe98c40ad0} '<init>' '(Lcom/android/tools/r8/graph/E2;Lcom/android/tools/r8/origin/Origin;Lcom/android/tools/r8/graph/p0;Lcom/android/tools/r8/utils/A1;)V' in 'com/android/tools/r8/dex/A')}
  0x00007e003eabde88: 0048 bab0 | 64db 98fe | 7d00 0048 | 8382 a80b 

  0x00007e003eabde98: ;   {metadata(method data for {method} {0x00007dfe98c410a8} 'a' '(Lcom/android/tools/r8/graph/m0;)V' in 'com/android/tools/r8/dex/A')}
  0x00007e003eabde98: 0000 0148 | ba40 8ee0 | 98fe 7d00 | 008b b2f4 | 0000 0083 | c602 89b2 | f400 0000 | 81e6 feff 
  0x00007e003eabdeb8: 1f00 83fe | 000f 8414 | 2700 008b | 5f18 4883 

  0x00007e003eabdec8: ;   {metadata(method data for {method} {0x00007dfe98c410a8} 'a' '(Lcom/android/tools/r8/graph/m0;)V' in 'com/android/tools/r8/dex/A')}
  0x00007e003eabdec8: fb00 48ba | 408e e098 | fe7d 0000 | 48c7 c638 | 0100 000f | 8407 0000 | 0048 c7c6 | 4801 0000 
  0x00007e003eabdee8: 488b 0432 | 488d 4001 | 4889 0432 | 0f84 2703 | 0000 483b | 0348 8bd3 

  0x00007e003eabdf00: ;   {metadata(method data for {method} {0x00007dfe98c410a8} 'a' '(Lcom/android/tools/r8/graph/m0;)V' in 'com/android/tools/r8/dex/A')}
  0x00007e003eabdf00: 48be 408e | e098 fe7d | 0000 8b52 | 0849 ba00 | 0000 0b00 | 7e00 0049 | 03d2 483b | 9668 0100 
  0x00007e003eabdf20: 0075 0d48 | 8386 7001 | 0000 01e9 | 6600 0000 | 483b 9678 | 0100 0075 | 0d48 8386 | 8001 0000 
  0x00007e003eabdf40: 01e9 5000 | 0000 4881 | be68 0100 | 0000 0000 | 0075 1748 | 8996 6801 | 0000 48c7 | 8670 0100 
  0x00007e003eabdf60: 0001 0000 | 00e9 2c00 | 0000 4881 | be78 0100 | 0000 0000 | 0075 1748 | 8996 7801 | 0000 48c7 
  0x00007e003eabdf80: 8680 0100 | 0001 0000 | 00e9 0800 | 0000 4883 | 8658 0100 

  0x00007e003eabdf94: ;   {metadata(method data for {method} {0x00007e000b432c88} 'add' '(Ljava/lang/Object;)Z' in 'java/util/ArrayList')}
  0x00007e003eabdf94: 0001 48ba | 3005 0707 | 007e 0000 | 8bb2 f400 | 0000 83c6 | 0289 b2f4 | 0000 0081 | e6fe ff1f 
  0x00007e003eabdfb4: 0083 fe00 | 0f84 3f26 | 0000 8b53 | 0cff c289 | 530c 8b53 | 148b 4310 

  0x00007e003eabdfcc: ;   {metadata(method data for {method} {0x00007e000b432c88} 'add' '(Ljava/lang/Object;)Z' in 'java/util/ArrayList')}
  0x00007e003eabdfcc: 488b f348 | b930 0507 | 0700 7e00 | 0048 8381 | 3801 0000 

  0x00007e003eabdfe0: ;   {metadata(method data for {method} {0x00007e000b432f98} 'add' '(Ljava/lang/Object;[Ljava/lang/Object;I)V' in 'java/util/ArrayList')}
  0x00007e003eabdfe0: 0148 bee8 | 0607 0700 | 7e00 008b | 8ef4 0000 | 0083 c102 | 898e f400 | 0000 81e1 | feff 1f00 
  0x00007e003eabe000: 83f9 000f | 8415 2600 | 008b 720c 

  0x00007e003eabe00c: ;   {metadata(method data for {method} {0x00007e000b432f98} 'add' '(Ljava/lang/Object;[Ljava/lang/Object;I)V' in 'java/util/ArrayList')}
  0x00007e003eabe00c: 3bc6 48be | e806 0707 | 007e 0000 | 48c7 c138 | 0100 000f | 8507 0000 | 0048 c7c1 | 4801 0000 
  0x00007e003eabe02c: 4c8b 040e | 4d8d 4001 | 4c89 040e | 0f85 8000 | 0000 488b 

  0x00007e003eabe040: ;   {metadata(method data for {method} {0x00007e000b432f98} 'add' '(Ljava/lang/Object;[Ljava/lang/Object;I)V' in 'java/util/ArrayList')}
  0x00007e003eabe040: d348 bfe8 | 0607 0700 | 7e00 0048 | 8387 5801 

  0x00007e003eabe050: ;   {metadata(method data for {method} {0x00007e000b433308} 'grow' '()[Ljava/lang/Object;' in 'java/util/ArrayList')}
  0x00007e003eabe050: 0000 0148 | ba08 0907 | 0700 7e00 | 008b baf4 | 0000 0083 | c702 89ba | f400 0000 | 81e7 feff 
  0x00007e003eabe070: 1f00 83ff | 000f 84c9 | 2500 0048 

  0x00007e003eabe07c: ;   {metadata(method data for {method} {0x00007e000b433308} 'grow' '()[Ljava/lang/Object;' in 'java/util/ArrayList')}
  0x00007e003eabe07c: 8bd3 48bf | 0809 0707 | 007e 0000 | 4883 8738 | 0100 0001 | 488b d0ff | c248 8bf3 | 4889 9c24 
  0x00007e003eabe09c: 6801 0000 | 8984 2460 

  0x00007e003eabe0a4: ;   {optimized virtual_call}
  0x00007e003eabe0a4: 0100 00e8 

  0x00007e003eabe0a8: ; ImmutableOopMap {[264]=Oop [280]=Oop [256]=Oop [272]=Oop [224]=Oop [240]=Oop [208]=Oop [192]=Oop [232]=Oop [200]=Oop [360]=Oop }
                      ;*invokevirtual grow {reexecute=0 rethrow=0 return_oop=0}
                      ; - java.util.ArrayList::grow@7 (line 244)
                      ; - java.util.ArrayList::add@7 (line 454)
                      ; - java.util.ArrayList::add@20 (line 467)
                      ; - com.android.tools.r8.dex.A::a@11 (line 12)
                      ; - com.android.tools.r8.dex.A::<init>@591 (line 103)
  0x00007e003eabe0a8: d49f cc05 | 488b d08b | 8424 6001 | 0000 488b | 9c24 6801 | 0000 488b | bc24 e800 | 0000 3b42 
  0x00007e003eabe0c8: 0c0f 83a0 | 2500 0048 | 83ff 0075 

  0x00007e003eabe0d4: ;   {metadata(method data for {method} {0x00007e000b432f98} 'add' '(Ljava/lang/Object;[Ljava/lang/Object;I)V' in 'java/util/ArrayList')}
  0x00007e003eabe0d4: 1648 b9e8 | 0607 0700 | 7e00 0080 | 8989 0100 | 0001 e901 | 0100 008b | 7208 49ba | 0000 000b 
  0x00007e003eabe0f4: 007e 0000 | 4903 f28b | 4f08 49ba | 0000 000b | 007e 0000 | 4903 ca48 | 8bb6 e000 | 0000 483b 
  0x00007e003eabe114: ce0f 842a | 0000 0044 | 8b46 144a | 3b34 010f | 841c 0000 | 0041 83f8 | 200f 85a2 | 0000 0051 
  0x00007e003eabe134: ;   {runtime_call slow_subtype_check Runtime1 stub}
  0x00007e003eabe134: 56e8 46ea | d605 595e | 83fe 000f | 8490 0000 

  0x00007e003eabe144: ;   {metadata(method data for {method} {0x00007e000b432f98} 'add' '(Ljava/lang/Object;[Ljava/lang/Object;I)V' in 'java/util/ArrayList')}
  0x00007e003eabe144: 0048 b9e8 | 0607 0700 | 7e00 008b | 7708 49ba | 0000 000b | 007e 0000 | 4903 f248 | 3bb1 a001 
  0x00007e003eabe164: 0000 750d | 4883 81a8 | 0100 0001 | e977 0000 | 0048 3bb1 | b001 0000 | 750d 4883 | 81b8 0100 
  0x00007e003eabe184: 0001 e961 | 0000 0048 | 81b9 a001 | 0000 0000 | 0000 7517 | 4889 b1a0 | 0100 0048 | c781 a801 
  0x00007e003eabe1a4: 0000 0100 | 0000 e93d | 0000 0048 | 81b9 b001 | 0000 0000 | 0000 7517 | 4889 b1b0 | 0100 0048 
  0x00007e003eabe1c4: c781 b801 | 0000 0100 | 0000 e919 | 0000 00eb 

  0x00007e003eabe1d4: ;   {metadata(method data for {method} {0x00007e000b432f98} 'add' '(Ljava/lang/Object;[Ljava/lang/Object;I)V' in 'java/util/ArrayList')}
  0x00007e003eabe1d4: 1748 b9e8 | 0607 0700 | 7e00 0048 | 83a9 9001 | 0000 01e9 | 9624 0000 | 4863 f048 | 8d54 b210 
  0x00007e003eabe1f4: 410f be77 | 3883 fe00 | 0f85 8924 | 0000 4c8b | d744 8912 | 488b f248 | 33f7 48c1 | ee14 4883 
  0x00007e003eabe214: fe00 0f85 | 8924 0000 | ffc0 8943 | 1048 8b84 | 24d0 0000 | 004c 8b9c | 24f0 0000 | 0048 8bb4 
  0x00007e003eabe234: 24c0 0000 | 0048 8b9c | 24c8 0000 | 00e9 6a02 | 0000 488b | b424 c800 

  0x00007e003eabe24c: ;   {metadata(method data for {method} {0x00007dfe98c40ad0} '<init>' '(Lcom/android/tools/r8/graph/E2;Lcom/android/tools/r8/origin/Origin;Lcom/android/tools/r8/graph/p0;Lcom/android/tools/r8/utils/A1;)V' in 'com/android/tools/r8/dex/A')}
  0x00007e003eabe24c: 0000 48bf | b064 db98 | fe7d 0000 | 4883 8790 | 0600 0001 | 8b94 24f8 | 0000 0048 | 8bb4 24c8 
  0x00007e003eabe26c: ;   {optimized virtual_call}
  0x00007e003eabe26c: 0000 00e8 

  0x00007e003eabe270: ; ImmutableOopMap {[280]=Oop [256]=Oop [272]=Oop [224]=Oop [200]=Oop [192]=Oop [208]=Oop [240]=Oop [264]=Oop [232]=Oop }
                      ;*invokevirtual a {reexecute=0 rethrow=0 return_oop=0}
                      ; - com.android.tools.r8.dex.A::<init>@324 (line 66)
  0x00007e003eabe270: 0c9e cc05 

  0x00007e003eabe274: ;   {metadata(method data for {method} {0x00007dfe98c40ad0} '<init>' '(Lcom/android/tools/r8/graph/E2;Lcom/android/tools/r8/origin/Origin;Lcom/android/tools/r8/graph/p0;Lcom/android/tools/r8/utils/A1;)V' in 'com/android/tools/r8/dex/A')}
  0x00007e003eabe274: 48be b064 | db98 fe7d | 0000 4883 | 86c8 0600 | 0001 488b | b424 e800 

  0x00007e003eabe28c: ;   {static_call}
  0x00007e003eabe28c: 0000 90e8 

  0x00007e003eabe290: ; ImmutableOopMap {[280]=Oop [256]=Oop [272]=Oop [224]=Oop [200]=Oop [192]=Oop [208]=Oop [240]=Oop [264]=Oop }
                      ;*invokestatic a {reexecute=0 rethrow=0 return_oop=0}
                      ; - com.android.tools.r8.dex.A::<init>@327 (line 67)
  0x00007e003eabe290: eca3 cc05 | 488b 9424 | 0801 0000 

  0x00007e003eabe29c: ; implicit exception: dispatches to 0x00007e003eac06bd
  0x00007e003eabe29c: 483b 0248 

  0x00007e003eabe2a0: ;   {metadata(method data for {method} {0x00007dfe98c40ad0} '<init>' '(Lcom/android/tools/r8/graph/E2;Lcom/android/tools/r8/origin/Origin;Lcom/android/tools/r8/graph/p0;Lcom/android/tools/r8/utils/A1;)V' in 'com/android/tools/r8/dex/A')}
  0x00007e003eabe2a0: 8bf2 48bf | b064 db98 | fe7d 0000 

  0x00007e003eabe2ac: ;   {metadata('com/android/tools/r8/graph/E2')}
  0x00007e003eabe2ac: 49ba d8f8 | c00c 007e | 0000 4c89 | 97e8 0600 | 0048 8387 | f006 0000 

  0x00007e003eabe2c4: ;   {metadata(method data for {method} {0x00007dfe989110e8} 'B0' '()Ljava/lang/String;' in 'com/android/tools/r8/graph/E2')}
  0x00007e003eabe2c4: 0148 be90 | 34e1 98fe | 7d00 008b | bef4 0000 | 0083 c702 | 89be f400 | 0000 81e7 | feff 1f00 
  0x00007e003eabe2e4: 83ff 000f | 84d5 2300 | 0048 8bf2 

  0x00007e003eabe2f0: ;   {metadata(method data for {method} {0x00007dfe989110e8} 'B0' '()Ljava/lang/String;' in 'com/android/tools/r8/graph/E2')}
  0x00007e003eabe2f0: 48bf 9034 | e198 fe7d | 0000 4883 | 8738 0100 

  0x00007e003eabe300: ;   {metadata(method data for {method} {0x00007dfe9890fe90} 'T0' '()Z' in 'com/android/tools/r8/graph/E2')}
  0x00007e003eabe300: 0001 48be | d036 e198 | fe7d 0000 | 8bbe f400 | 0000 83c7 | 0289 bef4 | 0000 0081 | e7fe ff1f 
  0x00007e003eabe320: 0083 ff00 | 0f84 b923 | 0000 8b72 | 108b 7614 

  0x00007e003eabe330: ; implicit exception: dispatches to 0x00007e003eac0709
  0x00007e003eabe330: 817e 0c00 | 0000 000f | 86d6 2300 | 000f be76 

  0x00007e003eabe340: ;   {metadata(method data for {method} {0x00007dfe9890fe90} 'T0' '()Z' in 'com/android/tools/r8/graph/E2')}
  0x00007e003eabe340: 1048 bfd0 | 36e1 98fe | 7d00 0048 | 8387 3801 | 0000 0181 | e6ff ff00 | 0048 8984 | 2470 0100 
  0x00007e003eabe360: 0066 0f1f 

  0x00007e003eabe364: ;   {static_call}
  0x00007e003eabe364: 4400 00e8 

  0x00007e003eabe368: ; ImmutableOopMap {[280]=Oop [256]=Oop [272]=Oop [224]=Oop [200]=Oop [192]=Oop [208]=Oop [240]=Oop [264]=Oop [368]=Oop }
                      ;*invokestatic a {reexecute=0 rethrow=0 return_oop=0}
                      ; - com.android.tools.r8.graph.E2::T0@10 (line 4)
                      ; - com.android.tools.r8.graph.E2::B0@1 (line 1)
                      ; - com.android.tools.r8.dex.A::<init>@332 (line 70)
  0x00007e003eabe368: 14a3 cc05 | 83e0 0183 

  0x00007e003eabe370: ;   {metadata(method data for {method} {0x00007dfe989110e8} 'B0' '()Ljava/lang/String;' in 'com/android/tools/r8/graph/E2')}
  0x00007e003eabe370: f800 48be | 9034 e198 | fe7d 0000 | 48c7 c770 | 0100 000f | 8407 0000 | 0048 c7c7 | 8001 0000 
  0x00007e003eabe390: 488b 1c3e | 488d 5b01 | 4889 1c3e | 488b 9424 | 0801 0000 | 0f84 3700 

  0x00007e003eabe3a8: ;   {metadata(method data for {method} {0x00007dfe989110e8} 'B0' '()Ljava/lang/String;' in 'com/android/tools/r8/graph/E2')}
  0x00007e003eabe3a8: 0000 48be | 9034 e198 | fe7d 0000 

  0x00007e003eabe3b4: ;   {metadata('com/android/tools/r8/graph/E2')}
  0x00007e003eabe3b4: 49ba d8f8 | c00c 007e | 0000 4c89 | 96a0 0100 | 0048 8386 | a801 0000 | 0148 8bb4 | 2408 0100 
  0x00007e003eabe3d4: ;   {optimized virtual_call}
  0x00007e003eabe3d4: 0066 90e8 

  0x00007e003eabe3d8: ; ImmutableOopMap {[280]=Oop [256]=Oop [272]=Oop [224]=Oop [200]=Oop [192]=Oop [208]=Oop [240]=Oop [264]=Oop [368]=Oop }
                      ;*invokevirtual n0 {reexecute=0 rethrow=0 return_oop=0}
                      ; - com.android.tools.r8.graph.E2::B0@8 (line 2)
                      ; - com.android.tools.r8.dex.A::<init>@332 (line 70)
  0x00007e003eabe3d8: a49c cc05 | e92b 0000 

  0x00007e003eabe3e0: ;   {metadata(method data for {method} {0x00007dfe989110e8} 'B0' '()Ljava/lang/String;' in 'com/android/tools/r8/graph/E2')}
  0x00007e003eabe3e0: 0048 be90 | 34e1 98fe | 7d00 0048 | 8386 c801 | 0000 01ba | 0000 0000 | 488b b424 | 0801 0000 
  0x00007e003eabe400: 0f1f 8000 

  0x00007e003eabe404: ;   {optimized virtual_call}
  0x00007e003eabe404: 0000 00e8 

  0x00007e003eabe408: ; ImmutableOopMap {[280]=Oop [256]=Oop [272]=Oop [224]=Oop [200]=Oop [192]=Oop [208]=Oop [240]=Oop [264]=Oop [368]=Oop }
                      ;*invokevirtual a {reexecute=0 rethrow=0 return_oop=0}
                      ; - com.android.tools.r8.graph.E2::B0@14 (line 4)
                      ; - com.android.tools.r8.dex.A::<init>@332 (line 70)
  0x00007e003eabe408: 749c cc05 | 488b 9424 | 7001 0000 | 4c8b 8c24 | 1001 0000 | 418b 7978 

  0x00007e003eabe420: ;   {metadata(method data for {method} {0x00007dfe98c40ad0} '<init>' '(Lcom/android/tools/r8/graph/E2;Lcom/android/tools/r8/origin/Origin;Lcom/android/tools/r8/graph/p0;Lcom/android/tools/r8/utils/A1;)V' in 'com/android/tools/r8/dex/A')}
  0x00007e003eabe420: 48b9 b064 | db98 fe7d | 0000 4883 | 8110 0700 | 0001 488b | f048 8b8c | 2418 0100 | 004c 8b84 
  0x00007e003eabe440: 24e0 0000 | 004c 8bcf | 0f1f 8000 

  0x00007e003eabe44c: ;   {static_call}
  0x00007e003eabe44c: 0000 00e8 

  0x00007e003eabe450: ; ImmutableOopMap {[280]=Oop [256]=Oop [224]=Oop [192]=Oop [208]=Oop [240]=Oop [264]=Oop [272]=Oop [200]=Oop }
                      ;*invokestatic a {reexecute=0 rethrow=0 return_oop=0}
                      ; - com.android.tools.r8.dex.A::<init>@349 (line 71)
  0x00007e003eabe450: 2ca2 cc05 | 410f be57 | 3883 fa00 | 488b b424 | c800 0000 | 0f85 bb22 | 0000 4c8b | d044 8956 
  0x00007e003eabe470: 1c48 8bd6 | 4833 d048 | c1ea 1448 | 83fa 000f | 85bb 2200 

  0x00007e003eabe484: ;   {metadata(method data for {method} {0x00007dfe98c40ad0} '<init>' '(Lcom/android/tools/r8/graph/E2;Lcom/android/tools/r8/origin/Origin;Lcom/android/tools/r8/graph/p0;Lcom/android/tools/r8/utils/A1;)V' in 'com/android/tools/r8/dex/A')}
  0x00007e003eabe484: 0048 bab0 | 64db 98fe | 7d00 00ff | 8220 0700 | 0048 8b84 | 24d0 0000 | 004c 8b9c | 24f0 0000 
  0x00007e003eabe4a4: 0048 8bde | 488b b424 | c000 0000 | 8b94 24f8 | 0000 00ff 

  0x00007e003eabe4b8: ;   {metadata(method data for {method} {0x00007dfe98c40ad0} '<init>' '(Lcom/android/tools/r8/graph/E2;Lcom/android/tools/r8/origin/Origin;Lcom/android/tools/r8/graph/p0;Lcom/android/tools/r8/utils/A1;)V' in 'com/android/tools/r8/dex/A')}
  0x00007e003eabe4b8: c248 bfb0 | 64db 98fe | 7d00 008b | 8ff8 0000 | 0083 c102 | 898f f800 | 0000 81e1 | fe3f 0000 
  0x00007e003eabe4d8: 83f9 000f | 8477 2200 | 004d 8b97 

  0x00007e003eabe4e4: ; ImmutableOopMap {[280]=Oop [256]=Oop [224]=Oop [264]=Oop [272]=Oop rax=Oop r11=Oop rbx=Oop [200]=Oop rsi=Oop }
                      ;*goto {reexecute=1 rethrow=0 return_oop=0}
                      ; - (reexecute) com.android.tools.r8.dex.A::<init>@597 (line 103)
  0x00007e003eabe4e4: 4803 0000 

  0x00007e003eabe4e8: ;   {poll}
  0x00007e003eabe4e8: 4185 0248 | bfb0 64db | 98fe 7d00 | 00ff 87e0 | 0b00 004c | 8bee 4889 | 8424 d000 | 0000 4c89 
  0x00007e003eabe508: 9c24 f000 | 0000 4c89 | ac24 c000 | 0000 488b | bc24 e000 | 0000 4c8b | 8424 0001 | 0000 488b 
  0x00007e003eabe528: dae9 12d2 | ffff 488b | 8424 d000 | 0000 4c8b | 9c24 f000 | 0000 4c8b | ac24 c000 | 0000 488b 
  0x00007e003eabe548: 9c24 c800 | 0000 4983 

  0x00007e003eabe550: ;   {metadata(method data for {method} {0x00007dfe98c40ad0} '<init>' '(Lcom/android/tools/r8/graph/E2;Lcom/android/tools/r8/origin/Origin;Lcom/android/tools/r8/graph/p0;Lcom/android/tools/r8/utils/A1;)V' in 'com/android/tools/r8/dex/A')}
  0x00007e003eabe550: fd00 48ba | b064 db98 | fe7d 0000 | 48c7 c6f8 | 0b00 000f | 8507 0000 | 0048 c7c6 | 080c 0000 
  0x00007e003eabe570: 488b 3c32 | 488d 7f01 | 4889 3c32 | 0f85 3400 | 0000 4983 

  0x00007e003eabe584: ;   {metadata(method data for {method} {0x00007dfe98c40ad0} '<init>' '(Lcom/android/tools/r8/graph/E2;Lcom/android/tools/r8/origin/Origin;Lcom/android/tools/r8/graph/p0;Lcom/android/tools/r8/utils/A1;)V' in 'com/android/tools/r8/dex/A')}
  0x00007e003eabe584: fb00 48ba | b064 db98 | fe7d 0000 | 48c7 c618 | 0c00 000f | 8407 0000 | 0048 c7c6 | 280c 0000 
  0x00007e003eabe5a4: 488b 3c32 | 488d 7f01 | 4889 3c32 | 0f84 bb0e 

  0x00007e003eabe5b4: ;   {metadata(method data for {method} {0x00007dfe98c40ad0} '<init>' '(Lcom/android/tools/r8/graph/E2;Lcom/android/tools/r8/origin/Origin;Lcom/android/tools/r8/graph/p0;Lcom/android/tools/r8/utils/A1;)V' in 'com/android/tools/r8/dex/A')}
  0x00007e003eabe5b4: 0000 48ba | b064 db98 | fe7d 0000 | ff82 380c | 0000 4983 

  0x00007e003eabe5c8: ;   {metadata(method data for {method} {0x00007dfe98c40ad0} '<init>' '(Lcom/android/tools/r8/graph/E2;Lcom/android/tools/r8/origin/Origin;Lcom/android/tools/r8/graph/p0;Lcom/android/tools/r8/utils/A1;)V' in 'com/android/tools/r8/dex/A')}
  0x00007e003eabe5c8: fb00 48ba | b064 db98 | fe7d 0000 | 48c7 c6c0 | 0c00 000f | 8407 0000 | 0048 c7c6 | d00c 0000 
  0x00007e003eabe5e8: 488b 3c32 | 488d 7f01 | 4889 3c32 | 4889 8424 | d000 0000 | 0f84 3901 

  0x00007e003eabe600: ;   {metadata('com/android/tools/r8/graph/Z2')}
  0x00007e003eabe600: 0000 48ba | e89c c60c | 007e 0000 | 498b 8708 | 0100 0048 | 8d78 1849 | 3bbf 1801 | 0000 0f87 
  0x00007e003eabe620: 5521 0000 | 4989 bf08 | 0100 0048 | c700 0100 | 0000 488b | ca49 ba00 | 0000 0b00 | 7e00 0049 
  0x00007e003eabe640: 2bca 8948 | 0848 33c9 | 8948 0c48 | 33c9 4889 | 4810 488b 

  0x00007e003eabe654: ;   {metadata(method data for {method} {0x00007dfe98c40ad0} '<init>' '(Lcom/android/tools/r8/graph/E2;Lcom/android/tools/r8/origin/Origin;Lcom/android/tools/r8/graph/p0;Lcom/android/tools/r8/utils/A1;)V' in 'com/android/tools/r8/dex/A')}
  0x00007e003eabe654: d048 beb0 | 64db 98fe | 7d00 0048 | 8386 e00c 

  0x00007e003eabe664: ;   {metadata(method data for {method} {0x00007dfe98b43d40} '<init>' '(Lcom/android/tools/r8/graph/s2;)V' in 'com/android/tools/r8/graph/Z2')}
  0x00007e003eabe664: 0000 0148 | ba48 6ce1 | 98fe 7d00 | 008b b2f4 | 0000 0083 | c602 89b2 | f400 0000 | 81e6 feff 
  0x00007e003eabe684: 1f00 83fe | 000f 84f7 | 2000 0048 

  0x00007e003eabe690: ;   {metadata(method data for {method} {0x00007dfe98b43d40} '<init>' '(Lcom/android/tools/r8/graph/s2;)V' in 'com/android/tools/r8/graph/Z2')}
  0x00007e003eabe690: 8bd0 48be | 486c e198 | fe7d 0000 | 4883 8638 | 0100 0001 

  0x00007e003eabe6a4: ;   {metadata(method data for {method} {0x00007e000b444398} '<init>' '()V' in 'java/lang/Object')}
  0x00007e003eabe6a4: 48ba d8ba | 0007 007e | 0000 8bb2 | f400 0000 | 83c6 0289 | b2f4 0000 | 0081 e6fe | ff1f 0083 
  0x00007e003eabe6c4: fe00 0f84 | db20 0000 | 410f be57 | 3883 fa00 | 0f85 ee20 | 0000 4d8b | d344 8950 | 1048 8bd0 
  0x00007e003eabe6e4: 4933 d348 | c1ea 1448 | 83fa 000f | 85ee 2000 | 0041 0fbe | 5738 83fa | 000f 85f8 | 2000 004c 
  0x00007e003eabe704: 8bd0 4489 | 5310 488b | f348 33f0 | 48c1 ee14 | 4883 fe00 | 0f85 f820 

  0x00007e003eabe71c: ;   {metadata(method data for {method} {0x00007dfe98c40ad0} '<init>' '(Lcom/android/tools/r8/graph/E2;Lcom/android/tools/r8/origin/Origin;Lcom/android/tools/r8/graph/p0;Lcom/android/tools/r8/utils/A1;)V' in 'com/android/tools/r8/dex/A')}
  0x00007e003eabe71c: 0000 48ba | b064 db98 | fe7d 0000 | ff82 f00c | 0000 488b | 8424 d000 | 0000 e936 | 0d00 0044 
  0x00007e003eabe73c: 8b4b 1449 

  0x00007e003eabe740: ;   {metadata(method data for {method} {0x00007dfe98c40ad0} '<init>' '(Lcom/android/tools/r8/graph/E2;Lcom/android/tools/r8/origin/Origin;Lcom/android/tools/r8/graph/p0;Lcom/android/tools/r8/utils/A1;)V' in 'com/android/tools/r8/dex/A')}
  0x00007e003eabe740: 83f9 0048 | bab0 64db | 98fe 7d00 | 0048 c7c6 | 180d 0000 | 0f85 0700 | 0000 48c7 | c608 0d00 
  0x00007e003eabe760: 0048 8b3c | 3248 8d7f | 0148 893c | 320f 851f 

  0x00007e003eabe770: ;   {oop(NULL)}
  0x00007e003eabe770: 0000 0048 | bf00 0000 | 0000 0000 | 004c 89ac | 24c0 0000 | 0048 8b9c | 2408 0100 | 00e9 7a06 
  0x00007e003eabe790: 0000 493b | 0149 8bd1 

  0x00007e003eabe798: ;   {metadata(method data for {method} {0x00007dfe98c40ad0} '<init>' '(Lcom/android/tools/r8/graph/E2;Lcom/android/tools/r8/origin/Origin;Lcom/android/tools/r8/graph/p0;Lcom/android/tools/r8/utils/A1;)V' in 'com/android/tools/r8/dex/A')}
  0x00007e003eabe798: 48be b064 | db98 fe7d | 0000 8b52 | 0849 ba00 | 0000 0b00 | 7e00 0049 | 03d2 483b | 9638 0d00 
  0x00007e003eabe7b8: 0075 0d48 | 8386 400d | 0000 01e9 | 6600 0000 | 483b 9648 | 0d00 0075 | 0d48 8386 | 500d 0000 
  0x00007e003eabe7d8: 01e9 5000 | 0000 4881 | be38 0d00 | 0000 0000 | 0075 1748 | 8996 380d | 0000 48c7 | 8640 0d00 
  0x00007e003eabe7f8: 0001 0000 | 00e9 2c00 | 0000 4881 | be48 0d00 | 0000 0000 | 0075 1748 | 8996 480d | 0000 48c7 
  0x00007e003eabe818: 8650 0d00 | 0001 0000 | 00e9 0800 | 0000 4883 | 8628 0d00 

  0x00007e003eabe82c: ;   {metadata(method data for {method} {0x00007e000b432810} 'iterator' '()Ljava/util/Iterator;' in 'java/util/ArrayList')}
  0x00007e003eabe82c: 0001 48ba | 0863 0707 | 007e 0000 | 8bb2 f400 | 0000 83c6 | 0289 b2f4 | 0000 0081 | e6fe ff1f 
  0x00007e003eabe84c: 0083 fe00 | 0f84 dd1f 

  0x00007e003eabe854: ;   {metadata('java/util/ArrayList$Itr')}
  0x00007e003eabe854: 0000 48ba | 90fc 1a0b | 007e 0000 | 498b 8708 | 0100 0048 | 8d78 2049 | 3bbf 1801 | 0000 0f87 
  0x00007e003eabe874: dc1f 0000 | 4989 bf08 | 0100 0048 | c700 0100 | 0000 488b | ca49 ba00 | 0000 0b00 | 7e00 0049 
  0x00007e003eabe894: 2bca 8948 | 0848 33c9 | 8948 0c48 | 33c9 4889 | 4810 4889 | 4818 4889 | 8424 7801 | 0000 488b 
  0x00007e003eabe8b4: ;   {metadata(method data for {method} {0x00007e000b432810} 'iterator' '()Ljava/util/Iterator;' in 'java/util/ArrayList')}
  0x00007e003eabe8b4: f048 bf08 | 6307 0700 | 7e00 0048 | 8387 3801 

  0x00007e003eabe8c4: ;   {metadata(method data for {method} {0x00007e000b1b13b0} '<init>' '(Ljava/util/ArrayList;)V' in 'java/util/ArrayList$Itr')}
  0x00007e003eabe8c4: 0000 0148 | be78 6407 | 0700 7e00 | 008b bef4 | 0000 0083 | c702 89be | f400 0000 | 81e7 feff 
  0x00007e003eabe8e4: 1f00 83ff | 000f 8472 | 1f00 0041 | 0fbe 7738 | 83fe 000f | 8585 1f00 | 004d 8bd1 | 4489 5018 
  0x00007e003eabe904: 488b f049 | 33f1 48c1 | ee14 4883 | fe00 0f85 | 851f 0000 

  0x00007e003eabe918: ;   {metadata(method data for {method} {0x00007e000b1b13b0} '<init>' '(Ljava/util/ArrayList;)V' in 'java/util/ArrayList$Itr')}
  0x00007e003eabe918: 488b f048 | bf78 6407 | 0700 7e00 | 0048 8387 | 3801 0000 

  0x00007e003eabe92c: ;   {metadata(method data for {method} {0x00007e000b444398} '<init>' '()V' in 'java/lang/Object')}
  0x00007e003eabe92c: 0148 bed8 | ba00 0700 | 7e00 008b | bef4 0000 | 0083 c702 | 89be f400 | 0000 81e7 | feff 1f00 
  0x00007e003eabe94c: 83ff 000f | 8460 1f00 | 00c7 4010 | ffff ffff | 418b 710c | 8970 144c | 89ac 24c0 | 0000 000f 
  0x00007e003eabe96c: 1f44 0000 

  0x00007e003eabe970: ;   {metadata(method data for {method} {0x00007dfe98c40ad0} '<init>' '(Lcom/android/tools/r8/graph/E2;Lcom/android/tools/r8/origin/Origin;Lcom/android/tools/r8/graph/p0;Lcom/android/tools/r8/utils/A1;)V' in 'com/android/tools/r8/dex/A')}
  0x00007e003eabe970: 488b d848 | b9b0 64db | 98fe 7d00 | 008b 5b08 | 49ba 0000 | 000b 007e | 0000 4903 | da48 3b99 
  0x00007e003eabe990: 700d 0000 | 750d 4883 | 8178 0d00 | 0001 e966 | 0000 0048 | 3b99 800d | 0000 750d | 4883 8188 
  0x00007e003eabe9b0: 0d00 0001 | e950 0000 | 0048 81b9 | 700d 0000 | 0000 0000 | 7517 4889 | 9970 0d00 | 0048 c781 
  0x00007e003eabe9d0: 780d 0000 | 0100 0000 | e92c 0000 | 0048 81b9 | 800d 0000 | 0000 0000 | 7517 4889 | 9980 0d00 
  0x00007e003eabe9f0: 0048 c781 | 880d 0000 | 0100 0000 | e908 0000 | 0048 8381 | 600d 0000 

  0x00007e003eabea08: ;   {metadata(method data for {method} {0x00007e000b1b1300} 'hasNext' '()Z' in 'java/util/ArrayList$Itr')}
  0x00007e003eabea08: 0148 bb70 | 4e07 0700 | 7e00 008b | 8bf4 0000 | 0083 c102 | 898b f400 | 0000 81e1 | feff 1f00 
  0x00007e003eabea28: 83f9 000f | 84a5 1e00 | 008b 580c | 8b48 188b | 4910 3bd9 

  0x00007e003eabea3c: ;   {metadata(method data for {method} {0x00007e000b1b1300} 'hasNext' '()Z' in 'java/util/ArrayList$Itr')}
  0x00007e003eabea3c: 48bb 704e | 0707 007e | 0000 48c7 | c138 0100 | 000f 8407 | 0000 0048 | c7c1 4801 | 0000 4c8b 
  0x00007e003eabea5c: 040b 4d8d | 4001 4c89 | 040b 0f84 | 1a00 0000 

  0x00007e003eabea6c: ;   {metadata(method data for {method} {0x00007e000b1b1300} 'hasNext' '()Z' in 'java/util/ArrayList$Itr')}
  0x00007e003eabea6c: 48bb 704e | 0707 007e | 0000 ff83 | 5801 0000 | bb01 0000 | 00e9 0500 | 0000 bb00 | 0000 0083 
  0x00007e003eabea8c: e301 83fb 

  0x00007e003eabea90: ;   {metadata(method data for {method} {0x00007dfe98c40ad0} '<init>' '(Lcom/android/tools/r8/graph/E2;Lcom/android/tools/r8/origin/Origin;Lcom/android/tools/r8/graph/p0;Lcom/android/tools/r8/utils/A1;)V' in 'com/android/tools/r8/dex/A')}
  0x00007e003eabea90: 0048 bbb0 | 64db 98fe | 7d00 0048 | c7c1 980d | 0000 0f84 | 0700 0000 | 48c7 c1a8 | 0d00 004c 
  0x00007e003eabeab0: 8b04 0b4d | 8d40 014c | 8904 0b0f | 8449 0200 | 0048 8bd8 

  0x00007e003eabeac4: ;   {metadata(method data for {method} {0x00007dfe98c40ad0} '<init>' '(Lcom/android/tools/r8/graph/E2;Lcom/android/tools/r8/origin/Origin;Lcom/android/tools/r8/graph/p0;Lcom/android/tools/r8/utils/A1;)V' in 'com/android/tools/r8/dex/A')}
  0x00007e003eabeac4: 48b9 b064 | db98 fe7d | 0000 8b5b | 0849 ba00 | 0000 0b00 | 7e00 0049 | 03da 483b | 99c8 0d00 
  0x00007e003eabeae4: 0075 0d48 | 8381 d00d | 0000 01e9 | 6600 0000 | 483b 99d8 | 0d00 0075 | 0d48 8381 | e00d 0000 
  0x00007e003eabeb04: 01e9 5000 | 0000 4881 | b9c8 0d00 | 0000 0000 | 0075 1748 | 8999 c80d | 0000 48c7 | 81d0 0d00 
  0x00007e003eabeb24: 0001 0000 | 00e9 2c00 | 0000 4881 | b9d8 0d00 | 0000 0000 | 0075 1748 | 8999 d80d | 0000 48c7 
  0x00007e003eabeb44: 81e0 0d00 | 0001 0000 | 00e9 0800 | 0000 4883 | 81b8 0d00 | 0001 488b 

  0x00007e003eabeb5c: ;   {optimized virtual_call}
  0x00007e003eabeb5c: f066 90e8 

  0x00007e003eabeb60: ; ImmutableOopMap {[200]=Oop [208]=Oop [192]=Oop [264]=Oop [376]=Oop }
                      ;*invokeinterface next {reexecute=0 rethrow=0 return_oop=0}
                      ; - com.android.tools.r8.dex.A::<init>@687 (line 114)
  0x00007e003eabeb60: 5cb2 3206 | 4883 f800 

  0x00007e003eabeb68: ;   {metadata(method data for {method} {0x00007dfe98c40ad0} '<init>' '(Lcom/android/tools/r8/graph/E2;Lcom/android/tools/r8/origin/Origin;Lcom/android/tools/r8/graph/p0;Lcom/android/tools/r8/utils/A1;)V' in 'com/android/tools/r8/dex/A')}
  0x00007e003eabeb68: 7516 48bf | b064 db98 | fe7d 0000 | 808f e90d | 0000 01e9 | d200 0000 

  0x00007e003eabeb80: ;   {metadata('com/android/tools/r8/graph/U3')}
  0x00007e003eabeb80: 48ba e8f0 | c90c 007e | 0000 8b70 | 0849 ba00 | 0000 0b00 | 7e00 0049 | 03f2 483b | d60f 8593 
  0x00007e003eabeba0: ;   {metadata(method data for {method} {0x00007dfe98c40ad0} '<init>' '(Lcom/android/tools/r8/graph/E2;Lcom/android/tools/r8/origin/Origin;Lcom/android/tools/r8/graph/p0;Lcom/android/tools/r8/utils/A1;)V' in 'com/android/tools/r8/dex/A')}
  0x00007e003eabeba0: 0000 0048 | bfb0 64db | 98fe 7d00 | 008b 5008 | 49ba 0000 | 000b 007e | 0000 4903 | d248 3b97 
  0x00007e003eabebc0: 000e 0000 | 750d 4883 | 8708 0e00 | 0001 e97f | 0000 0048 | 3b97 100e | 0000 750d | 4883 8718 
  0x00007e003eabebe0: 0e00 0001 | e969 0000 | 0048 81bf | 000e 0000 | 0000 0000 | 7517 4889 | 9700 0e00 | 0048 c787 
  0x00007e003eabec00: 080e 0000 | 0100 0000 | e945 0000 | 0048 81bf | 100e 0000 | 0000 0000 | 7517 4889 | 9710 0e00 
  0x00007e003eabec20: 0048 c787 | 180e 0000 | 0100 0000 | e921 0000 | 00e9 1c00 

  0x00007e003eabec34: ;   {metadata(method data for {method} {0x00007dfe98c40ad0} '<init>' '(Lcom/android/tools/r8/graph/E2;Lcom/android/tools/r8/origin/Origin;Lcom/android/tools/r8/graph/p0;Lcom/android/tools/r8/utils/A1;)V' in 'com/android/tools/r8/dex/A')}
  0x00007e003eabec34: 0000 48bf | b064 db98 | fe7d 0000 | 4883 aff0 | 0d00 0001 | e9af 1c00 | 00e9 0000 | 0000 488b 
  0x00007e003eabec54: d048 3b02 

  0x00007e003eabec58: ;   {metadata(method data for {method} {0x00007dfe98c40ad0} '<init>' '(Lcom/android/tools/r8/graph/E2;Lcom/android/tools/r8/origin/Origin;Lcom/android/tools/r8/graph/p0;Lcom/android/tools/r8/utils/A1;)V' in 'com/android/tools/r8/dex/A')}
  0x00007e003eabec58: 488b f248 | bfb0 64db | 98fe 7d00 | 0048 8387 | 400e 0000 | 018b 7210 | 488b 9c24 | 0801 0000 
  0x00007e003eabec78: 483b debf | 0200 0000 | 0f85 0500 | 0000 bf00 

  0x00007e003eabec88: ;   {metadata(method data for {method} {0x00007dfe98c40ad0} '<init>' '(Lcom/android/tools/r8/graph/E2;Lcom/android/tools/r8/origin/Origin;Lcom/android/tools/r8/graph/p0;Lcom/android/tools/r8/utils/A1;)V' in 'com/android/tools/r8/dex/A')}
  0x00007e003eabec88: 0000 0048 | b8b0 64db | 98fe 7d00 | 008b 88f8 | 0000 0003 | cf89 88f8 | 0000 0083 | ff00 0f85 
  0x00007e003eabeca8: 0500 0000 | b902 0000 | 0081 e1fe | 3f00 0083 | f900 0f84 | 4a1c 0000 | 4d8b 9748 

  0x00007e003eabecc4: ; ImmutableOopMap {[200]=Oop [208]=Oop [192]=Oop [376]=Oop rdx=Oop rsi=Oop rbx=Oop [264]=Oop }
                      ;*if_acmpne {reexecute=1 rethrow=0 return_oop=0}
                      ; - (reexecute) com.android.tools.r8.dex.A::<init>@701 (line 115)
                      ;   {poll}
  0x00007e003eabecc4: 0300 0041 | 8502 483b 

  0x00007e003eabeccc: ;   {metadata(method data for {method} {0x00007dfe98c40ad0} '<init>' '(Lcom/android/tools/r8/graph/E2;Lcom/android/tools/r8/origin/Origin;Lcom/android/tools/r8/graph/p0;Lcom/android/tools/r8/utils/A1;)V' in 'com/android/tools/r8/dex/A')}
  0x00007e003eabeccc: de48 beb0 | 64db 98fe | 7d00 0048 | c7c7 700e | 0000 0f84 | 0700 0000 | 48c7 c760 | 0e00 0048 
  0x00007e003eabecec: 8b04 3e48 | 8d40 0148 | 8904 3e0f | 8424 0000 | 0048 8b84 | 2478 0100 | 00e9 66fc | ffff 488b 
  0x00007e003eabed0c: 9c24 0801 

  0x00007e003eabed10: ;   {oop(NULL)}
  0x00007e003eabed10: 0000 48bf | 0000 0000 | 0000 0000 | e9eb 0000 | 0048 8bf2 

  0x00007e003eabed24: ;   {metadata(method data for {method} {0x00007dfe98c40ad0} '<init>' '(Lcom/android/tools/r8/graph/E2;Lcom/android/tools/r8/origin/Origin;Lcom/android/tools/r8/graph/p0;Lcom/android/tools/r8/utils/A1;)V' in 'com/android/tools/r8/dex/A')}
  0x00007e003eabed24: 48bf b064 | db98 fe7d | 0000 4883 | 8780 0e00 

  0x00007e003eabed34: ;   {metadata(method data for {method} {0x00007dfe98c4cce0} 'e' '()Z' in 'com/android/tools/r8/graph/U3')}
  0x00007e003eabed34: 0001 48be | e0b1 e098 | fe7d 0000 | 8bbe f400 | 0000 83c7 | 0289 bef4 | 0000 0081 | e7fe ff1f 
  0x00007e003eabed54: 0083 ff00 | 0f84 cd1b | 0000 8b72 | 1848 83fe 

  0x00007e003eabed64: ;   {metadata(method data for {method} {0x00007dfe98c4cce0} 'e' '()Z' in 'com/android/tools/r8/graph/U3')}
  0x00007e003eabed64: 0048 bee0 | b1e0 98fe | 7d00 0048 | c7c7 3801 | 0000 0f84 | 0700 0000 | 48c7 c748 | 0100 0048 
  0x00007e003eabed84: 8b04 3e48 | 8d40 0148 | 8904 3e0f | 841a 0000 

  0x00007e003eabed94: ;   {metadata(method data for {method} {0x00007dfe98c4cce0} 'e' '()Z' in 'com/android/tools/r8/graph/U3')}
  0x00007e003eabed94: 0048 bee0 | b1e0 98fe | 7d00 00ff | 8658 0100 | 00be 0100 | 0000 e905 | 0000 00be | 0000 0000 
  0x00007e003eabedb4: 83e6 0183 

  0x00007e003eabedb8: ;   {metadata(method data for {method} {0x00007dfe98c40ad0} '<init>' '(Lcom/android/tools/r8/graph/E2;Lcom/android/tools/r8/origin/Origin;Lcom/android/tools/r8/graph/p0;Lcom/android/tools/r8/utils/A1;)V' in 'com/android/tools/r8/dex/A')}
  0x00007e003eabedb8: fe00 48be | b064 db98 | fe7d 0000 | 48c7 c7b8 | 0e00 000f | 8407 0000 | 0048 c7c7 | c80e 0000 
  0x00007e003eabedd8: 488b 043e | 488d 4001 | 4889 043e | 0f84 1800 

  0x00007e003eabede8: ;   {metadata(method data for {method} {0x00007dfe98c40ad0} '<init>' '(Lcom/android/tools/r8/graph/E2;Lcom/android/tools/r8/origin/Origin;Lcom/android/tools/r8/graph/p0;Lcom/android/tools/r8/utils/A1;)V' in 'com/android/tools/r8/dex/A')}
  0x00007e003eabede8: 0000 48be | b064 db98 | fe7d 0000 | ff86 d80e | 0000 488b | fae9 0a00 

  0x00007e003eabee00: ;   {oop(NULL)}
  0x00007e003eabee00: 0000 48bf | 0000 0000 | 0000 0000 | 4883 ff00 

  0x00007e003eabee10: ;   {metadata(method data for {method} {0x00007dfe98c40ad0} '<init>' '(Lcom/android/tools/r8/graph/E2;Lcom/android/tools/r8/origin/Origin;Lcom/android/tools/r8/graph/p0;Lcom/android/tools/r8/utils/A1;)V' in 'com/android/tools/r8/dex/A')}
  0x00007e003eabee10: 48ba b064 | db98 fe7d | 0000 48c7 | c6f0 0e00 | 000f 8507 | 0000 0048 | c7c6 000f | 0000 488b 
  0x00007e003eabee30: 0432 488d | 4001 4889 | 0432 4c8b | ac24 c000 | 0000 0f85 | 4401 0000 | 488b b424 | c800 0000 
  0x00007e003eabee50: ;   {metadata('com/android/tools/r8/graph/Z2')}
  0x00007e003eabee50: 48ba e89c | c60c 007e | 0000 4c8b | c649 8b87 | 0801 0000 | 488d 7818 | 493b bf18 | 0100 000f 
  0x00007e003eabee70: 87d7 1a00 | 0049 89bf | 0801 0000 | 48c7 0001 | 0000 0048 | 8bca 49ba | 0000 000b | 007e 0000 
  0x00007e003eabee90: 492b ca89 | 4808 4833 | c989 480c | 4833 c948 | 8948 1048 

  0x00007e003eabeea4: ;   {metadata(method data for {method} {0x00007dfe98c40ad0} '<init>' '(Lcom/android/tools/r8/graph/E2;Lcom/android/tools/r8/origin/Origin;Lcom/android/tools/r8/graph/p0;Lcom/android/tools/r8/utils/A1;)V' in 'com/android/tools/r8/dex/A')}
  0x00007e003eabeea4: 8bd0 48be | b064 db98 | fe7d 0000 | 4883 8610 | 0f00 0001 

  0x00007e003eabeeb8: ;   {metadata(method data for {method} {0x00007dfe98b43ca8} '<init>' '(Lcom/android/tools/r8/graph/E2;)V' in 'com/android/tools/r8/graph/Z2')}
  0x00007e003eabeeb8: 48ba c06d | e198 fe7d | 0000 8bb2 | f400 0000 | 83c6 0289 | b2f4 0000 | 0081 e6fe | ff1f 0083 
  0x00007e003eabeed8: fe00 0f84 | 791a 0000 

  0x00007e003eabeee0: ;   {metadata(method data for {method} {0x00007dfe98b43ca8} '<init>' '(Lcom/android/tools/r8/graph/E2;)V' in 'com/android/tools/r8/graph/Z2')}
  0x00007e003eabeee0: 488b d048 | bec0 6de1 | 98fe 7d00 | 0048 8386 | 3801 0000 

  0x00007e003eabeef4: ;   {metadata(method data for {method} {0x00007e000b444398} '<init>' '()V' in 'java/lang/Object')}
  0x00007e003eabeef4: 0148 bad8 | ba00 0700 | 7e00 008b | b2f4 0000 | 0083 c602 | 89b2 f400 | 0000 81e6 | feff 1f00 
  0x00007e003eabef14: 83fe 000f | 845d 1a00 | 0041 0fbe | 5738 83fa | 000f 8570 | 1a00 004d | 8bd5 4489 | 500c 488b 
  0x00007e003eabef34: d049 33d5 | 48c1 ea14 | 4883 fa00 | 0f85 701a | 0000 410f | be57 3883 | fa00 0f85 | 7a1a 0000 
  0x00007e003eabef54: 4c8b d045 | 8950 1049 | 8bf0 4833 | f048 c1ee | 1448 83fe | 000f 857b 

  0x00007e003eabef6c: ;   {metadata(method data for {method} {0x00007dfe98c40ad0} '<init>' '(Lcom/android/tools/r8/graph/E2;Lcom/android/tools/r8/origin/Origin;Lcom/android/tools/r8/graph/p0;Lcom/android/tools/r8/utils/A1;)V' in 'com/android/tools/r8/dex/A')}
  0x00007e003eabef6c: 1a00 0048 | bab0 64db | 98fe 7d00 | 00ff 8220 | 0f00 0048 | 8b84 24d0 | 0000 00e9 | e504 0000 
  0x00007e003eabef8c: 4c8b 8424 | c800 0000 

  0x00007e003eabef94: ;   {metadata(method data for {method} {0x00007dfe98c40ad0} '<init>' '(Lcom/android/tools/r8/graph/E2;Lcom/android/tools/r8/origin/Origin;Lcom/android/tools/r8/graph/p0;Lcom/android/tools/r8/utils/A1;)V' in 'com/android/tools/r8/dex/A')}
  0x00007e003eabef94: 48ba b064 | db98 fe7d | 0000 ff82 | 380f 0000 | 4c89 ac24 | c000 0000 | 418b 7014 

  0x00007e003eabefb0: ; implicit exception: dispatches to 0x00007e003eac0a02
  0x00007e003eabefb0: 483b 0648 

  0x00007e003eabefb4: ;   {metadata(method data for {method} {0x00007dfe98c40ad0} '<init>' '(Lcom/android/tools/r8/graph/E2;Lcom/android/tools/r8/origin/Origin;Lcom/android/tools/r8/graph/p0;Lcom/android/tools/r8/utils/A1;)V' in 'com/android/tools/r8/dex/A')}
  0x00007e003eabefb4: 8bde 48b8 | b064 db98 | fe7d 0000 | 8b5b 0849 | ba00 0000 | 0b00 7e00 | 0049 03da | 483b 98b0 
  0x00007e003eabefd4: 0f00 0075 | 0d48 8380 | b80f 0000 | 01e9 6600 | 0000 483b | 98c0 0f00 | 0075 0d48 | 8380 c80f 
  0x00007e003eabeff4: 0000 01e9 | 5000 0000 | 4881 b8b0 | 0f00 0000 | 0000 0075 | 1748 8998 | b00f 0000 | 48c7 80b8 
  0x00007e003eabf014: 0f00 0001 | 0000 00e9 | 2c00 0000 | 4881 b8c0 | 0f00 0000 | 0000 0075 | 1748 8998 | c00f 0000 
  0x00007e003eabf034: 48c7 80c8 | 0f00 0001 | 0000 00e9 | 0800 0000 | 4883 80a0 | 0f00 0001 | 488b d748 | 89bc 2480 
  0x00007e003eabf054: ;   {optimized virtual_call}
  0x00007e003eabf054: 0100 00e8 

  0x00007e003eabf058: ; ImmutableOopMap {[208]=Oop [264]=Oop [192]=Oop [200]=Oop [384]=Oop }
                      ;*invokevirtual remove {reexecute=0 rethrow=0 return_oop=0}
                      ; - com.android.tools.r8.dex.A::<init>@771 (line 131)
  0x00007e003eabf058: 44a8 69ff | 488b b424 | c800 0000 | 8b5e 1448 | 899c 2488 

  0x00007e003eabf06c: ;   {metadata('com/android/tools/r8/graph/U3')}
  0x00007e003eabf06c: 0100 0048 | bae8 f0c9 | 0c00 7e00 | 0049 8b87 | 0801 0000 | 488d 7820 | 493b bf18 | 0100 000f 
  0x00007e003eabf08c: 8776 1900 | 0049 89bf | 0801 0000 | 48c7 0001 | 0000 0048 | 8bca 49ba | 0000 000b | 007e 0000 
  0x00007e003eabf0ac: 492b ca89 | 4808 4833 | c989 480c | 4833 c948 | 8948 1048 | 8948 1848 | 8bbc 2480 | 0100 0048 
  0x00007e003eabf0cc: 3b07 488b 

  0x00007e003eabf0d0: ;   {metadata(method data for {method} {0x00007dfe98c40ad0} '<init>' '(Lcom/android/tools/r8/graph/E2;Lcom/android/tools/r8/origin/Origin;Lcom/android/tools/r8/graph/p0;Lcom/android/tools/r8/utils/A1;)V' in 'com/android/tools/r8/dex/A')}
  0x00007e003eabf0d0: d748 b9b0 | 64db 98fe | 7d00 0048 | 8381 f00f | 0000 018b | 570c 488b 

  0x00007e003eabf0e8: ;   {metadata(method data for {method} {0x00007dfe98c40ad0} '<init>' '(Lcom/android/tools/r8/graph/E2;Lcom/android/tools/r8/origin/Origin;Lcom/android/tools/r8/graph/p0;Lcom/android/tools/r8/utils/A1;)V' in 'com/android/tools/r8/dex/A')}
  0x00007e003eabf0e8: cf49 b8b0 | 64db 98fe | 7d00 0049 | 8380 2810 | 0000 0144 | 8b4f 1848 

  0x00007e003eabf100: ;   {metadata(method data for {method} {0x00007dfe98c40ad0} '<init>' '(Lcom/android/tools/r8/graph/E2;Lcom/android/tools/r8/origin/Origin;Lcom/android/tools/r8/graph/p0;Lcom/android/tools/r8/utils/A1;)V' in 'com/android/tools/r8/dex/A')}
  0x00007e003eabf100: 8bc8 49b8 | b064 db98 | fe7d 0000 | 4983 8048 | 1000 0001 | 488b 8c24 | 0801 0000 | 4c8b 8424 
  0x00007e003eabf120: c000 0000 | 488b f048 | 8984 2490 

  0x00007e003eabf12c: ;   {optimized virtual_call}
  0x00007e003eabf12c: 0100 00e8 

  0x00007e003eabf130: ; ImmutableOopMap {[208]=Oop [264]=Oop [400]=Oop [200]=Oop [392]=Oop }
                      ;*invokespecial <init> {reexecute=0 rethrow=0 return_oop=0}
                      ; - com.android.tools.r8.dex.A::<init>@798 (line 137)
  0x00007e003eabf130: 2c0a b8ff | 488b 9c24 | 8801 0000 

  0x00007e003eabf13c: ; implicit exception: dispatches to 0x00007e003eac0a19
  0x00007e003eabf13c: 483b 0348 

  0x00007e003eabf140: ;   {metadata(method data for {method} {0x00007dfe98c40ad0} '<init>' '(Lcom/android/tools/r8/graph/E2;Lcom/android/tools/r8/origin/Origin;Lcom/android/tools/r8/graph/p0;Lcom/android/tools/r8/utils/A1;)V' in 'com/android/tools/r8/dex/A')}
  0x00007e003eabf140: 8bd3 48be | b064 db98 | fe7d 0000 | 8b52 0849 | ba00 0000 | 0b00 7e00 | 0049 03d2 | 483b 9668 
  0x00007e003eabf160: 1000 0075 | 0d48 8386 | 7010 0000 | 01e9 6600 | 0000 483b | 9678 1000 | 0075 0d48 | 8386 8010 
  0x00007e003eabf180: 0000 01e9 | 5000 0000 | 4881 be68 | 1000 0000 | 0000 0075 | 1748 8996 | 6810 0000 | 48c7 8670 
  0x00007e003eabf1a0: 1000 0001 | 0000 00e9 | 2c00 0000 | 4881 be78 | 1000 0000 | 0000 0075 | 1748 8996 | 7810 0000 
  0x00007e003eabf1c0: 48c7 8680 | 1000 0001 | 0000 00e9 | 0800 0000 | 4883 8658 | 1000 0001 

  0x00007e003eabf1d8: ;   {metadata(method data for {method} {0x00007e000b432c88} 'add' '(Ljava/lang/Object;)Z' in 'java/util/ArrayList')}
  0x00007e003eabf1d8: 48ba 3005 | 0707 007e | 0000 8bb2 | f400 0000 | 83c6 0289 | b2f4 0000 | 0081 e6fe | ff1f 0083 
  0x00007e003eabf1f8: fe00 0f84 | 1e18 0000 | 8b53 0cff | c289 530c | 8b53 148b | 7b10 488b 

  0x00007e003eabf210: ;   {metadata(method data for {method} {0x00007e000b432c88} 'add' '(Ljava/lang/Object;)Z' in 'java/util/ArrayList')}
  0x00007e003eabf210: f348 b830 | 0507 0700 | 7e00 0048 | 8380 3801 

  0x00007e003eabf220: ;   {metadata(method data for {method} {0x00007e000b432f98} 'add' '(Ljava/lang/Object;[Ljava/lang/Object;I)V' in 'java/util/ArrayList')}
  0x00007e003eabf220: 0000 0148 | bee8 0607 | 0700 7e00 | 008b 86f4 | 0000 0083 | c002 8986 | f400 0000 | 81e0 feff 
  0x00007e003eabf240: 1f00 83f8 | 000f 84f4 | 1700 008b | 720c 3bfe 

  0x00007e003eabf250: ;   {metadata(method data for {method} {0x00007e000b432f98} 'add' '(Ljava/lang/Object;[Ljava/lang/Object;I)V' in 'java/util/ArrayList')}
  0x00007e003eabf250: 48be e806 | 0707 007e | 0000 48c7 | c048 0100 | 000f 8407 | 0000 0048 | c7c0 3801 | 0000 488b 
  0x00007e003eabf270: 0c06 488d | 4901 4889 | 0c06 0f84 | 0d00 0000 | 488b 8424 | 9001 0000 | e981 0000 | 0048 8bd3 
  0x00007e003eabf290: ;   {metadata(method data for {method} {0x00007e000b432f98} 'add' '(Ljava/lang/Object;[Ljava/lang/Object;I)V' in 'java/util/ArrayList')}
  0x00007e003eabf290: 48be e806 | 0707 007e | 0000 4883 | 8658 0100 

  0x00007e003eabf2a0: ;   {metadata(method data for {method} {0x00007e000b433308} 'grow' '()[Ljava/lang/Object;' in 'java/util/ArrayList')}
  0x00007e003eabf2a0: 0001 48ba | 0809 0707 | 007e 0000 | 8bb2 f400 | 0000 83c6 | 0289 b2f4 | 0000 0081 | e6fe ff1f 
  0x00007e003eabf2c0: 0083 fe00 | 0f84 9b17 | 0000 488b 

  0x00007e003eabf2cc: ;   {metadata(method data for {method} {0x00007e000b433308} 'grow' '()[Ljava/lang/Object;' in 'java/util/ArrayList')}
  0x00007e003eabf2cc: d348 be08 | 0907 0700 | 7e00 0048 | 8386 3801 | 0000 0148 | 8bd7 ffc2 | 488b f389 | bc24 6401 
  0x00007e003eabf2ec: ;   {optimized virtual_call}
  0x00007e003eabf2ec: 0000 90e8 

  0x00007e003eabf2f0: ; ImmutableOopMap {[208]=Oop [264]=Oop [400]=Oop [200]=Oop [392]=Oop }
                      ;*invokevirtual grow {reexecute=0 rethrow=0 return_oop=0}
                      ; - java.util.ArrayList::grow@7 (line 244)
                      ; - java.util.ArrayList::add@7 (line 454)
                      ; - java.util.ArrayList::add@20 (line 467)
                      ; - com.android.tools.r8.dex.A::<init>@801 (line 138)
  0x00007e003eabf2f0: 8c8d cc05 | 488b d08b | bc24 6401 | 0000 488b | 8424 9001 | 0000 488b | 9c24 8801 | 0000 3b7a 
  0x00007e003eabf310: 0c0f 8379 | 1700 0048 | 83f8 0075 

  0x00007e003eabf31c: ;   {metadata(method data for {method} {0x00007e000b432f98} 'add' '(Ljava/lang/Object;[Ljava/lang/Object;I)V' in 'java/util/ArrayList')}
  0x00007e003eabf31c: 1648 b9e8 | 0607 0700 | 7e00 0080 | 8989 0100 | 0001 e901 | 0100 008b | 7208 49ba | 0000 000b 
  0x00007e003eabf33c: 007e 0000 | 4903 f28b | 4808 49ba | 0000 000b | 007e 0000 | 4903 ca48 | 8bb6 e000 | 0000 483b 
  0x00007e003eabf35c: ce0f 842a | 0000 0044 | 8b46 144a | 3b34 010f | 841c 0000 | 0041 83f8 | 200f 85a2 | 0000 0051 
  0x00007e003eabf37c: ;   {runtime_call slow_subtype_check Runtime1 stub}
  0x00007e003eabf37c: 56e8 fed7 | d605 595e | 83fe 000f | 8490 0000 

  0x00007e003eabf38c: ;   {metadata(method data for {method} {0x00007e000b432f98} 'add' '(Ljava/lang/Object;[Ljava/lang/Object;I)V' in 'java/util/ArrayList')}
  0x00007e003eabf38c: 0048 b9e8 | 0607 0700 | 7e00 008b | 7008 49ba | 0000 000b | 007e 0000 | 4903 f248 | 3bb1 a001 
  0x00007e003eabf3ac: 0000 750d | 4883 81a8 | 0100 0001 | e977 0000 | 0048 3bb1 | b001 0000 | 750d 4883 | 81b8 0100 
  0x00007e003eabf3cc: 0001 e961 | 0000 0048 | 81b9 a001 | 0000 0000 | 0000 7517 | 4889 b1a0 | 0100 0048 | c781 a801 
  0x00007e003eabf3ec: 0000 0100 | 0000 e93d | 0000 0048 | 81b9 b001 | 0000 0000 | 0000 7517 | 4889 b1b0 | 0100 0048 
  0x00007e003eabf40c: c781 b801 | 0000 0100 | 0000 e919 | 0000 00eb 

  0x00007e003eabf41c: ;   {metadata(method data for {method} {0x00007e000b432f98} 'add' '(Ljava/lang/Object;[Ljava/lang/Object;I)V' in 'java/util/ArrayList')}
  0x00007e003eabf41c: 1748 b9e8 | 0607 0700 | 7e00 0048 | 83a9 9001 | 0000 01e9 | 6f16 0000 | 4863 f748 | 8d54 b210 
  0x00007e003eabf43c: 410f be77 | 3883 fe00 | 0f85 6216 | 0000 4c8b | d044 8912 | 488b f248 | 33f0 48c1 | ee14 4883 
  0x00007e003eabf45c: fe00 0f85 | 6216 0000 | ffc7 897b | 1048 8b84 | 24d0 0000 | 0048 83f8 

  0x00007e003eabf474: ;   {metadata(method data for {method} {0x00007dfe98c40ad0} '<init>' '(Lcom/android/tools/r8/graph/E2;Lcom/android/tools/r8/origin/Origin;Lcom/android/tools/r8/graph/p0;Lcom/android/tools/r8/utils/A1;)V' in 'com/android/tools/r8/dex/A')}
  0x00007e003eabf474: 0048 bab0 | 64db 98fe | 7d00 0048 | c7c6 9010 | 0000 0f84 | 0700 0000 | 48c7 c6a0 | 1000 0048 
  0x00007e003eabf494: 8b3c 3248 | 8d7f 0148 | 893c 320f | 84cb 0800 | 0048 8bb4 | 24c8 0000 | 008b 5614 | 4883 fa00 
  0x00007e003eabf4b4: ;   {metadata(method data for {method} {0x00007dfe98c40ad0} '<init>' '(Lcom/android/tools/r8/graph/E2;Lcom/android/tools/r8/origin/Origin;Lcom/android/tools/r8/graph/p0;Lcom/android/tools/r8/utils/A1;)V' in 'com/android/tools/r8/dex/A')}
  0x00007e003eabf4b4: 48ba b064 | db98 fe7d | 0000 48c7 | c7b0 1000 | 000f 8507 | 0000 0048 | c7c7 c010 | 0000 488b 
  0x00007e003eabf4d4: 0c3a 488d | 4901 4889 | 0c3a 0f85 | 8901 0000 

  0x00007e003eabf4e4: ;   {metadata('java/util/ArrayList')}
  0x00007e003eabf4e4: 48ba 30e1 | 000b 007e | 0000 488b | d849 8b87 | 0801 0000 | 488d 7818 | 493b bf18 | 0100 000f 
  0x00007e003eabf504: 87d5 1500 | 0049 89bf | 0801 0000 | 48c7 0001 | 0000 0048 | 8bca 49ba | 0000 000b | 007e 0000 
  0x00007e003eabf524: 492b ca89 | 4808 4833 | c989 480c | 4833 c948 | 8948 1048 | 3b03 488b 

  0x00007e003eabf53c: ;   {metadata(method data for {method} {0x00007dfe98c40ad0} '<init>' '(Lcom/android/tools/r8/graph/E2;Lcom/android/tools/r8/origin/Origin;Lcom/android/tools/r8/graph/p0;Lcom/android/tools/r8/utils/A1;)V' in 'com/android/tools/r8/dex/A')}
  0x00007e003eabf53c: f348 bfb0 | 64db 98fe | 7d00 008b | 7608 49ba | 0000 000b | 007e 0000 | 4903 f248 | 3bb7 e010 
  0x00007e003eabf55c: 0000 750d | 4883 87e8 | 1000 0001 | e966 0000 | 0048 3bb7 | f010 0000 | 750d 4883 | 87f8 1000 
  0x00007e003eabf57c: 0001 e950 | 0000 0048 | 81bf e010 | 0000 0000 | 0000 7517 | 4889 b7e0 | 1000 0048 | c787 e810 
  0x00007e003eabf59c: 0000 0100 | 0000 e92c | 0000 0048 | 81bf f010 | 0000 0000 | 0000 7517 | 4889 b7f0 | 1000 0048 
  0x00007e003eabf5bc: c787 f810 | 0000 0100 | 0000 e908 | 0000 0048 | 8387 d010 | 0000 0148 | 8bf3 4889 | 9c24 d000 
  0x00007e003eabf5dc: 0000 4889 | 8424 9801 | 0000 0f1f | 8000 0000 | 0048 b830 | e100 0b00 

  0x00007e003eabf5f4: ;   {virtual_call}
  0x00007e003eabf5f4: 7e00 00e8 

  0x00007e003eabf5f8: ; ImmutableOopMap {[264]=Oop [408]=Oop [200]=Oop [208]=Oop }
                      ;*invokeinterface size {reexecute=0 rethrow=0 return_oop=0}
                      ; - com.android.tools.r8.dex.A::<init>@824 (line 150)
  0x00007e003eabf5f8: 24bd 2106 | 488b 9424 | 9801 0000 

  0x00007e003eabf604: ;   {metadata(method data for {method} {0x00007dfe98c40ad0} '<init>' '(Lcom/android/tools/r8/graph/E2;Lcom/android/tools/r8/origin/Origin;Lcom/android/tools/r8/graph/p0;Lcom/android/tools/r8/utils/A1;)V' in 'com/android/tools/r8/dex/A')}
  0x00007e003eabf604: 48be b064 | db98 fe7d | 0000 4883 | 8608 1100 | 0001 488b | d048 8bb4 | 2498 0100 | 0066 0f1f 
  0x00007e003eabf624: ;   {optimized virtual_call}
  0x00007e003eabf624: 4400 00e8 

  0x00007e003eabf628: ; ImmutableOopMap {[264]=Oop [408]=Oop [200]=Oop [208]=Oop }
                      ;*invokespecial <init> {reexecute=0 rethrow=0 return_oop=0}
                      ; - com.android.tools.r8.dex.A::<init>@829 (line 150)
  0x00007e003eabf628: 1410 3c06 | 410f be77 | 3883 fe00 | 488b b424 | c800 0000 | 0f85 ae14 | 0000 488b | 8424 9801 
  0x00007e003eabf648: 0000 4c8b | d044 8956 | 1448 8bfe | 4833 f848 | c1ef 1448 | 83ff 000f | 85a6 1400 | 0048 8b84 
  0x00007e003eabf668: 24d0 0000 | 0048 3b00 

  0x00007e003eabf670: ;   {metadata(method data for {method} {0x00007dfe98c40ad0} '<init>' '(Lcom/android/tools/r8/graph/E2;Lcom/android/tools/r8/origin/Origin;Lcom/android/tools/r8/graph/p0;Lcom/android/tools/r8/utils/A1;)V' in 'com/android/tools/r8/dex/A')}
  0x00007e003eabf670: 488b f848 | bbb0 64db | 98fe 7d00 | 008b 7f08 | 49ba 0000 | 000b 007e | 0000 4903 | fa48 3bbb 
  0x00007e003eabf690: 2811 0000 | 750d 4883 | 8330 1100 | 0001 e966 | 0000 0048 | 3bbb 3811 | 0000 750d | 4883 8340 
  0x00007e003eabf6b0: 1100 0001 | e950 0000 | 0048 81bb | 2811 0000 | 0000 0000 | 7517 4889 | bb28 1100 | 0048 c783 
  0x00007e003eabf6d0: 3011 0000 | 0100 0000 | e92c 0000 | 0048 81bb | 3811 0000 | 0000 0000 | 7517 4889 | bb38 1100 
  0x00007e003eabf6f0: 0048 c783 | 4011 0000 | 0100 0000 | e908 0000 | 0048 8383 | 1811 0000 | 0148 8bf0 | 9048 b830 
  0x00007e003eabf710: e100 0b00 

  0x00007e003eabf714: ;   {virtual_call}
  0x00007e003eabf714: 7e00 00e8 

  0x00007e003eabf718: ; ImmutableOopMap {[264]=Oop [200]=Oop }
                      ;*invokeinterface iterator {reexecute=0 rethrow=0 return_oop=0}
                      ; - com.android.tools.r8.dex.A::<init>@839 (line 152)
  0x00007e003eabf718: 04f5 3406 | 4889 8424 | a001 0000 | 0f1f 4000 

  0x00007e003eabf728: ; implicit exception: dispatches to 0x00007e003eac0b28
  0x00007e003eabf728: 483b 0048 

  0x00007e003eabf72c: ;   {metadata(method data for {method} {0x00007dfe98c40ad0} '<init>' '(Lcom/android/tools/r8/graph/E2;Lcom/android/tools/r8/origin/Origin;Lcom/android/tools/r8/graph/p0;Lcom/android/tools/r8/utils/A1;)V' in 'com/android/tools/r8/dex/A')}
  0x00007e003eabf72c: 8bf8 48bb | b064 db98 | fe7d 0000 | 8b7f 0849 | ba00 0000 | 0b00 7e00 | 0049 03fa | 483b bb60 
  0x00007e003eabf74c: 1100 0075 | 0d48 8383 | 6811 0000 | 01e9 6600 | 0000 483b | bb70 1100 | 0075 0d48 | 8383 7811 
  0x00007e003eabf76c: 0000 01e9 | 5000 0000 | 4881 bb60 | 1100 0000 | 0000 0075 | 1748 89bb | 6011 0000 | 48c7 8368 
  0x00007e003eabf78c: 1100 0001 | 0000 00e9 | 2c00 0000 | 4881 bb70 | 1100 0000 | 0000 0075 | 1748 89bb | 7011 0000 
  0x00007e003eabf7ac: 48c7 8378 | 1100 0001 | 0000 00e9 | 0800 0000 | 4883 8350 | 1100 0001 | 488b f066 | 0f1f 4400 
  0x00007e003eabf7cc: 0048 b890 | fc1a 0b00 

  0x00007e003eabf7d4: ;   {virtual_call}
  0x00007e003eabf7d4: 7e00 00e8 

  0x00007e003eabf7d8: ; ImmutableOopMap {[200]=Oop [264]=Oop [416]=Oop }
                      ;*invokeinterface hasNext {reexecute=0 rethrow=0 return_oop=0}
                      ; - com.android.tools.r8.dex.A::<init>@846 (line 152)
  0x00007e003eabf7d8: 4473 2d06 

  0x00007e003eabf7dc: ;   {metadata(method data for {method} {0x00007dfe98c40ad0} '<init>' '(Lcom/android/tools/r8/graph/E2;Lcom/android/tools/r8/origin/Origin;Lcom/android/tools/r8/graph/p0;Lcom/android/tools/r8/utils/A1;)V' in 'com/android/tools/r8/dex/A')}
  0x00007e003eabf7dc: 83f8 0048 | beb0 64db | 98fe 7d00 | 0048 c7c7 | 8811 0000 | 0f84 0700 | 0000 48c7 | c798 1100 
  0x00007e003eabf7fc: 0048 8b1c | 3e48 8d5b | 0148 891c | 3e0f 8461 | 0500 0048 | 8b84 24a0 

  0x00007e003eabf814: ;   {metadata(method data for {method} {0x00007dfe98c40ad0} '<init>' '(Lcom/android/tools/r8/graph/E2;Lcom/android/tools/r8/origin/Origin;Lcom/android/tools/r8/graph/p0;Lcom/android/tools/r8/utils/A1;)V' in 'com/android/tools/r8/dex/A')}
  0x00007e003eabf814: 0100 0048 | bfb0 64db | 98fe 7d00 | 008b 4008 | 49ba 0000 | 000b 007e | 0000 4903 | c248 3b87 
  0x00007e003eabf834: b811 0000 | 750d 4883 | 87c0 1100 | 0001 e966 | 0000 0048 | 3b87 c811 | 0000 750d | 4883 87d0 
  0x00007e003eabf854: 1100 0001 | e950 0000 | 0048 81bf | b811 0000 | 0000 0000 | 7517 4889 | 87b8 1100 | 0048 c787 
  0x00007e003eabf874: c011 0000 | 0100 0000 | e92c 0000 | 0048 81bf | c811 0000 | 0000 0000 | 7517 4889 | 87c8 1100 
  0x00007e003eabf894: 0048 c787 | d011 0000 | 0100 0000 | e908 0000 | 0048 8387 | a811 0000 | 0148 8bb4 | 24a0 0100 
  0x00007e003eabf8b4: 0048 b890 | fc1a 0b00 

  0x00007e003eabf8bc: ;   {virtual_call}
  0x00007e003eabf8bc: 7e00 00e8 

  0x00007e003eabf8c0: ; ImmutableOopMap {[264]=Oop [416]=Oop [200]=Oop }
                      ;*invokeinterface next {reexecute=0 rethrow=0 return_oop=0}
                      ; - com.android.tools.r8.dex.A::<init>@855 (line 152)
  0x00007e003eabf8c0: dca4 3206 | 4883 f800 

  0x00007e003eabf8c8: ;   {metadata(method data for {method} {0x00007dfe98c40ad0} '<init>' '(Lcom/android/tools/r8/graph/E2;Lcom/android/tools/r8/origin/Origin;Lcom/android/tools/r8/graph/p0;Lcom/android/tools/r8/utils/A1;)V' in 'com/android/tools/r8/dex/A')}
  0x00007e003eabf8c8: 7516 48bf | b064 db98 | fe7d 0000 | 808f d911 | 0000 01e9 | d200 0000 

  0x00007e003eabf8e0: ;   {metadata('com/android/tools/r8/graph/E2')}
  0x00007e003eabf8e0: 48bb d8f8 | c00c 007e | 0000 8b50 | 0849 ba00 | 0000 0b00 | 7e00 0049 | 03d2 483b | da0f 8593 
  0x00007e003eabf900: ;   {metadata(method data for {method} {0x00007dfe98c40ad0} '<init>' '(Lcom/android/tools/r8/graph/E2;Lcom/android/tools/r8/origin/Origin;Lcom/android/tools/r8/graph/p0;Lcom/android/tools/r8/utils/A1;)V' in 'com/android/tools/r8/dex/A')}
  0x00007e003eabf900: 0000 0048 | bfb0 64db | 98fe 7d00 | 008b 5808 | 49ba 0000 | 000b 007e | 0000 4903 | da48 3b9f 
  0x00007e003eabf920: f011 0000 | 750d 4883 | 87f8 1100 | 0001 e97f | 0000 0048 | 3b9f 0012 | 0000 750d | 4883 8708 
  0x00007e003eabf940: 1200 0001 | e969 0000 | 0048 81bf | f011 0000 | 0000 0000 | 7517 4889 | 9ff0 1100 | 0048 c787 
  0x00007e003eabf960: f811 0000 | 0100 0000 | e945 0000 | 0048 81bf | 0012 0000 | 0000 0000 | 7517 4889 | 9f00 1200 
  0x00007e003eabf980: 0048 c787 | 0812 0000 | 0100 0000 | e921 0000 | 00e9 1c00 

  0x00007e003eabf994: ;   {metadata(method data for {method} {0x00007dfe98c40ad0} '<init>' '(Lcom/android/tools/r8/graph/E2;Lcom/android/tools/r8/origin/Origin;Lcom/android/tools/r8/graph/p0;Lcom/android/tools/r8/utils/A1;)V' in 'com/android/tools/r8/dex/A')}
  0x00007e003eabf994: 0000 48bf | b064 db98 | fe7d 0000 | 4883 afe0 | 1100 0001 | e980 1100 | 00e9 0000 | 0000 488b 
  0x00007e003eabf9b4: f048 8bbc | 24c8 0000 | 008b 5f14 | 4889 9c24 | a801 0000 

  0x00007e003eabf9c8: ;   {metadata(method data for {method} {0x00007dfe98c40ad0} '<init>' '(Lcom/android/tools/r8/graph/E2;Lcom/android/tools/r8/origin/Origin;Lcom/android/tools/r8/graph/p0;Lcom/android/tools/r8/utils/A1;)V' in 'com/android/tools/r8/dex/A')}
  0x00007e003eabf9c8: 48ba b064 | db98 fe7d | 0000 4883 | 8218 1200 | 0001 488b | 9424 0801 | 0000 0f1f 

  0x00007e003eabf9e4: ;   {static_call}
  0x00007e003eabf9e4: 4400 00e8 

  0x00007e003eabf9e8: ; ImmutableOopMap {[264]=Oop [416]=Oop [424]=Oop [200]=Oop }
                      ;*invokestatic a {reexecute=0 rethrow=0 return_oop=0}
                      ; - com.android.tools.r8.dex.A::<init>@869 (line 153)
  0x00007e003eabf9e8: 5443 5800 | 488b 9c24 | a801 0000 

  0x00007e003eabf9f4: ; implicit exception: dispatches to 0x00007e003eac0b36
  0x00007e003eabf9f4: 483b 0348 

  0x00007e003eabf9f8: ;   {metadata(method data for {method} {0x00007dfe98c40ad0} '<init>' '(Lcom/android/tools/r8/graph/E2;Lcom/android/tools/r8/origin/Origin;Lcom/android/tools/r8/graph/p0;Lcom/android/tools/r8/utils/A1;)V' in 'com/android/tools/r8/dex/A')}
  0x00007e003eabf9f8: 8bd3 48be | b064 db98 | fe7d 0000 | 8b52 0849 | ba00 0000 | 0b00 7e00 | 0049 03d2 | 483b 9638 
  0x00007e003eabfa18: 1200 0075 | 0d48 8386 | 4012 0000 | 01e9 6600 | 0000 483b | 9648 1200 | 0075 0d48 | 8386 5012 
  0x00007e003eabfa38: 0000 01e9 | 5000 0000 | 4881 be38 | 1200 0000 | 0000 0075 | 1748 8996 | 3812 0000 | 48c7 8640 
  0x00007e003eabfa58: 1200 0001 | 0000 00e9 | 2c00 0000 | 4881 be48 | 1200 0000 | 0000 0075 | 1748 8996 | 4812 0000 
  0x00007e003eabfa78: 48c7 8650 | 1200 0001 | 0000 00e9 | 0800 0000 | 4883 8628 | 1200 0001 

  0x00007e003eabfa90: ;   {metadata(method data for {method} {0x00007e000b432c88} 'add' '(Ljava/lang/Object;)Z' in 'java/util/ArrayList')}
  0x00007e003eabfa90: 48ba 3005 | 0707 007e | 0000 8bb2 | f400 0000 | 83c6 0289 | b2f4 0000 | 0081 e6fe | ff1f 0083 
  0x00007e003eabfab0: fe00 0f84 | 8310 0000 | 8b53 0cff | c289 530c | 8b53 148b | 7b10 488b 

  0x00007e003eabfac8: ;   {metadata(method data for {method} {0x00007e000b432c88} 'add' '(Ljava/lang/Object;)Z' in 'java/util/ArrayList')}
  0x00007e003eabfac8: f348 b930 | 0507 0700 | 7e00 0048 | 8381 3801 

  0x00007e003eabfad8: ;   {metadata(method data for {method} {0x00007e000b432f98} 'add' '(Ljava/lang/Object;[Ljava/lang/Object;I)V' in 'java/util/ArrayList')}
  0x00007e003eabfad8: 0000 0148 | bee8 0607 | 0700 7e00 | 008b 8ef4 | 0000 0083 | c102 898e | f400 0000 | 81e1 feff 
  0x00007e003eabfaf8: 1f00 83f9 | 000f 8459 | 1000 008b | 720c 3bfe 

  0x00007e003eabfb08: ;   {metadata(method data for {method} {0x00007e000b432f98} 'add' '(Ljava/lang/Object;[Ljava/lang/Object;I)V' in 'java/util/ArrayList')}
  0x00007e003eabfb08: 48be e806 | 0707 007e | 0000 48c7 | c138 0100 | 000f 8507 | 0000 0048 | c7c1 4801 | 0000 4c8b 
  0x00007e003eabfb28: 040e 4d8d | 4001 4c89 | 040e 0f85 | 8e00 0000 | 4889 8424 | b801 0000 

  0x00007e003eabfb40: ;   {metadata(method data for {method} {0x00007e000b432f98} 'add' '(Ljava/lang/Object;[Ljava/lang/Object;I)V' in 'java/util/ArrayList')}
  0x00007e003eabfb40: 488b d348 | bee8 0607 | 0700 7e00 | 0048 8386 | 5801 0000 

  0x00007e003eabfb54: ;   {metadata(method data for {method} {0x00007e000b433308} 'grow' '()[Ljava/lang/Object;' in 'java/util/ArrayList')}
  0x00007e003eabfb54: 0148 ba08 | 0907 0700 | 7e00 008b | b2f4 0000 | 0083 c602 | 89b2 f400 | 0000 81e6 | feff 1f00 
  0x00007e003eabfb74: 83fe 000f | 8405 1000 | 0048 8bd3 

  0x00007e003eabfb80: ;   {metadata(method data for {method} {0x00007e000b433308} 'grow' '()[Ljava/lang/Object;' in 'java/util/ArrayList')}
  0x00007e003eabfb80: 48be 0809 | 0707 007e | 0000 4883 | 8638 0100 | 0001 488b | d7ff c248 | 8bf3 89bc | 24b0 0100 
  0x00007e003eabfba0: 0066 0f1f 

  0x00007e003eabfba4: ;   {optimized virtual_call}
  0x00007e003eabfba4: 4400 00e8 

  0x00007e003eabfba8: ; ImmutableOopMap {[264]=Oop [416]=Oop [200]=Oop [440]=Oop [424]=Oop }
                      ;*invokevirtual grow {reexecute=0 rethrow=0 return_oop=0}
                      ; - java.util.ArrayList::grow@7 (line 244)
                      ; - java.util.ArrayList::add@7 (line 454)
                      ; - java.util.ArrayList::add@20 (line 467)
                      ; - com.android.tools.r8.dex.A::<init>@872 (line 153)
  0x00007e003eabfba8: 9485 5006 | 488b d08b | bc24 b001 | 0000 488b | 8424 b801 | 0000 488b | 9c24 a801 | 0000 3b7a 
  0x00007e003eabfbc8: 0c0f 83de | 0f00 0048 | 83f8 0075 

  0x00007e003eabfbd4: ;   {metadata(method data for {method} {0x00007e000b432f98} 'add' '(Ljava/lang/Object;[Ljava/lang/Object;I)V' in 'java/util/ArrayList')}
  0x00007e003eabfbd4: 1648 b9e8 | 0607 0700 | 7e00 0080 | 8989 0100 | 0001 e901 | 0100 008b | 7208 49ba | 0000 000b 
  0x00007e003eabfbf4: 007e 0000 | 4903 f28b | 4808 49ba | 0000 000b | 007e 0000 | 4903 ca48 | 8bb6 e000 | 0000 483b 
  0x00007e003eabfc14: ce0f 842a | 0000 0044 | 8b46 144a | 3b34 010f | 841c 0000 | 0041 83f8 | 200f 85a2 | 0000 0051 
  0x00007e003eabfc34: ;   {runtime_call slow_subtype_check Runtime1 stub}
  0x00007e003eabfc34: 56e8 46cf | d605 595e | 83fe 000f | 8490 0000 

  0x00007e003eabfc44: ;   {metadata(method data for {method} {0x00007e000b432f98} 'add' '(Ljava/lang/Object;[Ljava/lang/Object;I)V' in 'java/util/ArrayList')}
  0x00007e003eabfc44: 0048 b9e8 | 0607 0700 | 7e00 008b | 7008 49ba | 0000 000b | 007e 0000 | 4903 f248 | 3bb1 a001 
  0x00007e003eabfc64: 0000 750d | 4883 81a8 | 0100 0001 | e977 0000 | 0048 3bb1 | b001 0000 | 750d 4883 | 81b8 0100 
  0x00007e003eabfc84: 0001 e961 | 0000 0048 | 81b9 a001 | 0000 0000 | 0000 7517 | 4889 b1a0 | 0100 0048 | c781 a801 
  0x00007e003eabfca4: 0000 0100 | 0000 e93d | 0000 0048 | 81b9 b001 | 0000 0000 | 0000 7517 | 4889 b1b0 | 0100 0048 
  0x00007e003eabfcc4: c781 b801 | 0000 0100 | 0000 e919 | 0000 00eb 

  0x00007e003eabfcd4: ;   {metadata(method data for {method} {0x00007e000b432f98} 'add' '(Ljava/lang/Object;[Ljava/lang/Object;I)V' in 'java/util/ArrayList')}
  0x00007e003eabfcd4: 1748 b9e8 | 0607 0700 | 7e00 0048 | 83a9 9001 | 0000 01e9 | d40e 0000 | 4863 f748 | 8d74 b210 
  0x00007e003eabfcf4: 410f be57 | 3883 fa00 | 0f85 c70e | 0000 4c8b | d044 8916 | 488b d648 | 33d0 48c1 | ea14 4883 
  0x00007e003eabfd14: fa00 0f85 | c70e 0000 | ffc7 897b 

  0x00007e003eabfd20: ;   {metadata(method data for {method} {0x00007dfe98c40ad0} '<init>' '(Lcom/android/tools/r8/graph/E2;Lcom/android/tools/r8/origin/Origin;Lcom/android/tools/r8/graph/p0;Lcom/android/tools/r8/utils/A1;)V' in 'com/android/tools/r8/dex/A')}
  0x00007e003eabfd20: 1048 beb0 | 64db 98fe | 7d00 008b | bef8 0000 | 0083 c702 | 89be f800 | 0000 81e7 | fe3f 0000 
  0x00007e003eabfd40: 83ff 000f | 84b2 0e00 | 004d 8b97 

  0x00007e003eabfd4c: ; ImmutableOopMap {[264]=Oop [416]=Oop [200]=Oop }
                      ;*goto {reexecute=1 rethrow=0 return_oop=0}
                      ; - (reexecute) com.android.tools.r8.dex.A::<init>@876 (line 153)
  0x00007e003eabfd4c: 4803 0000 

  0x00007e003eabfd50: ;   {poll}
  0x00007e003eabfd50: 4185 0248 | beb0 64db | 98fe 7d00 | 00ff 8660 | 1200 0048 | 8b84 24a0 | 0100 00e9 | b8f9 ffff 
  0x00007e003eabfd70: 4881 c4d0 | 0100 005d 

  0x00007e003eabfd78: ;   {poll_return}
  0x00007e003eabfd78: 493b a740 | 0300 000f | 8797 0e00 

  0x00007e003eabfd84: ;   {metadata({method} {0x00007dfe98c40ad0} '<init>' '(Lcom/android/tools/r8/graph/E2;Lcom/android/tools/r8/origin/Origin;Lcom/android/tools/r8/graph/p0;Lcom/android/tools/r8/utils/A1;)V' in 'com/android/tools/r8/dex/A')}
  0x00007e003eabfd84: 00c3 49ba | d00a c498 | fe7d 0000 | 4c89 5424 | 0848 c704 | 24ff ffff 

  0x00007e003eabfd9c: ;   {runtime_call counter_overflow Runtime1 stub}
  0x00007e003eabfd9c: ffe8 def7 

  0x00007e003eabfda0: ; ImmutableOopMap {rsi=Oop [200]=Oop rdx=Oop [264]=Oop rcx=Oop [280]=Oop r8=Oop [256]=Oop r9=Oop [272]=Oop }
                      ;*synchronization entry
                      ; - com.android.tools.r8.dex.A::<init>@-1
  0x00007e003eabfda0: d605 e9b8 

  0x00007e003eabfda4: ;   {metadata({method} {0x00007e000b444398} '<init>' '()V' in 'java/lang/Object')}
  0x00007e003eabfda4: b6ff ff49 | ba98 4344 | 0b00 7e00 | 004c 8954 | 2408 48c7 | 0424 ffff 

  0x00007e003eabfdbc: ;   {runtime_call counter_overflow Runtime1 stub}
  0x00007e003eabfdbc: ffff e8bd 

  0x00007e003eabfdc0: ; ImmutableOopMap {rsi=Oop [200]=Oop rdx=Oop [264]=Oop rcx=Oop [280]=Oop r8=Oop [256]=Oop r9=Oop [272]=Oop }
                      ;*synchronization entry
                      ; - java.lang.Object::<init>@-1 (line 44)
                      ; - com.android.tools.r8.dex.A::<init>@3 (line 1)
  0x00007e003eabfdc0: f7d6 05e9 | d4b6 ffff | 8b7e 1048 | 83ff 000f | 84d5 b6ff | ff48 893c 

  0x00007e003eabfdd8: ;   {runtime_call g1_pre_barrier_slow}
  0x00007e003eabfdd8: 24e8 a2fd | d605 e9c7 | b6ff ff8b | 7e14 4883 | ff00 0f84 | cfb6 ffff | 4889 3c24 

  0x00007e003eabfdf4: ;   {runtime_call g1_pre_barrier_slow}
  0x00007e003eabfdf4: e887 fdd6 | 05e9 c1b6 | ffff 8b7e | 1848 83ff | 000f 84c9 | b6ff ff48 

  0x00007e003eabfe0c: ;   {runtime_call g1_pre_barrier_slow}
  0x00007e003eabfe0c: 893c 24e8 | 6cfd d605 | e9bb b6ff 

  0x00007e003eabfe18: ;   {metadata({method} {0x00007dfe98b44660} 'f' '()Lcom/android/tools/r8/graph/x3$b;' in 'com/android/tools/r8/graph/x3$b')}
  0x00007e003eabfe18: ff49 ba60 | 46b4 98fe | 7d00 004c | 8954 2408 | 48c7 0424 | ffff ffff 

  0x00007e003eabfe30: ;   {runtime_call counter_overflow Runtime1 stub}
  0x00007e003eabfe30: e84b f7d6 

  0x00007e003eabfe34: ; ImmutableOopMap {rsi=Oop [200]=Oop rdx=Oop [264]=Oop rcx=Oop [280]=Oop r8=Oop [256]=Oop r9=Oop [272]=Oop }
                      ;*synchronization entry
                      ; - com.android.tools.r8.graph.x3$b::f@-1 (line 1)
                      ; - com.android.tools.r8.dex.A::<init>@21 (line 5)
  0x00007e003eabfe34: 05e9 dbb6 | ffff 8b7e | 1c48 83ff | 000f 84dc | b6ff ff48 

  0x00007e003eabfe48: ;   {runtime_call g1_pre_barrier_slow}
  0x00007e003eabfe48: 893c 24e8 | 30fd d605 | e9ce b6ff | ff48 83ff | 000f 84f0 | b6ff ff48 

  0x00007e003eabfe60: ;   {runtime_call g1_post_barrier_slow}
  0x00007e003eabfe60: 8934 24e8 | 1800 d705 | e9e2 b6ff 

  0x00007e003eabfe6c: ;   {metadata({method} {0x00007e000b387748} 'emptyList' '()Ljava/util/List;' in 'java/util/Collections')}
  0x00007e003eabfe6c: ff49 ba48 | 7738 0b00 | 7e00 004c | 8954 2408 | 48c7 0424 | ffff ffff 

  0x00007e003eabfe84: ;   {runtime_call counter_overflow Runtime1 stub}
  0x00007e003eabfe84: e8f7 f6d6 

  0x00007e003eabfe88: ; ImmutableOopMap {rsi=Oop [200]=Oop rdx=Oop [264]=Oop rcx=Oop [280]=Oop r8=Oop [256]=Oop r9=Oop [272]=Oop }
                      ;*synchronization entry
                      ; - java.util.Collections::emptyList@-1 (line 4552)
                      ; - com.android.tools.r8.dex.A::<init>@29 (line 7)
  0x00007e003eabfe88: 05e9 fbb6 | ffff 8b7e | 2448 83ff | 000f 8406 | b7ff ff48 

  0x00007e003eabfe9c: ;   {runtime_call g1_pre_barrier_slow}
  0x00007e003eabfe9c: 893c 24e8 | dcfc d605 | e9f8 b6ff | ff48 83ff | 000f 841a | b7ff ff48 

  0x00007e003eabfeb4: ;   {runtime_call g1_post_barrier_slow}
  0x00007e003eabfeb4: 8934 24e8 | c4ff d605 | e90c b7ff 

  0x00007e003eabfec0: ;   {metadata({method} {0x00007e000b387748} 'emptyList' '()Ljava/util/List;' in 'java/util/Collections')}
  0x00007e003eabfec0: ff49 ba48 | 7738 0b00 | 7e00 004c | 8954 2408 | 48c7 0424 | ffff ffff 

  0x00007e003eabfed8: ;   {runtime_call counter_overflow Runtime1 stub}
  0x00007e003eabfed8: e8a3 f6d6 

  0x00007e003eabfedc: ; ImmutableOopMap {rsi=Oop [200]=Oop rdx=Oop [264]=Oop rcx=Oop [280]=Oop r8=Oop [256]=Oop r9=Oop [272]=Oop }
                      ;*synchronization entry
                      ; - java.util.Collections::emptyList@-1 (line 4552)
                      ; - com.android.tools.r8.dex.A::<init>@37 (line 8)
  0x00007e003eabfedc: 05e9 25b7 | ffff 8b7e | 2848 83ff | 000f 8426 | b7ff ff48 

  0x00007e003eabfef0: ;   {runtime_call g1_pre_barrier_slow}
  0x00007e003eabfef0: 893c 24e8 | 88fc d605 | e918 b7ff | ff48 83ff | 000f 843a | b7ff ff48 

  0x00007e003eabff08: ;   {runtime_call g1_post_barrier_slow}
  0x00007e003eabff08: 8934 24e8 | 70ff d605 | e92c b7ff 

  0x00007e003eabff14: ;   {metadata({method} {0x00007e000b387748} 'emptyList' '()Ljava/util/List;' in 'java/util/Collections')}
  0x00007e003eabff14: ff49 ba48 | 7738 0b00 | 7e00 004c | 8954 2408 | 48c7 0424 | ffff ffff 

  0x00007e003eabff2c: ;   {runtime_call counter_overflow Runtime1 stub}
  0x00007e003eabff2c: e84f f6d6 

  0x00007e003eabff30: ; ImmutableOopMap {rsi=Oop [200]=Oop rdx=Oop [264]=Oop rcx=Oop [280]=Oop r8=Oop [256]=Oop r9=Oop [272]=Oop }
                      ;*synchronization entry
                      ; - java.util.Collections::emptyList@-1 (line 4552)
                      ; - com.android.tools.r8.dex.A::<init>@45 (line 9)
  0x00007e003eabff30: 05e9 45b7 | ffff 8b7e | 2c48 83ff | 000f 8446 | b7ff ff48 

  0x00007e003eabff44: ;   {runtime_call g1_pre_barrier_slow}
  0x00007e003eabff44: 893c 24e8 | 34fc d605 | e938 b7ff | ff48 83ff | 000f 845a | b7ff ff48 

  0x00007e003eabff5c: ;   {runtime_call g1_post_barrier_slow}
  0x00007e003eabff5c: 8934 24e8 | 1cff d605 | e94c b7ff | ff8b 7e0c | 4883 ff00 | 0f84 4db7 | ffff 4889 

  0x00007e003eabff78: ;   {runtime_call g1_pre_barrier_slow}
  0x00007e003eabff78: 3c24 e801 | fcd6 05e9 | 3fb7 ffff | 4983 f800 | 0f84 50b7 | ffff 4889 

  0x00007e003eabff90: ;   {runtime_call g1_post_barrier_slow}
  0x00007e003eabff90: 3424 e8e9 | fed6 05e9 | 42b7 ffff 

  0x00007e003eabff9c: ;   {runtime_call throw_null_pointer_exception Runtime1 stub}
  0x00007e003eabff9c: e8ff 9ed6 

  0x00007e003eabffa0: ; ImmutableOopMap {rsi=Oop [200]=Oop rdx=Oop [264]=Oop rcx=Oop [280]=Oop r8=Oop [256]=Oop r9=Oop [272]=Oop }
                      ;*invokevirtual y {reexecute=0 rethrow=0 return_oop=0}
                      ; - com.android.tools.r8.dex.A::<init>@67 (line 35)
                      ;   {runtime_call throw_null_pointer_exception Runtime1 stub}
  0x00007e003eabffa0: 05e8 fa9e 

  0x00007e003eabffa4: ; ImmutableOopMap {r8=Oop [256]=Oop rdi=Oop [224]=Oop [200]=Oop [192]=Oop [240]=Oop [208]=Oop [272]=Oop [280]=Oop [264]=Oop }
                      ;*getfield d {reexecute=1 rethrow=0 return_oop=0}
                      ; - (reexecute) com.android.tools.r8.dex.A::<init>@78 (line 37)
                      ;   {runtime_call throw_null_pointer_exception Runtime1 stub}
  0x00007e003eabffa4: d605 e8f5 

  0x00007e003eabffa8: ; ImmutableOopMap {r8=Oop [256]=Oop rdi=Oop [224]=Oop [200]=Oop [192]=Oop [240]=Oop [208]=Oop [272]=Oop [280]=Oop [264]=Oop r14=Oop }
                      ;*arraylength {reexecute=0 rethrow=0 return_oop=0}
                      ; - com.android.tools.r8.dex.A::<init>@84 (line 37)
                      ;   {metadata({method} {0x00007dfe98bf10d8} 'h' '(Lcom/android/tools/r8/graph/m0;Lcom/android/tools/r8/graph/y1;)Z' in 'com/android/tools/r8/graph/m0')}
  0x00007e003eabffa8: 9ed6 0549 | bad8 10bf | 98fe 7d00 | 004c 8954 | 2408 48c7 | 0424 ffff 

  0x00007e003eabffc0: ;   {runtime_call counter_overflow Runtime1 stub}
  0x00007e003eabffc0: ffff e8b9 

  0x00007e003eabffc4: ; ImmutableOopMap {r8=Oop [256]=Oop rdi=Oop [224]=Oop [200]=Oop [192]=Oop [240]=Oop [208]=Oop [272]=Oop [280]=Oop [264]=Oop rax=Oop [232]=Oop }
                      ;*synchronization entry
                      ; - com.android.tools.r8.graph.m0::h@-1
                      ; - com.android.tools.r8.dex.A::<init>@98 (line 39)
  0x00007e003eabffc4: f5d6 05e9 | 00b8 ffff 

  0x00007e003eabffcc: ;   {runtime_call throw_null_pointer_exception Runtime1 stub}
  0x00007e003eabffcc: e8cf 9ed6 

  0x00007e003eabffd0: ; ImmutableOopMap {r8=Oop [256]=Oop rdi=Oop [224]=Oop [200]=Oop [192]=Oop [240]=Oop [208]=Oop [272]=Oop [280]=Oop [264]=Oop rax=Oop [232]=Oop }
                      ;*getfield c {reexecute=1 rethrow=0 return_oop=0}
                      ; - (reexecute) com.android.tools.r8.graph.m0::h@1 (line 1)
                      ; - com.android.tools.r8.dex.A::<init>@98 (line 39)
                      ;   {runtime_call throw_null_pointer_exception Runtime1 stub}
  0x00007e003eabffd0: 05e8 ca9e 

  0x00007e003eabffd4: ; ImmutableOopMap {r8=Oop [256]=Oop rdi=Oop [224]=Oop [200]=Oop [192]=Oop [240]=Oop [208]=Oop [272]=Oop [280]=Oop [264]=Oop rax=Oop [232]=Oop }
                      ;*getfield b {reexecute=1 rethrow=0 return_oop=0}
                      ; - (reexecute) com.android.tools.r8.graph.m0::h@4 (line 1)
                      ; - com.android.tools.r8.dex.A::<init>@98 (line 39)
                      ;   {runtime_call throw_null_pointer_exception Runtime1 stub}
  0x00007e003eabffd4: d605 e8c5 

  0x00007e003eabffd8: ; ImmutableOopMap {r8=Oop [256]=Oop rdi=Oop [224]=Oop [200]=Oop [192]=Oop [240]=Oop [208]=Oop [272]=Oop [280]=Oop [264]=Oop rax=Oop [232]=Oop rsi=Oop }
                      ;*getfield Y4 {reexecute=1 rethrow=0 return_oop=0}
                      ; - (reexecute) com.android.tools.r8.graph.m0::h@8 (line 1)
                      ; - com.android.tools.r8.dex.A::<init>@98 (line 39)
                      ;   {metadata({method} {0x00007dfe98bf0f60} 'a' '(Lcom/android/tools/r8/graph/m0;Lcom/android/tools/r8/graph/y1;)Lcom/android/tools/r8/graph/E2;' in 'com/android/tools/r8/graph/m0')}
  0x00007e003eabffd8: 9ed6 0549 | ba60 0fbf | 98fe 7d00 | 004c 8954 | 2408 48c7 | 0424 ffff 

  0x00007e003eabfff0: ;   {runtime_call counter_overflow Runtime1 stub}
  0x00007e003eabfff0: ffff e889 

  0x00007e003eabfff4: ; ImmutableOopMap {[200]=Oop [264]=Oop [280]=Oop [272]=Oop [256]=Oop [240]=Oop [208]=Oop [232]=Oop [224]=Oop }
                      ;*synchronization entry
                      ; - com.android.tools.r8.graph.m0::a@-1
                      ; - com.android.tools.r8.dex.A::<init>@114 (line 41)
  0x00007e003eabfff4: f5d6 05e9 | e2b8 ffff 

  0x00007e003eabfffc: ;   {runtime_call throw_null_pointer_exception Runtime1 stub}
  0x00007e003eabfffc: e89f 9ed6 

  0x00007e003eac0000: ; ImmutableOopMap {[200]=Oop [264]=Oop [280]=Oop [272]=Oop [256]=Oop [240]=Oop [208]=Oop [224]=Oop rax=Oop }
                      ;*invokevirtual H0 {reexecute=0 rethrow=0 return_oop=0}
                      ; - com.android.tools.r8.graph.m0::a@16 (line 21)
                      ; - com.android.tools.r8.dex.A::<init>@114 (line 41)
                      ;   {runtime_call throw_null_pointer_exception Runtime1 stub}
  0x00007e003eac0000: 05e8 9a9e 

  0x00007e003eac0004: ; ImmutableOopMap {[200]=Oop [264]=Oop [280]=Oop [272]=Oop [256]=Oop [240]=Oop [208]=Oop [224]=Oop }
                      ;*getfield c {reexecute=1 rethrow=0 return_oop=0}
                      ; - (reexecute) com.android.tools.r8.graph.m0::a@19 (line 21)
                      ; - com.android.tools.r8.dex.A::<init>@114 (line 41)
  0x00007e003eac0004: d605 4889 

  0x00007e003eac0008: ;   {runtime_call throw_class_cast_exception Runtime1 stub}
  0x00007e003eac0008: 1424 e891 

  0x00007e003eac000c: ; ImmutableOopMap {[200]=Oop [264]=Oop [280]=Oop [272]=Oop [256]=Oop [240]=Oop [208]=Oop [224]=Oop }
                      ;*checkcast {reexecute=0 rethrow=0 return_oop=0}
                      ; - com.android.tools.r8.graph.m0::a@22 (line 21)
                      ; - com.android.tools.r8.dex.A::<init>@114 (line 41)
                      ;   {metadata({method} {0x00007dfe98bf1188} 'i' '(Lcom/android/tools/r8/graph/m0;Lcom/android/tools/r8/graph/y1;)Z' in 'com/android/tools/r8/graph/m0')}
  0x00007e003eac000c: c5d6 0549 | ba88 11bf | 98fe 7d00 | 004c 8954 | 2408 48c7 | 0424 ffff 

  0x00007e003eac0024: ;   {runtime_call counter_overflow Runtime1 stub}
  0x00007e003eac0024: ffff e855 

  0x00007e003eac0028: ; ImmutableOopMap {[200]=Oop [264]=Oop [280]=Oop [272]=Oop [256]=Oop rdi=Oop [224]=Oop rsi=Oop [192]=Oop [232]=Oop [208]=Oop [240]=Oop }
                      ;*synchronization entry
                      ; - com.android.tools.r8.graph.m0::i@-1
                      ; - com.android.tools.r8.dex.A::<init>@126 (line 42)
  0x00007e003eac0028: f5d6 05e9 | 3ebb ffff 

  0x00007e003eac0030: ;   {metadata({method} {0x00007dfe98bf1020} 'b' '(Lcom/android/tools/r8/graph/m0;Lcom/android/tools/r8/graph/y1;)Lcom/android/tools/r8/graph/s2;' in 'com/android/tools/r8/graph/m0')}
  0x00007e003eac0030: 49ba 2010 | bf98 fe7d | 0000 4c89 | 5424 0848 | c704 24ff 

  0x00007e003eac0044: ;   {runtime_call counter_overflow Runtime1 stub}
  0x00007e003eac0044: ffff ffe8 

  0x00007e003eac0048: ; ImmutableOopMap {[200]=Oop [264]=Oop [280]=Oop [272]=Oop [256]=Oop [232]=Oop [208]=Oop [192]=Oop [224]=Oop }
                      ;*synchronization entry
                      ; - com.android.tools.r8.graph.m0::b@-1
                      ; - com.android.tools.r8.dex.A::<init>@142 (line 44)
  0x00007e003eac0048: 34f5 d605 | e915 bcff 

  0x00007e003eac0050: ;   {runtime_call throw_null_pointer_exception Runtime1 stub}
  0x00007e003eac0050: ffe8 4a9e 

  0x00007e003eac0054: ; ImmutableOopMap {[200]=Oop [264]=Oop [280]=Oop [272]=Oop [256]=Oop [208]=Oop [192]=Oop [224]=Oop rax=Oop }
                      ;*invokevirtual B0 {reexecute=0 rethrow=0 return_oop=0}
                      ; - com.android.tools.r8.graph.m0::b@16 (line 6)
                      ; - com.android.tools.r8.dex.A::<init>@142 (line 44)
                      ;   {runtime_call throw_null_pointer_exception Runtime1 stub}
  0x00007e003eac0054: d605 e845 

  0x00007e003eac0058: ; ImmutableOopMap {[200]=Oop [264]=Oop [280]=Oop [272]=Oop [256]=Oop [208]=Oop [192]=Oop [224]=Oop }
                      ;*getfield c {reexecute=1 rethrow=0 return_oop=0}
                      ; - (reexecute) com.android.tools.r8.graph.m0::b@19 (line 6)
                      ; - com.android.tools.r8.dex.A::<init>@142 (line 44)
  0x00007e003eac0058: 9ed6 0548 

  0x00007e003eac005c: ;   {runtime_call throw_class_cast_exception Runtime1 stub}
  0x00007e003eac005c: 8914 24e8 

  0x00007e003eac0060: ; ImmutableOopMap {[200]=Oop [264]=Oop [280]=Oop [272]=Oop [256]=Oop [208]=Oop [192]=Oop [224]=Oop }
                      ;*checkcast {reexecute=0 rethrow=0 return_oop=0}
                      ; - com.android.tools.r8.graph.m0::b@22 (line 6)
                      ; - com.android.tools.r8.dex.A::<init>@142 (line 44)
  0x00007e003eac0060: 3cc5 d605 

  0x00007e003eac0064: ;   {metadata({method} {0x00007dfe98bf1238} 'j' '(Lcom/android/tools/r8/graph/m0;Lcom/android/tools/r8/graph/y1;)Z' in 'com/android/tools/r8/graph/m0')}
  0x00007e003eac0064: 49ba 3812 | bf98 fe7d | 0000 4c89 | 5424 0848 | c704 24ff 

  0x00007e003eac0078: ;   {runtime_call counter_overflow Runtime1 stub}
  0x00007e003eac0078: ffff ffe8 

  0x00007e003eac007c: ; ImmutableOopMap {[200]=Oop [264]=Oop [280]=Oop [272]=Oop [256]=Oop rdi=Oop [224]=Oop rsi=Oop [240]=Oop [232]=Oop [192]=Oop [208]=Oop }
                      ;*synchronization entry
                      ; - com.android.tools.r8.graph.m0::j@-1
                      ; - com.android.tools.r8.dex.A::<init>@154 (line 45)
  0x00007e003eac007c: 00f5 d605 | e965 beff | ff48 8bd2 

  0x00007e003eac0088: ;   {runtime_call fast_new_instance Runtime1 stub}
  0x00007e003eac0088: e8f3 a9d6 

  0x00007e003eac008c: ; ImmutableOopMap {[264]=Oop [280]=Oop [272]=Oop [240]=Oop [232]=Oop [192]=Oop [208]=Oop [224]=Oop r8=Oop [256]=Oop [200]=Oop }
                      ;*new {reexecute=0 rethrow=0 return_oop=0}
                      ; - com.android.tools.r8.dex.A::<init>@173 (line 48)
  0x00007e003eac008c: 05e9 b1bf 

  0x00007e003eac0090: ;   {runtime_call throw_null_pointer_exception Runtime1 stub}
  0x00007e003eac0090: ffff e809 

  0x00007e003eac0094: ; ImmutableOopMap {[264]=Oop [280]=Oop [272]=Oop [240]=Oop [232]=Oop [192]=Oop [208]=Oop [224]=Oop r8=Oop [256]=Oop [200]=Oop rax=Oop }
                      ;*arraylength {reexecute=0 rethrow=0 return_oop=0}
                      ; - com.android.tools.r8.dex.A::<init>@183 (line 48)
  0x00007e003eac0094: 9ed6 058b | 5614 4883 | fa00 0f84 | eebf ffff | 4889 1424 

  0x00007e003eac00a8: ;   {runtime_call g1_pre_barrier_slow}
  0x00007e003eac00a8: e8d3 fad6 | 05e9 e0bf | ffff 4883 | f800 0f84 | f9bf ffff | 4889 3424 

  0x00007e003eac00c0: ;   {runtime_call g1_post_barrier_slow}
  0x00007e003eac00c0: e8bb fdd6 | 05e9 ebbf | ffff 488b 

  0x00007e003eac00cc: ;   {runtime_call fast_new_instance Runtime1 stub}
  0x00007e003eac00cc: d2e8 aea9 

  0x00007e003eac00d0: ; ImmutableOopMap {[264]=Oop [280]=Oop [272]=Oop [240]=Oop [192]=Oop [208]=Oop [224]=Oop [256]=Oop r8=Oop rbx=Oop [296]=Oop [200]=Oop }
                      ;*new {reexecute=0 rethrow=0 return_oop=0}
                      ; - com.android.tools.r8.dex.A::<init>@209 (line 52)
  0x00007e003eac00d0: d605 e96f 

  0x00007e003eac00d4: ;   {runtime_call throw_null_pointer_exception Runtime1 stub}
  0x00007e003eac00d4: c0ff ffe8 

  0x00007e003eac00d8: ; ImmutableOopMap {[264]=Oop [280]=Oop [272]=Oop [240]=Oop [192]=Oop [208]=Oop [224]=Oop [256]=Oop r8=Oop rbx=Oop [296]=Oop [200]=Oop rax=Oop }
                      ;*invokevirtual b {reexecute=0 rethrow=0 return_oop=0}
                      ; - com.android.tools.r8.dex.A::<init>@215 (line 53)
  0x00007e003eac00d8: c49d d605 | 4889 1424 

  0x00007e003eac00e0: ;   {runtime_call throw_class_cast_exception Runtime1 stub}
  0x00007e003eac00e0: e8bb c4d6 

  0x00007e003eac00e4: ; ImmutableOopMap {[264]=Oop [280]=Oop [272]=Oop [240]=Oop [192]=Oop [208]=Oop [224]=Oop [256]=Oop r8=Oop rbx=Oop [296]=Oop [200]=Oop rax=Oop }
                      ;*checkcast {reexecute=0 rethrow=0 return_oop=0}
                      ; - com.android.tools.r8.dex.A::<init>@218 (line 53)
                      ;   {runtime_call throw_null_pointer_exception Runtime1 stub}
  0x00007e003eac00e4: 05e8 b69d 

  0x00007e003eac00e8: ; ImmutableOopMap {[264]=Oop [280]=Oop [272]=Oop [240]=Oop [192]=Oop [208]=Oop [224]=Oop [256]=Oop r8=Oop rbx=Oop [296]=Oop [200]=Oop rax=Oop rdx=Oop }
                      ;*invokevirtual intValue {reexecute=0 rethrow=0 return_oop=0}
                      ; - com.android.tools.r8.dex.A::<init>@221 (line 53)
  0x00007e003eac00e8: d605 4889 

  0x00007e003eac00ec: ;   {runtime_call throw_class_cast_exception Runtime1 stub}
  0x00007e003eac00ec: 0c24 e8ad 

  0x00007e003eac00f0: ; ImmutableOopMap {[264]=Oop [280]=Oop [272]=Oop [240]=Oop [192]=Oop [208]=Oop [224]=Oop [256]=Oop rbx=Oop [296]=Oop [200]=Oop rax=Oop }
                      ;*checkcast {reexecute=0 rethrow=0 return_oop=0}
                      ; - com.android.tools.r8.dex.A::<init>@230 (line 53)
                      ;   {runtime_call throw_null_pointer_exception Runtime1 stub}
  0x00007e003eac00f0: c4d6 05e8 

  0x00007e003eac00f4: ; ImmutableOopMap {[264]=Oop [280]=Oop [272]=Oop [240]=Oop [192]=Oop [208]=Oop [224]=Oop [256]=Oop [304]=Oop [200]=Oop rbx=Oop [296]=Oop }
                      ;*invokevirtual add {reexecute=0 rethrow=0 return_oop=0}
                      ; - com.android.tools.r8.dex.A::<init>@238 (line 54)
  0x00007e003eac00f4: a89d d605 

  0x00007e003eac00f8: ;   {metadata({method} {0x00007e000b432c88} 'add' '(Ljava/lang/Object;)Z' in 'java/util/ArrayList')}
  0x00007e003eac00f8: 49ba 882c | 430b 007e | 0000 4c89 | 5424 0848 | c704 24ff 

  0x00007e003eac010c: ;   {runtime_call counter_overflow Runtime1 stub}
  0x00007e003eac010c: ffff ffe8 

  0x00007e003eac0110: ; ImmutableOopMap {[264]=Oop [280]=Oop [272]=Oop [240]=Oop [192]=Oop [208]=Oop [224]=Oop [256]=Oop [304]=Oop [200]=Oop rbx=Oop [296]=Oop }
                      ;*synchronization entry
                      ; - java.util.ArrayList::add@-1 (line 466)
                      ; - com.android.tools.r8.dex.A::<init>@238 (line 54)
  0x00007e003eac0110: 6cf4 d605 | e967 c3ff 

  0x00007e003eac0118: ;   {metadata({method} {0x00007e000b432f98} 'add' '(Ljava/lang/Object;[Ljava/lang/Object;I)V' in 'java/util/ArrayList')}
  0x00007e003eac0118: ff49 ba98 | 2f43 0b00 | 7e00 004c | 8954 2408 | 48c7 0424 | ffff ffff 

  0x00007e003eac0130: ;   {runtime_call counter_overflow Runtime1 stub}
  0x00007e003eac0130: e84b f4d6 

  0x00007e003eac0134: ; ImmutableOopMap {[264]=Oop [280]=Oop [272]=Oop [240]=Oop [192]=Oop [208]=Oop [224]=Oop [256]=Oop [304]=Oop [200]=Oop rbx=Oop [296]=Oop rdx=Oop }
                      ;*synchronization entry
                      ; - java.util.ArrayList::add@-1 (line 453)
                      ; - java.util.ArrayList::add@20 (line 467)
                      ; - com.android.tools.r8.dex.A::<init>@238 (line 54)
  0x00007e003eac0134: 05e9 91c3 

  0x00007e003eac0138: ;   {runtime_call throw_null_pointer_exception Runtime1 stub}
  0x00007e003eac0138: ffff e861 

  0x00007e003eac013c: ; ImmutableOopMap {[264]=Oop [280]=Oop [272]=Oop [240]=Oop [192]=Oop [208]=Oop [224]=Oop [256]=Oop [304]=Oop [200]=Oop rbx=Oop [296]=Oop rdx=Oop }
                      ;*arraylength {reexecute=0 rethrow=0 return_oop=0}
                      ; - java.util.ArrayList::add@2 (line 453)
                      ; - java.util.ArrayList::add@20 (line 467)
                      ; - com.android.tools.r8.dex.A::<init>@238 (line 54)
                      ;   {metadata({method} {0x00007e000b433308} 'grow' '()[Ljava/lang/Object;' in 'java/util/ArrayList')}
  0x00007e003eac013c: 9dd6 0549 | ba08 3343 | 0b00 7e00 | 004c 8954 | 2408 48c7 | 0424 ffff 

  0x00007e003eac0154: ;   {runtime_call counter_overflow Runtime1 stub}
  0x00007e003eac0154: ffff e825 

  0x00007e003eac0158: ; ImmutableOopMap {[264]=Oop [280]=Oop [272]=Oop [240]=Oop [192]=Oop [208]=Oop [224]=Oop [256]=Oop [304]=Oop [200]=Oop rbx=Oop [296]=Oop }
                      ;*synchronization entry
                      ; - java.util.ArrayList::grow@-1 (line 244)
                      ; - java.util.ArrayList::add@7 (line 454)
                      ; - java.util.ArrayList::add@20 (line 467)
                      ; - com.android.tools.r8.dex.A::<init>@238 (line 54)
  0x00007e003eac0158: f4d6 05e9 | eac3 ffff 

  0x00007e003eac0160: ;   {runtime_call throw_null_pointer_exception Runtime1 stub}
  0x00007e003eac0160: e83b 9dd6 

  0x00007e003eac0164: ; ImmutableOopMap {[264]=Oop [280]=Oop [272]=Oop [240]=Oop [192]=Oop [208]=Oop [224]=Oop [256]=Oop [200]=Oop rdx=Oop rbx=Oop [296]=Oop rax=Oop }
                      ;*aastore {reexecute=1 rethrow=0 return_oop=0}
                      ; - (reexecute) java.util.ArrayList::add@14 (line 455)
                      ; - java.util.ArrayList::add@20 (line 467)
                      ; - com.android.tools.r8.dex.A::<init>@238 (line 54)
                      ;   {runtime_call throw_null_pointer_exception Runtime1 stub}
  0x00007e003eac0164: 05e8 369d 

  0x00007e003eac0168: ; ImmutableOopMap {[264]=Oop [280]=Oop [272]=Oop [240]=Oop [192]=Oop [208]=Oop [224]=Oop [256]=Oop [200]=Oop rdx=Oop rbx=Oop [296]=Oop rax=Oop }
                      ;*aastore {reexecute=1 rethrow=0 return_oop=0}
                      ; - (reexecute) java.util.ArrayList::add@14 (line 455)
                      ; - java.util.ArrayList::add@20 (line 467)
                      ; - com.android.tools.r8.dex.A::<init>@238 (line 54)
  0x00007e003eac0168: d605 4889 | 3c24 4889 

  0x00007e003eac0170: ;   {runtime_call throw_range_check_failed Runtime1 stub}
  0x00007e003eac0170: 5424 08e8 

  0x00007e003eac0174: ; ImmutableOopMap {[264]=Oop [280]=Oop [272]=Oop [240]=Oop [192]=Oop [208]=Oop [224]=Oop [256]=Oop [200]=Oop rdx=Oop rbx=Oop [296]=Oop rax=Oop }
                      ;*aastore {reexecute=1 rethrow=0 return_oop=0}
                      ; - (reexecute) java.util.ArrayList::add@14 (line 455)
                      ; - java.util.ArrayList::add@20 (line 467)
                      ; - com.android.tools.r8.dex.A::<init>@238 (line 54)
  0x00007e003eac0174: 288e d605 

  0x00007e003eac0178: ;   {runtime_call throw_null_pointer_exception Runtime1 stub}
  0x00007e003eac0178: e823 9dd6 

  0x00007e003eac017c: ; ImmutableOopMap {[264]=Oop [280]=Oop [272]=Oop [240]=Oop [192]=Oop [208]=Oop [224]=Oop [256]=Oop [200]=Oop rdx=Oop rbx=Oop [296]=Oop rax=Oop }
                      ;*aastore {reexecute=1 rethrow=0 return_oop=0}
                      ; - (reexecute) java.util.ArrayList::add@14 (line 455)
                      ; - java.util.ArrayList::add@20 (line 467)
                      ; - com.android.tools.r8.dex.A::<init>@238 (line 54)
  0x00007e003eac017c: 0548 8904 

  0x00007e003eac0180: ;   {runtime_call throw_array_store_exception Runtime1 stub}
  0x00007e003eac0180: 24e8 1ac1 

  0x00007e003eac0184: ; ImmutableOopMap {[264]=Oop [280]=Oop [272]=Oop [240]=Oop [192]=Oop [208]=Oop [224]=Oop [256]=Oop [200]=Oop rdx=Oop rbx=Oop [296]=Oop rax=Oop }
                      ;*aastore {reexecute=1 rethrow=0 return_oop=0}
                      ; - (reexecute) java.util.ArrayList::add@14 (line 455)
                      ; - java.util.ArrayList::add@20 (line 467)
                      ; - com.android.tools.r8.dex.A::<init>@238 (line 54)
  0x00007e003eac0184: d605 8b32 | 4883 fe00 | 0f84 38c5 | ffff 4889 

  0x00007e003eac0194: ;   {runtime_call g1_pre_barrier_slow}
  0x00007e003eac0194: 3424 e8e5 | f9d6 05e9 | 2ac5 ffff | 4883 f800 | 0f84 3ac5 | ffff 4889 

  0x00007e003eac01ac: ;   {runtime_call g1_post_barrier_slow}
  0x00007e003eac01ac: 1424 e8cd | fcd6 05e9 | 2cc5 ffff 

  0x00007e003eac01b8: ;   {metadata({method} {0x00007dfe98bf12e8} 'k' '(Lcom/android/tools/r8/graph/m0;Lcom/android/tools/r8/graph/y1;)Z' in 'com/android/tools/r8/graph/m0')}
  0x00007e003eac01b8: 49ba e812 | bf98 fe7d | 0000 4c89 | 5424 0848 | c704 24ff 

  0x00007e003eac01cc: ;   {runtime_call counter_overflow Runtime1 stub}
  0x00007e003eac01cc: ffff ffe8 

  0x00007e003eac01d0: ; ImmutableOopMap {[264]=Oop [280]=Oop [272]=Oop [256]=Oop [200]=Oop rdi=Oop [224]=Oop rsi=Oop [232]=Oop [208]=Oop [192]=Oop [240]=Oop }
                      ;*synchronization entry
                      ; - com.android.tools.r8.graph.m0::k@-1
                      ; - com.android.tools.r8.dex.A::<init>@249 (line 56)
  0x00007e003eac01d0: acf3 d605 | e97f c5ff 

  0x00007e003eac01d8: ;   {runtime_call throw_null_pointer_exception Runtime1 stub}
  0x00007e003eac01d8: ffe8 c29c 

  0x00007e003eac01dc: ; ImmutableOopMap {[264]=Oop [280]=Oop [272]=Oop [256]=Oop [200]=Oop [224]=Oop rdi=Oop rax=Oop [240]=Oop [192]=Oop }
                      ;*invokeinterface addAll {reexecute=0 rethrow=0 return_oop=0}
                      ; - com.android.tools.r8.dex.A::<init>@291 (line 62)
                      ;   {metadata({method} {0x00007dfe98bf2048} 'p' '(Lcom/android/tools/r8/graph/m0;Lcom/android/tools/r8/graph/y1;)Z' in 'com/android/tools/r8/graph/m0')}
  0x00007e003eac01dc: d605 49ba | 4820 bf98 | fe7d 0000 | 4c89 5424 | 0848 c704 | 24ff ffff 

  0x00007e003eac01f4: ;   {runtime_call counter_overflow Runtime1 stub}
  0x00007e003eac01f4: ffe8 86f3 

  0x00007e003eac01f8: ; ImmutableOopMap {[264]=Oop [280]=Oop [272]=Oop [256]=Oop [200]=Oop rdi=Oop [224]=Oop rsi=Oop [232]=Oop [208]=Oop [192]=Oop [240]=Oop }
                      ;*synchronization entry
                      ; - com.android.tools.r8.graph.m0::p@-1
                      ; - com.android.tools.r8.dex.A::<init>@304 (line 64)
  0x00007e003eac01f8: d605 e924 

  0x00007e003eac01fc: ;   {metadata({method} {0x00007dfe98bf1398} 'l' '(Lcom/android/tools/r8/graph/m0;Lcom/android/tools/r8/graph/y1;)Z' in 'com/android/tools/r8/graph/m0')}
  0x00007e003eac01fc: c8ff ff49 | ba98 13bf | 98fe 7d00 | 004c 8954 | 2408 48c7 | 0424 ffff 

  0x00007e003eac0214: ;   {runtime_call counter_overflow Runtime1 stub}
  0x00007e003eac0214: ffff e865 

  0x00007e003eac0218: ; ImmutableOopMap {[264]=Oop [280]=Oop [256]=Oop [200]=Oop rdi=Oop [224]=Oop rsi=Oop [232]=Oop [208]=Oop [192]=Oop [240]=Oop r9=Oop [272]=Oop }
                      ;*synchronization entry
                      ; - com.android.tools.r8.graph.m0::l@-1
                      ; - com.android.tools.r8.dex.A::<init>@364 (line 73)
  0x00007e003eac0218: f3d6 05e9 | 0bc9 ffff 

  0x00007e003eac0220: ;   {metadata(NULL)}
  0x00007e003eac0220: 48ba 0000 | 0000 0000 | 0000 b800 

  0x00007e003eac022c: ;   {runtime_call load_klass_patching Runtime1 stub}
  0x00007e003eac022c: 0f05 0ae8 

  0x00007e003eac0230: ; ImmutableOopMap {[264]=Oop [280]=Oop [256]=Oop [200]=Oop [232]=Oop [208]=Oop [192]=Oop [240]=Oop [272]=Oop [224]=Oop }
                      ;*new {reexecute=1 rethrow=0 return_oop=0}
                      ; - (reexecute) com.android.tools.r8.dex.A::<init>@376 (line 75)
  0x00007e003eac0230: cce2 d605 | e9b7 c9ff | ff48 8bd2 

  0x00007e003eac023c: ;   {runtime_call fast_new_instance Runtime1 stub}
  0x00007e003eac023c: e83f a8d6 

  0x00007e003eac0240: ; ImmutableOopMap {[264]=Oop [280]=Oop [256]=Oop [200]=Oop [232]=Oop [208]=Oop [192]=Oop [240]=Oop [272]=Oop [224]=Oop }
                      ;*new {reexecute=0 rethrow=0 return_oop=0}
                      ; - com.android.tools.r8.dex.A::<init>@376 (line 75)
  0x00007e003eac0240: 05e9 f6c9 

  0x00007e003eac0244: ;   {metadata({method} {0x00007dfe98bf17f8} 'e' '(Lcom/android/tools/r8/graph/m0;Lcom/android/tools/r8/graph/y1;)Lcom/android/tools/r8/graph/E2;' in 'com/android/tools/r8/graph/m0')}
  0x00007e003eac0244: ffff 49ba | f817 bf98 | fe7d 0000 | 4c89 5424 | 0848 c704 | 24ff ffff 

  0x00007e003eac025c: ;   {runtime_call counter_overflow Runtime1 stub}
  0x00007e003eac025c: ffe8 1ef3 

  0x00007e003eac0260: ; ImmutableOopMap {[264]=Oop [280]=Oop [256]=Oop [200]=Oop [232]=Oop [208]=Oop [192]=Oop [240]=Oop [272]=Oop [224]=Oop rax=Oop }
                      ;*synchronization entry
                      ; - com.android.tools.r8.graph.m0::e@-1
                      ; - com.android.tools.r8.dex.A::<init>@386 (line 77)
  0x00007e003eac0260: d605 e90f 

  0x00007e003eac0264: ;   {runtime_call throw_null_pointer_exception Runtime1 stub}
  0x00007e003eac0264: caff ffe8 

  0x00007e003eac0268: ; ImmutableOopMap {[264]=Oop [280]=Oop [256]=Oop [200]=Oop [208]=Oop [192]=Oop [240]=Oop [272]=Oop [224]=Oop [312]=Oop rax=Oop }
                      ;*invokevirtual H0 {reexecute=0 rethrow=0 return_oop=0}
                      ; - com.android.tools.r8.graph.m0::e@16 (line 5)
                      ; - com.android.tools.r8.dex.A::<init>@386 (line 77)
  0x00007e003eac0268: 349c d605 

  0x00007e003eac026c: ;   {runtime_call throw_null_pointer_exception Runtime1 stub}
  0x00007e003eac026c: e82f 9cd6 

  0x00007e003eac0270: ; ImmutableOopMap {[264]=Oop [280]=Oop [256]=Oop [200]=Oop [208]=Oop [192]=Oop [240]=Oop [272]=Oop [224]=Oop [312]=Oop rax=Oop }
                      ;*invokevirtual f1 {reexecute=0 rethrow=0 return_oop=0}
                      ; - com.android.tools.r8.graph.m0::e@19 (line 5)
                      ; - com.android.tools.r8.dex.A::<init>@386 (line 77)
  0x00007e003eac0270: 0548 8914 

  0x00007e003eac0274: ;   {runtime_call throw_class_cast_exception Runtime1 stub}
  0x00007e003eac0274: 24e8 26c3 

  0x00007e003eac0278: ; ImmutableOopMap {[264]=Oop [280]=Oop [256]=Oop [200]=Oop [208]=Oop [192]=Oop [240]=Oop [272]=Oop [224]=Oop [312]=Oop }
                      ;*checkcast {reexecute=0 rethrow=0 return_oop=0}
                      ; - com.android.tools.r8.graph.m0::e@22 (line 5)
                      ; - com.android.tools.r8.dex.A::<init>@386 (line 77)
                      ;   {metadata({method} {0x00007dfe98b43618} '<init>' '(Lcom/android/tools/r8/graph/E2;)V' in 'com/android/tools/r8/graph/i5')}
  0x00007e003eac0278: d605 49ba | 1836 b498 | fe7d 0000 | 4c89 5424 | 0848 c704 | 24ff ffff 

  0x00007e003eac0290: ;   {runtime_call counter_overflow Runtime1 stub}
  0x00007e003eac0290: ffe8 eaf2 

  0x00007e003eac0294: ; ImmutableOopMap {[264]=Oop [280]=Oop [256]=Oop [208]=Oop [192]=Oop [240]=Oop [272]=Oop [224]=Oop rsi=Oop rax=Oop rdi=Oop [200]=Oop }
                      ;*synchronization entry
                      ; - com.android.tools.r8.graph.i5::<init>@-1
                      ; - com.android.tools.r8.dex.A::<init>@389 (line 77)
  0x00007e003eac0294: d605 e973 

  0x00007e003eac0298: ;   {metadata({method} {0x00007e000b444398} '<init>' '()V' in 'java/lang/Object')}
  0x00007e003eac0298: ccff ff49 | ba98 4344 | 0b00 7e00 | 004c 8954 | 2408 48c7 | 0424 ffff 

  0x00007e003eac02b0: ;   {runtime_call counter_overflow Runtime1 stub}
  0x00007e003eac02b0: ffff e8c9 

  0x00007e003eac02b4: ; ImmutableOopMap {[264]=Oop [280]=Oop [256]=Oop [208]=Oop [192]=Oop [240]=Oop [272]=Oop [224]=Oop rsi=Oop rax=Oop rdi=Oop [200]=Oop }
                      ;*synchronization entry
                      ; - java.lang.Object::<init>@-1 (line 44)
                      ; - com.android.tools.r8.graph.i5::<init>@2 (line 1)
                      ; - com.android.tools.r8.dex.A::<init>@389 (line 77)
  0x00007e003eac02b4: f2d6 05e9 | 8fcc ffff | 8b50 0c48 | 83fa 000f | 8490 ccff | ff48 8914 

  0x00007e003eac02cc: ;   {runtime_call g1_pre_barrier_slow}
  0x00007e003eac02cc: 24e8 aef8 | d605 e982 | ccff ff48 | 83fe 000f | 8493 ccff | ff48 8904 

  0x00007e003eac02e4: ;   {runtime_call g1_post_barrier_slow}
  0x00007e003eac02e4: 24e8 96fb | d605 e985 | ccff ff8b | 5720 4883 | fa00 0f84 | 86cc ffff | 4889 1424 

  0x00007e003eac0300: ;   {runtime_call g1_pre_barrier_slow}
  0x00007e003eac0300: e87b f8d6 | 05e9 78cc | ffff 4883 | f800 0f84 | 89cc ffff | 4889 3c24 

  0x00007e003eac0318: ;   {runtime_call g1_post_barrier_slow}
  0x00007e003eac0318: e863 fbd6 | 05e9 7bcc 

  0x00007e003eac0320: ;   {metadata({method} {0x00007dfe98bf1448} 'm' '(Lcom/android/tools/r8/graph/m0;Lcom/android/tools/r8/graph/y1;)Z' in 'com/android/tools/r8/graph/m0')}
  0x00007e003eac0320: ffff 49ba | 4814 bf98 | fe7d 0000 | 4c89 5424 | 0848 c704 | 24ff ffff 

  0x00007e003eac0338: ;   {runtime_call counter_overflow Runtime1 stub}
  0x00007e003eac0338: ffe8 42f2 

  0x00007e003eac033c: ; ImmutableOopMap {[264]=Oop [280]=Oop [256]=Oop [272]=Oop rdi=Oop [200]=Oop rbx=Oop [224]=Oop rsi=Oop [232]=Oop [240]=Oop [192]=Oop [208]=Oop }
                      ;*synchronization entry
                      ; - com.android.tools.r8.graph.m0::m@-1
                      ; - com.android.tools.r8.dex.A::<init>@405 (line 78)
  0x00007e003eac033c: d605 e9cf | ccff ff48 

  0x00007e003eac0344: ;   {runtime_call fast_new_instance Runtime1 stub}
  0x00007e003eac0344: 8bd2 e835 

  0x00007e003eac0348: ; ImmutableOopMap {[264]=Oop [280]=Oop [256]=Oop [272]=Oop [224]=Oop [208]=Oop [192]=Oop [240]=Oop [200]=Oop rbx=Oop }
                      ;*new {reexecute=0 rethrow=0 return_oop=0}
                      ; - com.android.tools.r8.dex.A::<init>@432 (line 82)
  0x00007e003eac0348: a7d6 05e9 | 48ce ffff 

  0x00007e003eac0350: ;   {runtime_call throw_null_pointer_exception Runtime1 stub}
  0x00007e003eac0350: e84b 9bd6 

  0x00007e003eac0354: ; ImmutableOopMap {[264]=Oop [280]=Oop [256]=Oop [272]=Oop [224]=Oop [208]=Oop [192]=Oop [240]=Oop [200]=Oop rbx=Oop rax=Oop }
                      ;*invokevirtual size {reexecute=0 rethrow=0 return_oop=0}
                      ; - com.android.tools.r8.dex.A::<init>@440 (line 82)
  0x00007e003eac0354: 058b 5624 | 4883 fa00 | 0f84 18cf | ffff 4889 

  0x00007e003eac0364: ;   {runtime_call g1_pre_barrier_slow}
  0x00007e003eac0364: 1424 e815 | f8d6 05e9 | 0acf ffff | 4883 f800 | 0f84 23cf | ffff 4889 

  0x00007e003eac037c: ;   {runtime_call g1_post_barrier_slow}
  0x00007e003eac037c: 3424 e8fd | fad6 05e9 | 15cf ffff 

  0x00007e003eac0388: ;   {metadata({method} {0x00007e000b432810} 'iterator' '()Ljava/util/Iterator;' in 'java/util/ArrayList')}
  0x00007e003eac0388: 49ba 1028 | 430b 007e | 0000 4c89 | 5424 0848 | c704 24ff 

  0x00007e003eac039c: ;   {runtime_call counter_overflow Runtime1 stub}
  0x00007e003eac039c: ffff ffe8 

  0x00007e003eac03a0: ; ImmutableOopMap {[264]=Oop [280]=Oop [256]=Oop [272]=Oop [224]=Oop [208]=Oop [192]=Oop [240]=Oop [328]=Oop rsi=Oop [200]=Oop }
                      ;*synchronization entry
                      ; - java.util.ArrayList::iterator@-1 (line 947)
                      ; - com.android.tools.r8.dex.A::<init>@452 (line 83)
  0x00007e003eac03a0: dcf1 d605 | e9ba cfff | ff48 8bd2 

  0x00007e003eac03ac: ;   {runtime_call fast_new_instance Runtime1 stub}
  0x00007e003eac03ac: e8cf a6d6 

  0x00007e003eac03b0: ; ImmutableOopMap {[264]=Oop [280]=Oop [256]=Oop [272]=Oop [224]=Oop [208]=Oop [192]=Oop [240]=Oop [328]=Oop [200]=Oop }
                      ;*new {reexecute=0 rethrow=0 return_oop=0}
                      ; - java.util.ArrayList::iterator@0 (line 947)
                      ; - com.android.tools.r8.dex.A::<init>@452 (line 83)
  0x00007e003eac03b0: 05e9 01d0 

  0x00007e003eac03b4: ;   {metadata({method} {0x00007e000b1b13b0} '<init>' '(Ljava/util/ArrayList;)V' in 'java/util/ArrayList$Itr')}
  0x00007e003eac03b4: ffff 49ba | b013 1b0b | 007e 0000 | 4c89 5424 | 0848 c704 | 24ff ffff 

  0x00007e003eac03cc: ;   {runtime_call counter_overflow Runtime1 stub}
  0x00007e003eac03cc: ffe8 aef1 

  0x00007e003eac03d0: ; ImmutableOopMap {[264]=Oop [280]=Oop [256]=Oop [272]=Oop [224]=Oop [208]=Oop [192]=Oop [240]=Oop [328]=Oop [200]=Oop rax=Oop [336]=Oop }
                      ;*synchronization entry
                      ; - java.util.ArrayList$Itr::<init>@-1 (line 959)
                      ; - java.util.ArrayList::iterator@5 (line 947)
                      ; - com.android.tools.r8.dex.A::<init>@452 (line 83)
  0x00007e003eac03d0: d605 e925 | d0ff ff8b | 7018 4883 | fe00 0f84 | 26d0 ffff | 4889 3424 

  0x00007e003eac03e8: ;   {runtime_call g1_pre_barrier_slow}
  0x00007e003eac03e8: e893 f7d6 | 05e9 18d0 | ffff 4883 | fe00 0f84 | 31d0 ffff | 4889 0424 

  0x00007e003eac0400: ;   {runtime_call g1_post_barrier_slow}
  0x00007e003eac0400: e87b fad6 | 05e9 23d0 

  0x00007e003eac0408: ;   {metadata({method} {0x00007e000b444398} '<init>' '()V' in 'java/lang/Object')}
  0x00007e003eac0408: ffff 49ba | 9843 440b | 007e 0000 | 4c89 5424 | 0848 c704 | 24ff ffff 

  0x00007e003eac0420: ;   {runtime_call counter_overflow Runtime1 stub}
  0x00007e003eac0420: ffe8 5af1 

  0x00007e003eac0424: ; ImmutableOopMap {[264]=Oop [280]=Oop [256]=Oop [272]=Oop [224]=Oop [208]=Oop [192]=Oop [240]=Oop [200]=Oop rax=Oop [336]=Oop rsi=Oop }
                      ;*synchronization entry
                      ; - java.lang.Object::<init>@-1 (line 44)
                      ; - java.util.ArrayList$Itr::<init>@6 (line 959)
                      ; - java.util.ArrayList::iterator@5 (line 947)
                      ; - com.android.tools.r8.dex.A::<init>@452 (line 83)
  0x00007e003eac0424: d605 e93f | d0ff ff48 

  0x00007e003eac042c: ;   {runtime_call throw_class_cast_exception Runtime1 stub}
  0x00007e003eac042c: 8904 24e8 

  0x00007e003eac0430: ; ImmutableOopMap {[264]=Oop [280]=Oop [256]=Oop [272]=Oop [224]=Oop [208]=Oop [192]=Oop [240]=Oop [336]=Oop [200]=Oop }
                      ;*checkcast {reexecute=0 rethrow=0 return_oop=0}
                      ; - com.android.tools.r8.dex.A::<init>@474 (line 83)
  0x00007e003eac0430: 6cc1 d605 

  0x00007e003eac0434: ;   {metadata(NULL)}
  0x00007e003eac0434: 48ba 0000 | 0000 0000 | 0000 b800 

  0x00007e003eac0440: ;   {runtime_call load_klass_patching Runtime1 stub}
  0x00007e003eac0440: 0f05 0ae8 

  0x00007e003eac0444: ; ImmutableOopMap {[264]=Oop [280]=Oop [256]=Oop [272]=Oop [224]=Oop [208]=Oop [192]=Oop [240]=Oop [336]=Oop rbx=Oop rsi=Oop [200]=Oop r8=Oop }
                      ;*new {reexecute=1 rethrow=0 return_oop=0}
                      ; - (reexecute) com.android.tools.r8.dex.A::<init>@483 (line 84)
  0x00007e003eac0444: b8e0 d605 | e9f3 d1ff | ff48 8bd2 

  0x00007e003eac0450: ;   {runtime_call fast_new_instance Runtime1 stub}
  0x00007e003eac0450: e82b a6d6 

  0x00007e003eac0454: ; ImmutableOopMap {[264]=Oop [280]=Oop [256]=Oop [272]=Oop [224]=Oop [208]=Oop [192]=Oop [240]=Oop [336]=Oop rbx=Oop r8=Oop [200]=Oop }
                      ;*new {reexecute=0 rethrow=0 return_oop=0}
                      ; - com.android.tools.r8.dex.A::<init>@483 (line 84)
  0x00007e003eac0454: 05e9 32d2 

  0x00007e003eac0458: ;   {metadata({method} {0x00007dfe99327c00} '<init>' '(Lcom/android/tools/r8/graph/E2;)V' in 'com/android/tools/r8/graph/j5')}
  0x00007e003eac0458: ffff 49ba | 007c 3299 | fe7d 0000 | 4c89 5424 | 0848 c704 | 24ff ffff 

  0x00007e003eac0470: ;   {runtime_call counter_overflow Runtime1 stub}
  0x00007e003eac0470: ffe8 0af1 

  0x00007e003eac0474: ; ImmutableOopMap {[264]=Oop [280]=Oop [256]=Oop [272]=Oop [224]=Oop [208]=Oop [192]=Oop [240]=Oop [336]=Oop rbx=Oop r8=Oop [200]=Oop rax=Oop }
                      ;*synchronization entry
                      ; - com.android.tools.r8.graph.j5::<init>@-1
                      ; - com.android.tools.r8.dex.A::<init>@489 (line 84)
  0x00007e003eac0474: d605 e94e 

  0x00007e003eac0478: ;   {metadata({method} {0x00007e000b444398} '<init>' '()V' in 'java/lang/Object')}
  0x00007e003eac0478: d2ff ff49 | ba98 4344 | 0b00 7e00 | 004c 8954 | 2408 48c7 | 0424 ffff 

  0x00007e003eac0490: ;   {runtime_call counter_overflow Runtime1 stub}
  0x00007e003eac0490: ffff e8e9 

  0x00007e003eac0494: ; ImmutableOopMap {[264]=Oop [280]=Oop [256]=Oop [272]=Oop [224]=Oop [208]=Oop [192]=Oop [240]=Oop [336]=Oop rbx=Oop r8=Oop [200]=Oop rax=Oop }
                      ;*synchronization entry
                      ; - java.lang.Object::<init>@-1 (line 44)
                      ; - com.android.tools.r8.graph.j5::<init>@2 (line 1)
                      ; - com.android.tools.r8.dex.A::<init>@489 (line 84)
  0x00007e003eac0494: f0d6 05e9 | 6ad2 ffff | 8b50 0c48 | 83fa 000f | 846b d2ff | ff48 8914 

  0x00007e003eac04ac: ;   {runtime_call g1_pre_barrier_slow}
  0x00007e003eac04ac: 24e8 cef6 | d605 e95d | d2ff ff48 | 83fb 000f | 846e d2ff | ff48 8904 

  0x00007e003eac04c4: ;   {runtime_call g1_post_barrier_slow}
  0x00007e003eac04c4: 24e8 b6f9 | d605 e960 

  0x00007e003eac04cc: ;   {runtime_call throw_null_pointer_exception Runtime1 stub}
  0x00007e003eac04cc: d2ff ffe8 

  0x00007e003eac04d0: ; ImmutableOopMap {[264]=Oop [280]=Oop [256]=Oop [272]=Oop [224]=Oop [208]=Oop [192]=Oop [240]=Oop [336]=Oop r8=Oop [200]=Oop rax=Oop }
                      ;*invokeinterface add {reexecute=0 rethrow=0 return_oop=0}
                      ; - com.android.tools.r8.dex.A::<init>@492 (line 84)
  0x00007e003eac04d0: cc99 d605 

  0x00007e003eac04d4: ;   {metadata({method} {0x00007dfe98c40ad0} '<init>' '(Lcom/android/tools/r8/graph/E2;Lcom/android/tools/r8/origin/Origin;Lcom/android/tools/r8/graph/p0;Lcom/android/tools/r8/utils/A1;)V' in 'com/android/tools/r8/dex/A')}
  0x00007e003eac04d4: 49ba d00a | c498 fe7d | 0000 4c89 | 5424 0848 | c704 24f2 

  0x00007e003eac04e8: ;   {runtime_call counter_overflow Runtime1 stub}
  0x00007e003eac04e8: 0100 00e8 

  0x00007e003eac04ec: ; ImmutableOopMap {[264]=Oop [280]=Oop [256]=Oop [272]=Oop [224]=Oop [208]=Oop [192]=Oop [240]=Oop [336]=Oop [200]=Oop }
                      ;*goto {reexecute=1 rethrow=0 return_oop=0}
                      ; - (reexecute) com.android.tools.r8.dex.A::<init>@498 (line 84)
  0x00007e003eac04ec: 90f0 d605 | e917 d3ff 

  0x00007e003eac04f4: ;   {metadata({method} {0x00007dfe98bf14f8} 'n' '(Lcom/android/tools/r8/graph/m0;Lcom/android/tools/r8/graph/y1;)Z' in 'com/android/tools/r8/graph/m0')}
  0x00007e003eac04f4: ff49 baf8 | 14bf 98fe | 7d00 004c | 8954 2408 | 48c7 0424 | ffff ffff 

  0x00007e003eac050c: ;   {runtime_call counter_overflow Runtime1 stub}
  0x00007e003eac050c: e86f f0d6 

  0x00007e003eac0510: ; ImmutableOopMap {[264]=Oop [280]=Oop [256]=Oop [272]=Oop [200]=Oop rdi=Oop [224]=Oop rsi=Oop [232]=Oop [240]=Oop [192]=Oop [208]=Oop }
                      ;*synchronization entry
                      ; - com.android.tools.r8.graph.m0::n@-1
                      ; - com.android.tools.r8.dex.A::<init>@505 (line 87)
  0x00007e003eac0510: 05e9 5bd4 | ffff 48bf | 0000 0000 | 0000 0000 | b800 0f05 

  0x00007e003eac0524: ;   {runtime_call load_appendix_patching Runtime1 stub}
  0x00007e003eac0524: 0ae8 d6e8 

  0x00007e003eac0528: ; ImmutableOopMap {[264]=Oop [280]=Oop [256]=Oop [272]=Oop [224]=Oop [344]=Oop [200]=Oop [208]=Oop [192]=Oop [240]=Oop }
                      ;*invokedynamic {reexecute=1 rethrow=0 return_oop=0}
                      ; - (reexecute) com.android.tools.r8.dex.A::<init>@532 (line 92)
  0x00007e003eac0528: d605 e991 | d5ff ff8b | 5628 4883 | fa00 0f84 | 46d6 ffff | 4889 1424 

  0x00007e003eac0540: ;   {runtime_call g1_pre_barrier_slow}
  0x00007e003eac0540: e83b f6d6 | 05e9 38d6 | ffff 4883 | f800 0f84 | 49d6 ffff | 4889 3424 

  0x00007e003eac0558: ;   {runtime_call g1_post_barrier_slow}
  0x00007e003eac0558: e823 f9d6 | 05e9 3bd6 

  0x00007e003eac0560: ;   {metadata({method} {0x00007dfe98bf15a8} 'o' '(Lcom/android/tools/r8/graph/m0;Lcom/android/tools/r8/graph/y1;)Z' in 'com/android/tools/r8/graph/m0')}
  0x00007e003eac0560: ffff 49ba | a815 bf98 | fe7d 0000 | 4c89 5424 | 0848 c704 | 24ff ffff 

  0x00007e003eac0578: ;   {runtime_call counter_overflow Runtime1 stub}
  0x00007e003eac0578: ffe8 02f0 

  0x00007e003eac057c: ; ImmutableOopMap {[264]=Oop [280]=Oop [256]=Oop [272]=Oop rdi=Oop [200]=Oop rbx=Oop [224]=Oop rsi=Oop [232]=Oop [208]=Oop [240]=Oop [192]=Oop }
                      ;*synchronization entry
                      ; - com.android.tools.r8.graph.m0::o@-1
                      ; - com.android.tools.r8.dex.A::<init>@552 (line 95)
  0x00007e003eac057c: d605 e992 

  0x00007e003eac0580: ;   {metadata({method} {0x00007dfe98bf07f0} 'p0' '()Lcom/android/tools/r8/graph/E2;' in 'com/android/tools/r8/graph/m0')}
  0x00007e003eac0580: d6ff ff49 | baf0 07bf | 98fe 7d00 | 004c 8954 | 2408 48c7 | 0424 ffff 

  0x00007e003eac0598: ;   {runtime_call counter_overflow Runtime1 stub}
  0x00007e003eac0598: ffff e8e1 

  0x00007e003eac059c: ; ImmutableOopMap {[264]=Oop [280]=Oop [256]=Oop [272]=Oop rdi=Oop [200]=Oop rbx=Oop [224]=Oop rsi=Oop [232]=Oop [208]=Oop [240]=Oop [192]=Oop }
                      ;*synchronization entry
                      ; - com.android.tools.r8.graph.m0::p0@-1
                      ; - com.android.tools.r8.graph.m0::o@1 (line 1)
                      ; - com.android.tools.r8.dex.A::<init>@552 (line 95)
  0x00007e003eac059c: efd6 05e9 | 37d7 ffff | 8b56 2c48 | 83fa 000f | 848a d8ff | ff48 8914 

  0x00007e003eac05b4: ;   {runtime_call g1_pre_barrier_slow}
  0x00007e003eac05b4: 24e8 c6f5 | d605 e97c | d8ff ff48 | 83f8 000f | 848d d8ff | ff48 8934 

  0x00007e003eac05cc: ;   {runtime_call g1_post_barrier_slow}
  0x00007e003eac05cc: 24e8 aef8 | d605 e97f 

  0x00007e003eac05d4: ;   {metadata({method} {0x00007dfe98c410a8} 'a' '(Lcom/android/tools/r8/graph/m0;)V' in 'com/android/tools/r8/dex/A')}
  0x00007e003eac05d4: d8ff ff49 | baa8 10c4 | 98fe 7d00 | 004c 8954 | 2408 48c7 | 0424 ffff 

  0x00007e003eac05ec: ;   {runtime_call counter_overflow Runtime1 stub}
  0x00007e003eac05ec: ffff e88d 

  0x00007e003eac05f0: ; ImmutableOopMap {[264]=Oop [280]=Oop [256]=Oop [272]=Oop [224]=Oop rdi=Oop [200]=Oop [232]=Oop [240]=Oop [208]=Oop [192]=Oop }
                      ;*synchronization entry
                      ; - com.android.tools.r8.dex.A::a@-1
                      ; - com.android.tools.r8.dex.A::<init>@591 (line 103)
  0x00007e003eac05f0: efd6 05e9 | cbd8 ffff 

  0x00007e003eac05f8: ;   {runtime_call throw_null_pointer_exception Runtime1 stub}
  0x00007e003eac05f8: e8a3 98d6 

  0x00007e003eac05fc: ; ImmutableOopMap {[264]=Oop [280]=Oop [256]=Oop [272]=Oop [224]=Oop rdi=Oop [200]=Oop [240]=Oop [208]=Oop [192]=Oop rbx=Oop [232]=Oop }
                      ;*invokevirtual add {reexecute=0 rethrow=0 return_oop=0}
                      ; - com.android.tools.r8.dex.A::a@11 (line 12)
                      ; - com.android.tools.r8.dex.A::<init>@591 (line 103)
                      ;   {metadata({method} {0x00007e000b432c88} 'add' '(Ljava/lang/Object;)Z' in 'java/util/ArrayList')}
  0x00007e003eac05fc: 0549 ba88 | 2c43 0b00 | 7e00 004c | 8954 2408 | 48c7 0424 | ffff ffff 

  0x00007e003eac0614: ;   {runtime_call counter_overflow Runtime1 stub}
  0x00007e003eac0614: e867 efd6 

  0x00007e003eac0618: ; ImmutableOopMap {[264]=Oop [280]=Oop [256]=Oop [272]=Oop [224]=Oop rdi=Oop [200]=Oop [240]=Oop [208]=Oop [192]=Oop rbx=Oop [232]=Oop }
                      ;*synchronization entry
                      ; - java.util.ArrayList::add@-1 (line 466)
                      ; - com.android.tools.r8.dex.A::a@11 (line 12)
                      ; - com.android.tools.r8.dex.A::<init>@591 (line 103)
  0x00007e003eac0618: 05e9 a0d9 

  0x00007e003eac061c: ;   {metadata({method} {0x00007e000b432f98} 'add' '(Ljava/lang/Object;[Ljava/lang/Object;I)V' in 'java/util/ArrayList')}
  0x00007e003eac061c: ffff 49ba | 982f 430b | 007e 0000 | 4c89 5424 | 0848 c704 | 24ff ffff 

  0x00007e003eac0634: ;   {runtime_call counter_overflow Runtime1 stub}
  0x00007e003eac0634: ffe8 46ef 

  0x00007e003eac0638: ; ImmutableOopMap {[264]=Oop [280]=Oop [256]=Oop [272]=Oop [224]=Oop rdi=Oop [200]=Oop [240]=Oop [208]=Oop [192]=Oop rbx=Oop [232]=Oop rdx=Oop }
                      ;*synchronization entry
                      ; - java.util.ArrayList::add@-1 (line 453)
                      ; - java.util.ArrayList::add@20 (line 467)
                      ; - com.android.tools.r8.dex.A::a@11 (line 12)
                      ; - com.android.tools.r8.dex.A::<init>@591 (line 103)
  0x00007e003eac0638: d605 e9ca 

  0x00007e003eac063c: ;   {runtime_call throw_null_pointer_exception Runtime1 stub}
  0x00007e003eac063c: d9ff ffe8 

  0x00007e003eac0640: ; ImmutableOopMap {[264]=Oop [280]=Oop [256]=Oop [272]=Oop [224]=Oop rdi=Oop [200]=Oop [240]=Oop [208]=Oop [192]=Oop rbx=Oop [232]=Oop rdx=Oop }
                      ;*arraylength {reexecute=0 rethrow=0 return_oop=0}
                      ; - java.util.ArrayList::add@2 (line 453)
                      ; - java.util.ArrayList::add@20 (line 467)
                      ; - com.android.tools.r8.dex.A::a@11 (line 12)
                      ; - com.android.tools.r8.dex.A::<init>@591 (line 103)
  0x00007e003eac0640: 5c98 d605 

  0x00007e003eac0644: ;   {metadata({method} {0x00007e000b433308} 'grow' '()[Ljava/lang/Object;' in 'java/util/ArrayList')}
  0x00007e003eac0644: 49ba 0833 | 430b 007e | 0000 4c89 | 5424 0848 | c704 24ff 

  0x00007e003eac0658: ;   {runtime_call counter_overflow Runtime1 stub}
  0x00007e003eac0658: ffff ffe8 

  0x00007e003eac065c: ; ImmutableOopMap {[264]=Oop [280]=Oop [256]=Oop [272]=Oop [224]=Oop [240]=Oop [208]=Oop [192]=Oop rbx=Oop [232]=Oop [200]=Oop }
                      ;*synchronization entry
                      ; - java.util.ArrayList::grow@-1 (line 244)
                      ; - java.util.ArrayList::add@7 (line 454)
                      ; - java.util.ArrayList::add@20 (line 467)
                      ; - com.android.tools.r8.dex.A::a@11 (line 12)
                      ; - com.android.tools.r8.dex.A::<init>@591 (line 103)
  0x00007e003eac065c: 20ef d605 | e916 daff 

  0x00007e003eac0664: ;   {runtime_call throw_null_pointer_exception Runtime1 stub}
  0x00007e003eac0664: ffe8 3698 

  0x00007e003eac0668: ; ImmutableOopMap {[264]=Oop [280]=Oop [256]=Oop [272]=Oop [224]=Oop [240]=Oop [208]=Oop [192]=Oop [200]=Oop rdx=Oop rbx=Oop rdi=Oop [232]=Oop }
                      ;*aastore {reexecute=1 rethrow=0 return_oop=0}
                      ; - (reexecute) java.util.ArrayList::add@14 (line 455)
                      ; - java.util.ArrayList::add@20 (line 467)
                      ; - com.android.tools.r8.dex.A::a@11 (line 12)
                      ; - com.android.tools.r8.dex.A::<init>@591 (line 103)
                      ;   {runtime_call throw_null_pointer_exception Runtime1 stub}
  0x00007e003eac0668: d605 e831 

  0x00007e003eac066c: ; ImmutableOopMap {[264]=Oop [280]=Oop [256]=Oop [272]=Oop [224]=Oop [240]=Oop [208]=Oop [192]=Oop [200]=Oop rdx=Oop rbx=Oop rdi=Oop [232]=Oop }
                      ;*aastore {reexecute=1 rethrow=0 return_oop=0}
                      ; - (reexecute) java.util.ArrayList::add@14 (line 455)
                      ; - java.util.ArrayList::add@20 (line 467)
                      ; - com.android.tools.r8.dex.A::a@11 (line 12)
                      ; - com.android.tools.r8.dex.A::<init>@591 (line 103)
  0x00007e003eac066c: 98d6 0548 | 8904 2448 | 8954 2408 

  0x00007e003eac0678: ;   {runtime_call throw_range_check_failed Runtime1 stub}
  0x00007e003eac0678: e823 89d6 

  0x00007e003eac067c: ; ImmutableOopMap {[264]=Oop [280]=Oop [256]=Oop [272]=Oop [224]=Oop [240]=Oop [208]=Oop [192]=Oop [200]=Oop rdx=Oop rbx=Oop rdi=Oop [232]=Oop }
                      ;*aastore {reexecute=1 rethrow=0 return_oop=0}
                      ; - (reexecute) java.util.ArrayList::add@14 (line 455)
                      ; - java.util.ArrayList::add@20 (line 467)
                      ; - com.android.tools.r8.dex.A::a@11 (line 12)
                      ; - com.android.tools.r8.dex.A::<init>@591 (line 103)
                      ;   {runtime_call throw_null_pointer_exception Runtime1 stub}
  0x00007e003eac067c: 05e8 1e98 

  0x00007e003eac0680: ; ImmutableOopMap {[264]=Oop [280]=Oop [256]=Oop [272]=Oop [224]=Oop [240]=Oop [208]=Oop [192]=Oop [200]=Oop rdx=Oop rbx=Oop rdi=Oop [232]=Oop }
                      ;*aastore {reexecute=1 rethrow=0 return_oop=0}
                      ; - (reexecute) java.util.ArrayList::add@14 (line 455)
                      ; - java.util.ArrayList::add@20 (line 467)
                      ; - com.android.tools.r8.dex.A::a@11 (line 12)
                      ; - com.android.tools.r8.dex.A::<init>@591 (line 103)
  0x00007e003eac0680: d605 4889 

  0x00007e003eac0684: ;   {runtime_call throw_array_store_exception Runtime1 stub}
  0x00007e003eac0684: 3c24 e815 

  0x00007e003eac0688: ; ImmutableOopMap {[264]=Oop [280]=Oop [256]=Oop [272]=Oop [224]=Oop [240]=Oop [208]=Oop [192]=Oop [200]=Oop rdx=Oop rbx=Oop rdi=Oop [232]=Oop }
                      ;*aastore {reexecute=1 rethrow=0 return_oop=0}
                      ; - (reexecute) java.util.ArrayList::add@14 (line 455)
                      ; - java.util.ArrayList::add@20 (line 467)
                      ; - com.android.tools.r8.dex.A::a@11 (line 12)
                      ; - com.android.tools.r8.dex.A::<init>@591 (line 103)
  0x00007e003eac0688: bcd6 058b | 3248 83fe | 000f 846b | dbff ff48 

  0x00007e003eac0698: ;   {runtime_call g1_pre_barrier_slow}
  0x00007e003eac0698: 8934 24e8 | e0f4 d605 | e95d dbff | ff48 83ff | 000f 846d | dbff ff48 

  0x00007e003eac06b0: ;   {runtime_call g1_post_barrier_slow}
  0x00007e003eac06b0: 8914 24e8 | c8f7 d605 | e95f dbff 

  0x00007e003eac06bc: ;   {runtime_call throw_null_pointer_exception Runtime1 stub}
  0x00007e003eac06bc: ffe8 de97 

  0x00007e003eac06c0: ; ImmutableOopMap {[280]=Oop [256]=Oop [272]=Oop [224]=Oop [200]=Oop [192]=Oop [208]=Oop [240]=Oop rax=Oop rdx=Oop [264]=Oop }
                      ;*invokevirtual B0 {reexecute=0 rethrow=0 return_oop=0}
                      ; - com.android.tools.r8.dex.A::<init>@332 (line 70)
                      ;   {metadata({method} {0x00007dfe989110e8} 'B0' '()Ljava/lang/String;' in 'com/android/tools/r8/graph/E2')}
  0x00007e003eac06c0: d605 49ba | e810 9198 | fe7d 0000 | 4c89 5424 | 0848 c704 | 24ff ffff 

  0x00007e003eac06d8: ;   {runtime_call counter_overflow Runtime1 stub}
  0x00007e003eac06d8: ffe8 a2ee 

  0x00007e003eac06dc: ; ImmutableOopMap {[280]=Oop [256]=Oop [272]=Oop [224]=Oop [200]=Oop [192]=Oop [208]=Oop [240]=Oop rax=Oop rdx=Oop [264]=Oop }
                      ;*synchronization entry
                      ; - com.android.tools.r8.graph.E2::B0@-1
                      ; - com.android.tools.r8.dex.A::<init>@332 (line 70)
  0x00007e003eac06dc: d605 e90a 

  0x00007e003eac06e0: ;   {metadata({method} {0x00007dfe9890fe90} 'T0' '()Z' in 'com/android/tools/r8/graph/E2')}
  0x00007e003eac06e0: dcff ff49 | ba90 fe90 | 98fe 7d00 | 004c 8954 | 2408 48c7 | 0424 ffff 

  0x00007e003eac06f8: ;   {runtime_call counter_overflow Runtime1 stub}
  0x00007e003eac06f8: ffff e881 

  0x00007e003eac06fc: ; ImmutableOopMap {[280]=Oop [256]=Oop [272]=Oop [224]=Oop [200]=Oop [192]=Oop [208]=Oop [240]=Oop rax=Oop rdx=Oop [264]=Oop }
                      ;*synchronization entry
                      ; - com.android.tools.r8.graph.E2::T0@-1
                      ; - com.android.tools.r8.graph.E2::B0@1 (line 1)
                      ; - com.android.tools.r8.dex.A::<init>@332 (line 70)
  0x00007e003eac06fc: eed6 05e9 | 26dc ffff 

  0x00007e003eac0704: ;   {runtime_call throw_null_pointer_exception Runtime1 stub}
  0x00007e003eac0704: e897 97d6 

  0x00007e003eac0708: ; ImmutableOopMap {[280]=Oop [256]=Oop [272]=Oop [224]=Oop [200]=Oop [192]=Oop [208]=Oop [240]=Oop rax=Oop rdx=Oop [264]=Oop }
                      ;*getfield f {reexecute=1 rethrow=0 return_oop=0}
                      ; - (reexecute) com.android.tools.r8.graph.E2::T0@4 (line 2)
                      ; - com.android.tools.r8.graph.E2::B0@1 (line 1)
                      ; - com.android.tools.r8.dex.A::<init>@332 (line 70)
                      ;   {runtime_call throw_null_pointer_exception Runtime1 stub}
  0x00007e003eac0708: 05e8 9297 

  0x00007e003eac070c: ; ImmutableOopMap {[280]=Oop [256]=Oop [272]=Oop [224]=Oop [200]=Oop [192]=Oop [208]=Oop [240]=Oop rax=Oop rdx=Oop [264]=Oop rsi=Oop }
                      ;*baload {reexecute=0 rethrow=0 return_oop=0}
                      ; - com.android.tools.r8.graph.E2::T0@8 (line 3)
                      ; - com.android.tools.r8.graph.E2::B0@1 (line 1)
                      ; - com.android.tools.r8.dex.A::<init>@332 (line 70)
                      ;   {runtime_call throw_null_pointer_exception Runtime1 stub}
  0x00007e003eac070c: d605 e88d 

  0x00007e003eac0710: ; ImmutableOopMap {[280]=Oop [256]=Oop [272]=Oop [224]=Oop [200]=Oop [192]=Oop [208]=Oop [240]=Oop rax=Oop rdx=Oop [264]=Oop rsi=Oop }
                      ;*baload {reexecute=0 rethrow=0 return_oop=0}
                      ; - com.android.tools.r8.graph.E2::T0@8 (line 3)
                      ; - com.android.tools.r8.graph.E2::B0@1 (line 1)
                      ; - com.android.tools.r8.dex.A::<init>@332 (line 70)
  0x00007e003eac0710: 97d6 0548 | c704 2400 | 0000 0048 | 8974 2408 

  0x00007e003eac0720: ;   {runtime_call throw_range_check_failed Runtime1 stub}
  0x00007e003eac0720: e87b 88d6 

  0x00007e003eac0724: ; ImmutableOopMap {[280]=Oop [256]=Oop [272]=Oop [224]=Oop [200]=Oop [192]=Oop [208]=Oop [240]=Oop rax=Oop rdx=Oop [264]=Oop rsi=Oop }
                      ;*baload {reexecute=0 rethrow=0 return_oop=0}
                      ; - com.android.tools.r8.graph.E2::T0@8 (line 3)
                      ; - com.android.tools.r8.graph.E2::B0@1 (line 1)
                      ; - com.android.tools.r8.dex.A::<init>@332 (line 70)
  0x00007e003eac0724: 058b 561c | 4883 fa00 | 0f84 38dd | ffff 4889 

  0x00007e003eac0734: ;   {runtime_call g1_pre_barrier_slow}
  0x00007e003eac0734: 1424 e845 | f4d6 05e9 | 2add ffff | 4883 f800 | 0f84 3bdd | ffff 4889 

  0x00007e003eac074c: ;   {runtime_call g1_post_barrier_slow}
  0x00007e003eac074c: 3424 e82d | f7d6 05e9 | 2ddd ffff 

  0x00007e003eac0758: ;   {metadata({method} {0x00007dfe98c40ad0} '<init>' '(Lcom/android/tools/r8/graph/E2;Lcom/android/tools/r8/origin/Origin;Lcom/android/tools/r8/graph/p0;Lcom/android/tools/r8/utils/A1;)V' in 'com/android/tools/r8/dex/A')}
  0x00007e003eac0758: 49ba d00a | c498 fe7d | 0000 4c89 | 5424 0848 | c704 2455 

  0x00007e003eac076c: ;   {runtime_call counter_overflow Runtime1 stub}
  0x00007e003eac076c: 0200 00e8 

  0x00007e003eac0770: ; ImmutableOopMap {[280]=Oop [256]=Oop [224]=Oop [264]=Oop [272]=Oop rax=Oop r11=Oop rbx=Oop [200]=Oop rsi=Oop }
                      ;*goto {reexecute=1 rethrow=0 return_oop=0}
                      ; - (reexecute) com.android.tools.r8.dex.A::<init>@597 (line 103)
  0x00007e003eac0770: 0cee d605 | e968 ddff | ff48 8bd2 

  0x00007e003eac077c: ;   {runtime_call fast_new_instance Runtime1 stub}
  0x00007e003eac077c: e8ff a2d6 

  0x00007e003eac0780: ; ImmutableOopMap {[264]=Oop rbx=Oop [200]=Oop r11=Oop [208]=Oop }
                      ;*new {reexecute=0 rethrow=0 return_oop=0}
                      ; - com.android.tools.r8.dex.A::<init>@642 (line 110)
  0x00007e003eac0780: 05e9 ccde 

  0x00007e003eac0784: ;   {metadata({method} {0x00007dfe98b43d40} '<init>' '(Lcom/android/tools/r8/graph/s2;)V' in 'com/android/tools/r8/graph/Z2')}
  0x00007e003eac0784: ffff 49ba | 403d b498 | fe7d 0000 | 4c89 5424 | 0848 c704 | 24ff ffff 

  0x00007e003eac079c: ;   {runtime_call counter_overflow Runtime1 stub}
  0x00007e003eac079c: ffe8 deed 

  0x00007e003eac07a0: ; ImmutableOopMap {[264]=Oop rbx=Oop [200]=Oop r11=Oop [208]=Oop rax=Oop }
                      ;*synchronization entry
                      ; - com.android.tools.r8.graph.Z2::<init>@-1
                      ; - com.android.tools.r8.dex.A::<init>@649 (line 110)
  0x00007e003eac07a0: d605 e9e8 

  0x00007e003eac07a4: ;   {metadata({method} {0x00007e000b444398} '<init>' '()V' in 'java/lang/Object')}
  0x00007e003eac07a4: deff ff49 | ba98 4344 | 0b00 7e00 | 004c 8954 | 2408 48c7 | 0424 ffff 

  0x00007e003eac07bc: ;   {runtime_call counter_overflow Runtime1 stub}
  0x00007e003eac07bc: ffff e8bd 

  0x00007e003eac07c0: ; ImmutableOopMap {[264]=Oop rbx=Oop [200]=Oop r11=Oop [208]=Oop rax=Oop }
                      ;*synchronization entry
                      ; - java.lang.Object::<init>@-1 (line 44)
                      ; - com.android.tools.r8.graph.Z2::<init>@2 (line 3)
                      ; - com.android.tools.r8.dex.A::<init>@649 (line 110)
  0x00007e003eac07c0: edd6 05e9 | 04df ffff | 8b50 1048 | 83fa 000f | 8405 dfff | ff48 8914 

  0x00007e003eac07d8: ;   {runtime_call g1_pre_barrier_slow}
  0x00007e003eac07d8: 24e8 a2f3 | d605 e9f7 | deff ff49 | 83fb 000f | 8408 dfff | ff48 8904 

  0x00007e003eac07f0: ;   {runtime_call g1_post_barrier_slow}
  0x00007e003eac07f0: 24e8 8af6 | d605 e9fa | deff ff8b | 5310 4883 | fa00 0f84 | fbde ffff | 4889 1424 

  0x00007e003eac080c: ;   {runtime_call g1_pre_barrier_slow}
  0x00007e003eac080c: e86f f3d6 | 05e9 edde | ffff 4883 | f800 0f84 | fede ffff | 4889 1c24 

  0x00007e003eac0824: ;   {runtime_call g1_post_barrier_slow}
  0x00007e003eac0824: e857 f6d6 | 05e9 f0de 

  0x00007e003eac082c: ;   {runtime_call throw_null_pointer_exception Runtime1 stub}
  0x00007e003eac082c: ffff e86d 

  0x00007e003eac0830: ; ImmutableOopMap {[264]=Oop rbx=Oop [200]=Oop [208]=Oop r13=Oop r9=Oop }
                      ;*invokevirtual iterator {reexecute=0 rethrow=0 return_oop=0}
                      ; - com.android.tools.r8.dex.A::<init>@672 (line 114)
                      ;   {metadata({method} {0x00007e000b432810} 'iterator' '()Ljava/util/Iterator;' in 'java/util/ArrayList')}
  0x00007e003eac0830: 96d6 0549 | ba10 2843 | 0b00 7e00 | 004c 8954 | 2408 48c7 | 0424 ffff 

  0x00007e003eac0848: ;   {runtime_call counter_overflow Runtime1 stub}
  0x00007e003eac0848: ffff e831 

  0x00007e003eac084c: ; ImmutableOopMap {[264]=Oop rbx=Oop [200]=Oop [208]=Oop r13=Oop r9=Oop }
                      ;*synchronization entry
                      ; - java.util.ArrayList::iterator@-1 (line 947)
                      ; - com.android.tools.r8.dex.A::<init>@672 (line 114)
  0x00007e003eac084c: edd6 05e9 | 02e0 ffff 

  0x00007e003eac0854: ;   {runtime_call fast_new_instance Runtime1 stub}
  0x00007e003eac0854: 488b d2e8 

  0x00007e003eac0858: ; ImmutableOopMap {[264]=Oop rbx=Oop [200]=Oop [208]=Oop r13=Oop r9=Oop }
                      ;*new {reexecute=0 rethrow=0 return_oop=0}
                      ; - java.util.ArrayList::iterator@0 (line 947)
                      ; - com.android.tools.r8.dex.A::<init>@672 (line 114)
  0x00007e003eac0858: 24a2 d605 | e949 e0ff 

  0x00007e003eac0860: ;   {metadata({method} {0x00007e000b1b13b0} '<init>' '(Ljava/util/ArrayList;)V' in 'java/util/ArrayList$Itr')}
  0x00007e003eac0860: ff49 bab0 | 131b 0b00 | 7e00 004c | 8954 2408 | 48c7 0424 | ffff ffff 

  0x00007e003eac0878: ;   {runtime_call counter_overflow Runtime1 stub}
  0x00007e003eac0878: e803 edd6 

  0x00007e003eac087c: ; ImmutableOopMap {[264]=Oop rbx=Oop [200]=Oop [208]=Oop r13=Oop r9=Oop rax=Oop [376]=Oop }
                      ;*synchronization entry
                      ; - java.util.ArrayList$Itr::<init>@-1 (line 959)
                      ; - java.util.ArrayList::iterator@5 (line 947)
                      ; - com.android.tools.r8.dex.A::<init>@672 (line 114)
  0x00007e003eac087c: 05e9 6de0 | ffff 8b70 | 1848 83fe | 000f 846e | e0ff ff48 

  0x00007e003eac0890: ;   {runtime_call g1_pre_barrier_slow}
  0x00007e003eac0890: 8934 24e8 | e8f2 d605 | e960 e0ff | ff49 83f9 | 000f 8471 | e0ff ff48 

  0x00007e003eac08a8: ;   {runtime_call g1_post_barrier_slow}
  0x00007e003eac08a8: 8904 24e8 | d0f5 d605 | e963 e0ff 

  0x00007e003eac08b4: ;   {metadata({method} {0x00007e000b444398} '<init>' '()V' in 'java/lang/Object')}
  0x00007e003eac08b4: ff49 ba98 | 4344 0b00 | 7e00 004c | 8954 2408 | 48c7 0424 | ffff ffff 

  0x00007e003eac08cc: ;   {runtime_call counter_overflow Runtime1 stub}
  0x00007e003eac08cc: e8af ecd6 

  0x00007e003eac08d0: ; ImmutableOopMap {[264]=Oop rbx=Oop [200]=Oop [208]=Oop r13=Oop r9=Oop rax=Oop [376]=Oop }
                      ;*synchronization entry
                      ; - java.lang.Object::<init>@-1 (line 44)
                      ; - java.util.ArrayList$Itr::<init>@6 (line 959)
                      ; - java.util.ArrayList::iterator@5 (line 947)
                      ; - com.android.tools.r8.dex.A::<init>@672 (line 114)
  0x00007e003eac08d0: 05e9 7fe0 

  0x00007e003eac08d4: ;   {metadata({method} {0x00007e000b1b1300} 'hasNext' '()Z' in 'java/util/ArrayList$Itr')}
  0x00007e003eac08d4: ffff 49ba | 0013 1b0b | 007e 0000 | 4c89 5424 | 0848 c704 | 24ff ffff 

  0x00007e003eac08ec: ;   {runtime_call counter_overflow Runtime1 stub}
  0x00007e003eac08ec: ffe8 8eec 

  0x00007e003eac08f0: ; ImmutableOopMap {rax=Oop [376]=Oop [208]=Oop [192]=Oop [200]=Oop [264]=Oop }
                      ;*synchronization entry
                      ; - java.util.ArrayList$Itr::hasNext@-1 (line 962)
                      ; - com.android.tools.r8.dex.A::<init>@677 (line 114)
  0x00007e003eac08f0: d605 e93a 

  0x00007e003eac08f4: ;   {runtime_call throw_null_pointer_exception Runtime1 stub}
  0x00007e003eac08f4: e1ff ffe8 

  0x00007e003eac08f8: ; ImmutableOopMap {rax=Oop [376]=Oop [208]=Oop [192]=Oop [200]=Oop [264]=Oop }
                      ;*getfield size {reexecute=1 rethrow=0 return_oop=0}
                      ; - (reexecute) java.util.ArrayList$Itr::hasNext@8 (line 962)
                      ; - com.android.tools.r8.dex.A::<init>@677 (line 114)
  0x00007e003eac08f8: a495 d605 | 4889 0424 

  0x00007e003eac0900: ;   {runtime_call throw_class_cast_exception Runtime1 stub}
  0x00007e003eac0900: e89b bcd6 

  0x00007e003eac0904: ; ImmutableOopMap {[200]=Oop [208]=Oop [192]=Oop [264]=Oop [376]=Oop }
                      ;*checkcast {reexecute=0 rethrow=0 return_oop=0}
                      ; - com.android.tools.r8.dex.A::<init>@692 (line 114)
                      ;   {runtime_call throw_null_pointer_exception Runtime1 stub}
  0x00007e003eac0904: 05e8 9695 

  0x00007e003eac0908: ; ImmutableOopMap {[200]=Oop [208]=Oop [192]=Oop [264]=Oop [376]=Oop rdx=Oop }
                      ;*invokevirtual b {reexecute=0 rethrow=0 return_oop=0}
                      ; - com.android.tools.r8.dex.A::<init>@698 (line 115)
                      ;   {metadata({method} {0x00007dfe98c40ad0} '<init>' '(Lcom/android/tools/r8/graph/E2;Lcom/android/tools/r8/origin/Origin;Lcom/android/tools/r8/graph/p0;Lcom/android/tools/r8/utils/A1;)V' in 'com/android/tools/r8/dex/A')}
  0x00007e003eac0908: d605 49ba | d00a c498 | fe7d 0000 | 4c89 5424 | 0848 c704 | 24bd 0200 

  0x00007e003eac0920: ;   {runtime_call counter_overflow Runtime1 stub}
  0x00007e003eac0920: 00e8 5aec 

  0x00007e003eac0924: ; ImmutableOopMap {[200]=Oop [208]=Oop [192]=Oop [376]=Oop rdx=Oop rsi=Oop rbx=Oop [264]=Oop }
                      ;*if_acmpne {reexecute=1 rethrow=0 return_oop=0}
                      ; - (reexecute) com.android.tools.r8.dex.A::<init>@701 (line 115)
  0x00007e003eac0924: d605 e995 

  0x00007e003eac0928: ;   {metadata({method} {0x00007dfe98c4cce0} 'e' '()Z' in 'com/android/tools/r8/graph/U3')}
  0x00007e003eac0928: e3ff ff49 | bae0 ccc4 | 98fe 7d00 | 004c 8954 | 2408 48c7 | 0424 ffff 

  0x00007e003eac0940: ;   {runtime_call counter_overflow Runtime1 stub}
  0x00007e003eac0940: ffff e839 

  0x00007e003eac0944: ; ImmutableOopMap {[200]=Oop [208]=Oop [192]=Oop rbx=Oop [264]=Oop rdx=Oop }
                      ;*synchronization entry
                      ; - com.android.tools.r8.graph.U3::e@-1
                      ; - com.android.tools.r8.dex.A::<init>@706 (line 122)
  0x00007e003eac0944: ecd6 05e9 | 12e4 ffff 

  0x00007e003eac094c: ;   {runtime_call fast_new_instance Runtime1 stub}
  0x00007e003eac094c: 488b d2e8 

  0x00007e003eac0950: ; ImmutableOopMap {[208]=Oop rbx=Oop [264]=Oop r13=Oop r8=Oop [200]=Oop }
                      ;*new {reexecute=0 rethrow=0 return_oop=0}
                      ; - com.android.tools.r8.dex.A::<init>@724 (line 128)
  0x00007e003eac0950: 2ca1 d605 | e94a e5ff 

  0x00007e003eac0958: ;   {metadata({method} {0x00007dfe98b43ca8} '<init>' '(Lcom/android/tools/r8/graph/E2;)V' in 'com/android/tools/r8/graph/Z2')}
  0x00007e003eac0958: ff49 baa8 | 3cb4 98fe | 7d00 004c | 8954 2408 | 48c7 0424 | ffff ffff 

  0x00007e003eac0970: ;   {runtime_call counter_overflow Runtime1 stub}
  0x00007e003eac0970: e80b ecd6 

  0x00007e003eac0974: ; ImmutableOopMap {[208]=Oop rbx=Oop [264]=Oop r13=Oop r8=Oop [200]=Oop rax=Oop }
                      ;*synchronization entry
                      ; - com.android.tools.r8.graph.Z2::<init>@-1
                      ; - com.android.tools.r8.dex.A::<init>@731 (line 128)
  0x00007e003eac0974: 05e9 66e5 

  0x00007e003eac0978: ;   {metadata({method} {0x00007e000b444398} '<init>' '()V' in 'java/lang/Object')}
  0x00007e003eac0978: ffff 49ba | 9843 440b | 007e 0000 | 4c89 5424 | 0848 c704 | 24ff ffff 

  0x00007e003eac0990: ;   {runtime_call counter_overflow Runtime1 stub}
  0x00007e003eac0990: ffe8 eaeb 

  0x00007e003eac0994: ; ImmutableOopMap {[208]=Oop rbx=Oop [264]=Oop r13=Oop r8=Oop [200]=Oop rax=Oop }
                      ;*synchronization entry
                      ; - java.lang.Object::<init>@-1 (line 44)
                      ; - com.android.tools.r8.graph.Z2::<init>@2 (line 1)
                      ; - com.android.tools.r8.dex.A::<init>@731 (line 128)
  0x00007e003eac0994: d605 e982 | e5ff ff8b | 500c 4883 | fa00 0f84 | 83e5 ffff | 4889 1424 

  0x00007e003eac09ac: ;   {runtime_call g1_pre_barrier_slow}
  0x00007e003eac09ac: e8cf f1d6 | 05e9 75e5 | ffff 4983 | fd00 0f84 | 86e5 ffff | 4889 0424 

  0x00007e003eac09c4: ;   {runtime_call g1_post_barrier_slow}
  0x00007e003eac09c4: e8b7 f4d6 | 05e9 78e5 | ffff 418b | 5010 4883 | fa00 0f84 | 78e5 ffff | 4889 1424 

  0x00007e003eac09e0: ;   {runtime_call g1_pre_barrier_slow}
  0x00007e003eac09e0: e89b f1d6 | 05e9 6ae5 | ffff 4883 | f800 0f84 | 7be5 ffff | 4c89 0424 

  0x00007e003eac09f8: ;   {runtime_call g1_post_barrier_slow}
  0x00007e003eac09f8: e883 f4d6 | 05e9 6de5 

  0x00007e003eac0a00: ;   {runtime_call throw_null_pointer_exception Runtime1 stub}
  0x00007e003eac0a00: ffff e899 

  0x00007e003eac0a04: ; ImmutableOopMap {[208]=Oop r8=Oop [200]=Oop rdi=Oop [192]=Oop [264]=Oop rsi=Oop }
                      ;*invokevirtual remove {reexecute=0 rethrow=0 return_oop=0}
                      ; - com.android.tools.r8.dex.A::<init>@771 (line 131)
  0x00007e003eac0a04: 94d6 0548 

  0x00007e003eac0a08: ;   {runtime_call fast_new_instance Runtime1 stub}
  0x00007e003eac0a08: 8bd2 e871 

  0x00007e003eac0a0c: ; ImmutableOopMap {[208]=Oop [264]=Oop [192]=Oop [384]=Oop rbx=Oop [392]=Oop [200]=Oop }
                      ;*new {reexecute=0 rethrow=0 return_oop=0}
                      ; - com.android.tools.r8.dex.A::<init>@779 (line 132)
  0x00007e003eac0a0c: a0d6 05e9 | afe6 ffff 

  0x00007e003eac0a14: ;   {runtime_call throw_null_pointer_exception Runtime1 stub}
  0x00007e003eac0a14: e887 94d6 

  0x00007e003eac0a18: ; ImmutableOopMap {[208]=Oop [264]=Oop [192]=Oop rbx=Oop [392]=Oop [200]=Oop rax=Oop rdi=Oop }
                      ;*invokevirtual a {reexecute=0 rethrow=0 return_oop=0}
                      ; - com.android.tools.r8.dex.A::<init>@785 (line 134)
                      ;   {runtime_call throw_null_pointer_exception Runtime1 stub}
  0x00007e003eac0a18: 05e8 8294 

  0x00007e003eac0a1c: ; ImmutableOopMap {[208]=Oop [264]=Oop [400]=Oop [200]=Oop rbx=Oop [392]=Oop }
                      ;*invokevirtual add {reexecute=0 rethrow=0 return_oop=0}
                      ; - com.android.tools.r8.dex.A::<init>@801 (line 138)
                      ;   {metadata({method} {0x00007e000b432c88} 'add' '(Ljava/lang/Object;)Z' in 'java/util/ArrayList')}
  0x00007e003eac0a1c: d605 49ba | 882c 430b | 007e 0000 | 4c89 5424 | 0848 c704 | 24ff ffff 

  0x00007e003eac0a34: ;   {runtime_call counter_overflow Runtime1 stub}
  0x00007e003eac0a34: ffe8 46eb 

  0x00007e003eac0a38: ; ImmutableOopMap {[208]=Oop [264]=Oop [400]=Oop [200]=Oop rbx=Oop [392]=Oop }
                      ;*synchronization entry
                      ; - java.util.ArrayList::add@-1 (line 466)
                      ; - com.android.tools.r8.dex.A::<init>@801 (line 138)
  0x00007e003eac0a38: d605 e9c1 

  0x00007e003eac0a3c: ;   {metadata({method} {0x00007e000b432f98} 'add' '(Ljava/lang/Object;[Ljava/lang/Object;I)V' in 'java/util/ArrayList')}
  0x00007e003eac0a3c: e7ff ff49 | ba98 2f43 | 0b00 7e00 | 004c 8954 | 2408 48c7 | 0424 ffff 

  0x00007e003eac0a54: ;   {runtime_call counter_overflow Runtime1 stub}
  0x00007e003eac0a54: ffff e825 

  0x00007e003eac0a58: ; ImmutableOopMap {[208]=Oop [264]=Oop [400]=Oop [200]=Oop rbx=Oop [392]=Oop rdx=Oop }
                      ;*synchronization entry
                      ; - java.util.ArrayList::add@-1 (line 453)
                      ; - java.util.ArrayList::add@20 (line 467)
                      ; - com.android.tools.r8.dex.A::<init>@801 (line 138)
  0x00007e003eac0a58: ebd6 05e9 | ebe7 ffff 

  0x00007e003eac0a60: ;   {runtime_call throw_null_pointer_exception Runtime1 stub}
  0x00007e003eac0a60: e83b 94d6 

  0x00007e003eac0a64: ; ImmutableOopMap {[208]=Oop [264]=Oop [400]=Oop [200]=Oop rbx=Oop [392]=Oop rdx=Oop }
                      ;*arraylength {reexecute=0 rethrow=0 return_oop=0}
                      ; - java.util.ArrayList::add@2 (line 453)
                      ; - java.util.ArrayList::add@20 (line 467)
                      ; - com.android.tools.r8.dex.A::<init>@801 (line 138)
                      ;   {metadata({method} {0x00007e000b433308} 'grow' '()[Ljava/lang/Object;' in 'java/util/ArrayList')}
  0x00007e003eac0a64: 0549 ba08 | 3343 0b00 | 7e00 004c | 8954 2408 | 48c7 0424 | ffff ffff 

  0x00007e003eac0a7c: ;   {runtime_call counter_overflow Runtime1 stub}
  0x00007e003eac0a7c: e8ff ead6 

  0x00007e003eac0a80: ; ImmutableOopMap {[208]=Oop [264]=Oop [400]=Oop [200]=Oop rbx=Oop [392]=Oop }
                      ;*synchronization entry
                      ; - java.util.ArrayList::grow@-1 (line 244)
                      ; - java.util.ArrayList::add@7 (line 454)
                      ; - java.util.ArrayList::add@20 (line 467)
                      ; - com.android.tools.r8.dex.A::<init>@801 (line 138)
  0x00007e003eac0a80: 05e9 44e8 

  0x00007e003eac0a84: ;   {runtime_call throw_null_pointer_exception Runtime1 stub}
  0x00007e003eac0a84: ffff e815 

  0x00007e003eac0a88: ; ImmutableOopMap {[208]=Oop [264]=Oop [200]=Oop rdx=Oop rbx=Oop [392]=Oop rax=Oop }
                      ;*aastore {reexecute=1 rethrow=0 return_oop=0}
                      ; - (reexecute) java.util.ArrayList::add@14 (line 455)
                      ; - java.util.ArrayList::add@20 (line 467)
                      ; - com.android.tools.r8.dex.A::<init>@801 (line 138)
                      ;   {runtime_call throw_null_pointer_exception Runtime1 stub}
  0x00007e003eac0a88: 94d6 05e8 

  0x00007e003eac0a8c: ; ImmutableOopMap {[208]=Oop [264]=Oop [200]=Oop rdx=Oop rbx=Oop [392]=Oop rax=Oop }
                      ;*aastore {reexecute=1 rethrow=0 return_oop=0}
                      ; - (reexecute) java.util.ArrayList::add@14 (line 455)
                      ; - java.util.ArrayList::add@20 (line 467)
                      ; - com.android.tools.r8.dex.A::<init>@801 (line 138)
  0x00007e003eac0a8c: 1094 d605 | 4889 3c24 | 4889 5424 

  0x00007e003eac0a98: ;   {runtime_call throw_range_check_failed Runtime1 stub}
  0x00007e003eac0a98: 08e8 0285 

  0x00007e003eac0a9c: ; ImmutableOopMap {[208]=Oop [264]=Oop [200]=Oop rdx=Oop rbx=Oop [392]=Oop rax=Oop }
                      ;*aastore {reexecute=1 rethrow=0 return_oop=0}
                      ; - (reexecute) java.util.ArrayList::add@14 (line 455)
                      ; - java.util.ArrayList::add@20 (line 467)
                      ; - com.android.tools.r8.dex.A::<init>@801 (line 138)
                      ;   {runtime_call throw_null_pointer_exception Runtime1 stub}
  0x00007e003eac0a9c: d605 e8fd 

  0x00007e003eac0aa0: ; ImmutableOopMap {[208]=Oop [264]=Oop [200]=Oop rdx=Oop rbx=Oop [392]=Oop rax=Oop }
                      ;*aastore {reexecute=1 rethrow=0 return_oop=0}
                      ; - (reexecute) java.util.ArrayList::add@14 (line 455)
                      ; - java.util.ArrayList::add@20 (line 467)
                      ; - com.android.tools.r8.dex.A::<init>@801 (line 138)
  0x00007e003eac0aa0: 93d6 0548 

  0x00007e003eac0aa4: ;   {runtime_call throw_array_store_exception Runtime1 stub}
  0x00007e003eac0aa4: 8904 24e8 

  0x00007e003eac0aa8: ; ImmutableOopMap {[208]=Oop [264]=Oop [200]=Oop rdx=Oop rbx=Oop [392]=Oop rax=Oop }
                      ;*aastore {reexecute=1 rethrow=0 return_oop=0}
                      ; - (reexecute) java.util.ArrayList::add@14 (line 455)
                      ; - java.util.ArrayList::add@20 (line 467)
                      ; - com.android.tools.r8.dex.A::<init>@801 (line 138)
  0x00007e003eac0aa8: f4b7 d605 | 8b32 4883 | fe00 0f84 | 92e9 ffff | 4889 3424 

  0x00007e003eac0abc: ;   {runtime_call g1_pre_barrier_slow}
  0x00007e003eac0abc: e8bf f0d6 | 05e9 84e9 | ffff 4883 | f800 0f84 | 94e9 ffff | 4889 1424 

  0x00007e003eac0ad4: ;   {runtime_call g1_post_barrier_slow}
  0x00007e003eac0ad4: e8a7 f3d6 | 05e9 86e9 | ffff 488b 

  0x00007e003eac0ae0: ;   {runtime_call fast_new_instance Runtime1 stub}
  0x00007e003eac0ae0: d2e8 9a9f 

  0x00007e003eac0ae4: ; ImmutableOopMap {[264]=Oop [200]=Oop rbx=Oop }
                      ;*new {reexecute=0 rethrow=0 return_oop=0}
                      ; - com.android.tools.r8.dex.A::<init>@817 (line 150)
  0x00007e003eac0ae4: d605 e94c 

  0x00007e003eac0ae8: ;   {runtime_call throw_null_pointer_exception Runtime1 stub}
  0x00007e003eac0ae8: eaff ffe8 

  0x00007e003eac0aec: ; ImmutableOopMap {[264]=Oop [200]=Oop rbx=Oop rax=Oop }
                      ;*invokeinterface size {reexecute=0 rethrow=0 return_oop=0}
                      ; - com.android.tools.r8.dex.A::<init>@824 (line 150)
  0x00007e003eac0aec: b093 d605 | 8b7e 1448 | 83ff 000f | 8445 ebff | ff48 893c 

  0x00007e003eac0b00: ;   {runtime_call g1_pre_barrier_slow}
  0x00007e003eac0b00: 24e8 7af0 | d605 e937 | ebff ff48 | 83f8 000f | 8450 ebff | ff48 8934 

  0x00007e003eac0b18: ;   {runtime_call g1_post_barrier_slow}
  0x00007e003eac0b18: 24e8 62f3 | d605 e942 

  0x00007e003eac0b20: ;   {runtime_call throw_null_pointer_exception Runtime1 stub}
  0x00007e003eac0b20: ebff ffe8 

  0x00007e003eac0b24: ; ImmutableOopMap {[264]=Oop [200]=Oop rax=Oop }
                      ;*invokeinterface iterator {reexecute=0 rethrow=0 return_oop=0}
                      ; - com.android.tools.r8.dex.A::<init>@839 (line 152)
  0x00007e003eac0b24: 7893 d605 

  0x00007e003eac0b28: ;   {runtime_call throw_null_pointer_exception Runtime1 stub}
  0x00007e003eac0b28: e873 93d6 

  0x00007e003eac0b2c: ; ImmutableOopMap {rax=Oop [416]=Oop [200]=Oop [264]=Oop }
                      ;*invokeinterface hasNext {reexecute=0 rethrow=0 return_oop=0}
                      ; - com.android.tools.r8.dex.A::<init>@846 (line 152)
  0x00007e003eac0b2c: 0548 8904 

  0x00007e003eac0b30: ;   {runtime_call throw_class_cast_exception Runtime1 stub}
  0x00007e003eac0b30: 24e8 6aba 

  0x00007e003eac0b34: ; ImmutableOopMap {[264]=Oop [416]=Oop [200]=Oop }
                      ;*checkcast {reexecute=0 rethrow=0 return_oop=0}
                      ; - com.android.tools.r8.dex.A::<init>@860 (line 152)
                      ;   {runtime_call throw_null_pointer_exception Runtime1 stub}
  0x00007e003eac0b34: d605 e865 

  0x00007e003eac0b38: ; ImmutableOopMap {[264]=Oop [416]=Oop [200]=Oop rax=Oop rbx=Oop [424]=Oop }
                      ;*invokevirtual add {reexecute=0 rethrow=0 return_oop=0}
                      ; - com.android.tools.r8.dex.A::<init>@872 (line 153)
                      ;   {metadata({method} {0x00007e000b432c88} 'add' '(Ljava/lang/Object;)Z' in 'java/util/ArrayList')}
  0x00007e003eac0b38: 93d6 0549 | ba88 2c43 | 0b00 7e00 | 004c 8954 | 2408 48c7 | 0424 ffff 

  0x00007e003eac0b50: ;   {runtime_call counter_overflow Runtime1 stub}
  0x00007e003eac0b50: ffff e829 

  0x00007e003eac0b54: ; ImmutableOopMap {[264]=Oop [416]=Oop [200]=Oop rax=Oop rbx=Oop [424]=Oop }
                      ;*synchronization entry
                      ; - java.util.ArrayList::add@-1 (line 466)
                      ; - com.android.tools.r8.dex.A::<init>@872 (line 153)
  0x00007e003eac0b54: ead6 05e9 | 5cef ffff 

  0x00007e003eac0b5c: ;   {metadata({method} {0x00007e000b432f98} 'add' '(Ljava/lang/Object;[Ljava/lang/Object;I)V' in 'java/util/ArrayList')}
  0x00007e003eac0b5c: 49ba 982f | 430b 007e | 0000 4c89 | 5424 0848 | c704 24ff 

  0x00007e003eac0b70: ;   {runtime_call counter_overflow Runtime1 stub}
  0x00007e003eac0b70: ffff ffe8 

  0x00007e003eac0b74: ; ImmutableOopMap {[264]=Oop [416]=Oop [200]=Oop rax=Oop rbx=Oop [424]=Oop rdx=Oop }
                      ;*synchronization entry
                      ; - java.util.ArrayList::add@-1 (line 453)
                      ; - java.util.ArrayList::add@20 (line 467)
                      ; - com.android.tools.r8.dex.A::<init>@872 (line 153)
  0x00007e003eac0b74: 08ea d605 | e986 efff 

  0x00007e003eac0b7c: ;   {runtime_call throw_null_pointer_exception Runtime1 stub}
  0x00007e003eac0b7c: ffe8 1e93 

  0x00007e003eac0b80: ; ImmutableOopMap {[264]=Oop [416]=Oop [200]=Oop rax=Oop rbx=Oop [424]=Oop rdx=Oop }
                      ;*arraylength {reexecute=0 rethrow=0 return_oop=0}
                      ; - java.util.ArrayList::add@2 (line 453)
                      ; - java.util.ArrayList::add@20 (line 467)
                      ; - com.android.tools.r8.dex.A::<init>@872 (line 153)
                      ;   {metadata({method} {0x00007e000b433308} 'grow' '()[Ljava/lang/Object;' in 'java/util/ArrayList')}
  0x00007e003eac0b80: d605 49ba | 0833 430b | 007e 0000 | 4c89 5424 | 0848 c704 | 24ff ffff 

  0x00007e003eac0b98: ;   {runtime_call counter_overflow Runtime1 stub}
  0x00007e003eac0b98: ffe8 e2e9 

  0x00007e003eac0b9c: ; ImmutableOopMap {[264]=Oop [416]=Oop [200]=Oop rbx=Oop [424]=Oop [440]=Oop }
                      ;*synchronization entry
                      ; - java.util.ArrayList::grow@-1 (line 244)
                      ; - java.util.ArrayList::add@7 (line 454)
                      ; - java.util.ArrayList::add@20 (line 467)
                      ; - com.android.tools.r8.dex.A::<init>@872 (line 153)
  0x00007e003eac0b9c: d605 e9da 

  0x00007e003eac0ba0: ;   {runtime_call throw_null_pointer_exception Runtime1 stub}
  0x00007e003eac0ba0: efff ffe8 

  0x00007e003eac0ba4: ; ImmutableOopMap {[264]=Oop [416]=Oop [200]=Oop rdx=Oop rbx=Oop [424]=Oop rax=Oop }
                      ;*aastore {reexecute=1 rethrow=0 return_oop=0}
                      ; - (reexecute) java.util.ArrayList::add@14 (line 455)
                      ; - java.util.ArrayList::add@20 (line 467)
                      ; - com.android.tools.r8.dex.A::<init>@872 (line 153)
  0x00007e003eac0ba4: f892 d605 

  0x00007e003eac0ba8: ;   {runtime_call throw_null_pointer_exception Runtime1 stub}
  0x00007e003eac0ba8: e8f3 92d6 

  0x00007e003eac0bac: ; ImmutableOopMap {[264]=Oop [416]=Oop [200]=Oop rdx=Oop rbx=Oop [424]=Oop rax=Oop }
                      ;*aastore {reexecute=1 rethrow=0 return_oop=0}
                      ; - (reexecute) java.util.ArrayList::add@14 (line 455)
                      ; - java.util.ArrayList::add@20 (line 467)
                      ; - com.android.tools.r8.dex.A::<init>@872 (line 153)
  0x00007e003eac0bac: 0548 893c | 2448 8954 

  0x00007e003eac0bb4: ;   {runtime_call throw_range_check_failed Runtime1 stub}
  0x00007e003eac0bb4: 2408 e8e5 

  0x00007e003eac0bb8: ; ImmutableOopMap {[264]=Oop [416]=Oop [200]=Oop rdx=Oop rbx=Oop [424]=Oop rax=Oop }
                      ;*aastore {reexecute=1 rethrow=0 return_oop=0}
                      ; - (reexecute) java.util.ArrayList::add@14 (line 455)
                      ; - java.util.ArrayList::add@20 (line 467)
                      ; - com.android.tools.r8.dex.A::<init>@872 (line 153)
                      ;   {runtime_call throw_null_pointer_exception Runtime1 stub}
  0x00007e003eac0bb8: 83d6 05e8 

  0x00007e003eac0bbc: ; ImmutableOopMap {[264]=Oop [416]=Oop [200]=Oop rdx=Oop rbx=Oop [424]=Oop rax=Oop }
                      ;*aastore {reexecute=1 rethrow=0 return_oop=0}
                      ; - (reexecute) java.util.ArrayList::add@14 (line 455)
                      ; - java.util.ArrayList::add@20 (line 467)
                      ; - com.android.tools.r8.dex.A::<init>@872 (line 153)
  0x00007e003eac0bbc: e092 d605 | 4889 0424 

  0x00007e003eac0bc4: ;   {runtime_call throw_array_store_exception Runtime1 stub}
  0x00007e003eac0bc4: e8d7 b6d6 

  0x00007e003eac0bc8: ; ImmutableOopMap {[264]=Oop [416]=Oop [200]=Oop rdx=Oop rbx=Oop [424]=Oop rax=Oop }
                      ;*aastore {reexecute=1 rethrow=0 return_oop=0}
                      ; - (reexecute) java.util.ArrayList::add@14 (line 455)
                      ; - java.util.ArrayList::add@20 (line 467)
                      ; - com.android.tools.r8.dex.A::<init>@872 (line 153)
  0x00007e003eac0bc8: 058b 1648 | 83fa 000f | 842d f1ff | ff48 8914 

  0x00007e003eac0bd8: ;   {runtime_call g1_pre_barrier_slow}
  0x00007e003eac0bd8: 24e8 a2ef | d605 e91f | f1ff ff48 | 83f8 000f | 842f f1ff | ff48 8934 

  0x00007e003eac0bf0: ;   {runtime_call g1_post_barrier_slow}
  0x00007e003eac0bf0: 24e8 8af2 | d605 e921 

  0x00007e003eac0bf8: ;   {metadata({method} {0x00007dfe98c40ad0} '<init>' '(Lcom/android/tools/r8/graph/E2;Lcom/android/tools/r8/origin/Origin;Lcom/android/tools/r8/graph/p0;Lcom/android/tools/r8/utils/A1;)V' in 'com/android/tools/r8/dex/A')}
  0x00007e003eac0bf8: f1ff ff49 | bad0 0ac4 | 98fe 7d00 | 004c 8954 | 2408 48c7 | 0424 6c03 

  0x00007e003eac0c10: ;   {runtime_call counter_overflow Runtime1 stub}
  0x00007e003eac0c10: 0000 e869 

  0x00007e003eac0c14: ; ImmutableOopMap {[264]=Oop [416]=Oop [200]=Oop }
                      ;*goto {reexecute=1 rethrow=0 return_oop=0}
                      ; - (reexecute) com.android.tools.r8.dex.A::<init>@876 (line 153)
  0x00007e003eac0c14: e9d6 05e9 | 2df1 ffff 

  0x00007e003eac0c1c: ;   {internal_word}
  0x00007e003eac0c1c: 49ba 78fd | ab3e 007e | 0000 4d89 | 9758 0300 

  0x00007e003eac0c2c: ;   {runtime_call SafepointBlob}
  0x00007e003eac0c2c: 00e9 ceda | cc05 9090 | 498b 87d0 | 0300 0049 | c787 d003 | 0000 0000 | 0000 49c7 | 87d8 0300 
  0x00007e003eac0c4c: 0000 0000 | 0048 81c4 | d001 0000 

  0x00007e003eac0c58: ;   {runtime_call unwind_exception Runtime1 stub}
  0x00007e003eac0c58: 5de9 227a | d605 f4f4 
[Stub Code]
  0x00007e003eac0c60: ;   {no_reloc}
  0x00007e003eac0c60: 0f1f 4400 

  0x00007e003eac0c64: ;   {static_stub}
  0x00007e003eac0c64: 0048 bb00 | 0000 0000 

  0x00007e003eac0c6c: ;   {runtime_call}
  0x00007e003eac0c6c: 0000 00e9 | fbff ffff 

  0x00007e003eac0c74: ;   {static_stub}
  0x00007e003eac0c74: 9048 bb00 | 0000 0000 

  0x00007e003eac0c7c: ;   {runtime_call}
  0x00007e003eac0c7c: 0000 00e9 | fbff ffff 

  0x00007e003eac0c84: ;   {static_stub}
  0x00007e003eac0c84: 9048 bb00 | 0000 0000 

  0x00007e003eac0c8c: ;   {runtime_call}
  0x00007e003eac0c8c: 0000 00e9 | fbff ffff 

  0x00007e003eac0c94: ;   {static_stub}
  0x00007e003eac0c94: 9048 bb00 | 0000 0000 

  0x00007e003eac0c9c: ;   {runtime_call}
  0x00007e003eac0c9c: 0000 00e9 | fbff ffff 

  0x00007e003eac0ca4: ;   {static_stub}
  0x00007e003eac0ca4: 9048 bb00 | 0000 0000 

  0x00007e003eac0cac: ;   {runtime_call}
  0x00007e003eac0cac: 0000 00e9 | fbff ffff 

  0x00007e003eac0cb4: ;   {static_stub}
  0x00007e003eac0cb4: 9048 bb00 | 0000 0000 

  0x00007e003eac0cbc: ;   {runtime_call}
  0x00007e003eac0cbc: 0000 00e9 | fbff ffff 

  0x00007e003eac0cc4: ;   {static_stub}
  0x00007e003eac0cc4: 9048 bb00 | 0000 0000 

  0x00007e003eac0ccc: ;   {runtime_call}
  0x00007e003eac0ccc: 0000 00e9 | fbff ffff 

  0x00007e003eac0cd4: ;   {static_stub}
  0x00007e003eac0cd4: 9048 bb00 | 0000 0000 

  0x00007e003eac0cdc: ;   {runtime_call}
  0x00007e003eac0cdc: 0000 00e9 | fbff ffff 

  0x00007e003eac0ce4: ;   {static_stub}
  0x00007e003eac0ce4: 9048 bb00 | 0000 0000 

  0x00007e003eac0cec: ;   {runtime_call}
  0x00007e003eac0cec: 0000 00e9 | fbff ffff 

  0x00007e003eac0cf4: ;   {static_stub}
  0x00007e003eac0cf4: 9048 bb00 | 0000 0000 

  0x00007e003eac0cfc: ;   {runtime_call}
  0x00007e003eac0cfc: 0000 00e9 | fbff ffff 

  0x00007e003eac0d04: ;   {static_stub}
  0x00007e003eac0d04: 9048 bb00 | 0000 0000 

  0x00007e003eac0d0c: ;   {runtime_call}
  0x00007e003eac0d0c: 0000 00e9 | fbff ffff 

  0x00007e003eac0d14: ;   {static_stub}
  0x00007e003eac0d14: 9048 bb00 | 0000 0000 

  0x00007e003eac0d1c: ;   {runtime_call}
  0x00007e003eac0d1c: 0000 00e9 | fbff ffff 

  0x00007e003eac0d24: ;   {static_stub}
  0x00007e003eac0d24: 9048 bb00 | 0000 0000 

  0x00007e003eac0d2c: ;   {runtime_call}
  0x00007e003eac0d2c: 0000 00e9 | fbff ffff 

  0x00007e003eac0d34: ;   {static_stub}
  0x00007e003eac0d34: 9048 bb00 | 0000 0000 

  0x00007e003eac0d3c: ;   {runtime_call}
  0x00007e003eac0d3c: 0000 00e9 | fbff ffff 

  0x00007e003eac0d44: ;   {static_stub}
  0x00007e003eac0d44: 9048 bb00 | 0000 0000 

  0x00007e003eac0d4c: ;   {runtime_call}
  0x00007e003eac0d4c: 0000 00e9 | fbff ffff 

  0x00007e003eac0d54: ;   {static_stub}
  0x00007e003eac0d54: 9048 bb00 | 0000 0000 

  0x00007e003eac0d5c: ;   {runtime_call}
  0x00007e003eac0d5c: 0000 00e9 | fbff ffff 

  0x00007e003eac0d64: ;   {static_stub}
  0x00007e003eac0d64: 9048 bb00 | 0000 0000 

  0x00007e003eac0d6c: ;   {runtime_call}
  0x00007e003eac0d6c: 0000 00e9 | fbff ffff 

  0x00007e003eac0d74: ;   {static_stub}
  0x00007e003eac0d74: 9048 bb00 | 0000 0000 

  0x00007e003eac0d7c: ;   {runtime_call}
  0x00007e003eac0d7c: 0000 00e9 | fbff ffff 

  0x00007e003eac0d84: ;   {static_stub}
  0x00007e003eac0d84: 9048 bb00 | 0000 0000 

  0x00007e003eac0d8c: ;   {runtime_call}
  0x00007e003eac0d8c: 0000 00e9 | fbff ffff 

  0x00007e003eac0d94: ;   {static_stub}
  0x00007e003eac0d94: 9048 bb00 | 0000 0000 

  0x00007e003eac0d9c: ;   {runtime_call}
  0x00007e003eac0d9c: 0000 00e9 | fbff ffff 

  0x00007e003eac0da4: ;   {static_stub}
  0x00007e003eac0da4: 9048 bb00 | 0000 0000 

  0x00007e003eac0dac: ;   {runtime_call}
  0x00007e003eac0dac: 0000 00e9 | fbff ffff 

  0x00007e003eac0db4: ;   {static_stub}
  0x00007e003eac0db4: 9048 bb00 | 0000 0000 

  0x00007e003eac0dbc: ;   {runtime_call}
  0x00007e003eac0dbc: 0000 00e9 | fbff ffff 

  0x00007e003eac0dc4: ;   {static_stub}
  0x00007e003eac0dc4: 9048 bb00 | 0000 0000 

  0x00007e003eac0dcc: ;   {runtime_call}
  0x00007e003eac0dcc: 0000 00e9 | fbff ffff 

  0x00007e003eac0dd4: ;   {static_stub}
  0x00007e003eac0dd4: 9048 bb00 | 0000 0000 

  0x00007e003eac0ddc: ;   {runtime_call}
  0x00007e003eac0ddc: 0000 00e9 | fbff ffff 

  0x00007e003eac0de4: ;   {static_stub}
  0x00007e003eac0de4: 9048 bb00 | 0000 0000 

  0x00007e003eac0dec: ;   {runtime_call}
  0x00007e003eac0dec: 0000 00e9 | fbff ffff 

  0x00007e003eac0df4: ;   {static_stub}
  0x00007e003eac0df4: 9048 bb00 | 0000 0000 

  0x00007e003eac0dfc: ;   {runtime_call}
  0x00007e003eac0dfc: 0000 00e9 | fbff ffff 

  0x00007e003eac0e04: ;   {static_stub}
  0x00007e003eac0e04: 9048 bb00 | 0000 0000 

  0x00007e003eac0e0c: ;   {runtime_call}
  0x00007e003eac0e0c: 0000 00e9 | fbff ffff 

  0x00007e003eac0e14: ;   {static_stub}
  0x00007e003eac0e14: 9048 bb00 | 0000 0000 

  0x00007e003eac0e1c: ;   {runtime_call}
  0x00007e003eac0e1c: 0000 00e9 | fbff ffff 

  0x00007e003eac0e24: ;   {static_stub}
  0x00007e003eac0e24: 9048 bb00 | 0000 0000 

  0x00007e003eac0e2c: ;   {runtime_call}
  0x00007e003eac0e2c: 0000 00e9 | fbff ffff 

  0x00007e003eac0e34: ;   {static_stub}
  0x00007e003eac0e34: 9048 bb00 | 0000 0000 

  0x00007e003eac0e3c: ;   {runtime_call}
  0x00007e003eac0e3c: 0000 00e9 | fbff ffff 

  0x00007e003eac0e44: ;   {static_stub}
  0x00007e003eac0e44: 9048 bb00 | 0000 0000 

  0x00007e003eac0e4c: ;   {runtime_call}
  0x00007e003eac0e4c: 0000 00e9 | fbff ffff 

  0x00007e003eac0e54: ;   {static_stub}
  0x00007e003eac0e54: 9048 bb00 | 0000 0000 

  0x00007e003eac0e5c: ;   {runtime_call}
  0x00007e003eac0e5c: 0000 00e9 | fbff ffff 

  0x00007e003eac0e64: ;   {static_stub}
  0x00007e003eac0e64: 9048 bb00 | 0000 0000 

  0x00007e003eac0e6c: ;   {runtime_call}
  0x00007e003eac0e6c: 0000 00e9 | fbff ffff 

  0x00007e003eac0e74: ;   {static_stub}
  0x00007e003eac0e74: 9048 bb00 | 0000 0000 

  0x00007e003eac0e7c: ;   {runtime_call}
  0x00007e003eac0e7c: 0000 00e9 | fbff ffff 

  0x00007e003eac0e84: ;   {static_stub}
  0x00007e003eac0e84: 9048 bb00 | 0000 0000 

  0x00007e003eac0e8c: ;   {runtime_call}
  0x00007e003eac0e8c: 0000 00e9 | fbff ffff 

  0x00007e003eac0e94: ;   {static_stub}
  0x00007e003eac0e94: 9048 bb00 | 0000 0000 

  0x00007e003eac0e9c: ;   {runtime_call}
  0x00007e003eac0e9c: 0000 00e9 | fbff ffff 

  0x00007e003eac0ea4: ;   {static_stub}
  0x00007e003eac0ea4: 9048 bb00 | 0000 0000 

  0x00007e003eac0eac: ;   {runtime_call}
  0x00007e003eac0eac: 0000 00e9 | fbff ffff 

  0x00007e003eac0eb4: ;   {static_stub}
  0x00007e003eac0eb4: 9048 bb00 | 0000 0000 

  0x00007e003eac0ebc: ;   {runtime_call}
  0x00007e003eac0ebc: 0000 00e9 | fbff ffff 

  0x00007e003eac0ec4: ;   {static_stub}
  0x00007e003eac0ec4: 9048 bb00 | 0000 0000 

  0x00007e003eac0ecc: ;   {runtime_call}
  0x00007e003eac0ecc: 0000 00e9 | fbff ffff 

  0x00007e003eac0ed4: ;   {static_stub}
  0x00007e003eac0ed4: 9048 bb00 | 0000 0000 

  0x00007e003eac0edc: ;   {runtime_call}
  0x00007e003eac0edc: 0000 00e9 | fbff ffff 

  0x00007e003eac0ee4: ;   {static_stub}
  0x00007e003eac0ee4: 9048 bb00 | 0000 0000 

  0x00007e003eac0eec: ;   {runtime_call}
  0x00007e003eac0eec: 0000 00e9 | fbff ffff 

  0x00007e003eac0ef4: ;   {static_stub}
  0x00007e003eac0ef4: 9048 bb00 | 0000 0000 

  0x00007e003eac0efc: ;   {runtime_call}
  0x00007e003eac0efc: 0000 00e9 | fbff ffff 

  0x00007e003eac0f04: ;   {static_stub}
  0x00007e003eac0f04: 9048 bb00 | 0000 0000 

  0x00007e003eac0f0c: ;   {runtime_call}
  0x00007e003eac0f0c: 0000 00e9 | fbff ffff 

  0x00007e003eac0f14: ;   {static_stub}
  0x00007e003eac0f14: 9048 bb00 | 0000 0000 

  0x00007e003eac0f1c: ;   {runtime_call}
  0x00007e003eac0f1c: 0000 00e9 | fbff ffff 

  0x00007e003eac0f24: ;   {static_stub}
  0x00007e003eac0f24: 9048 bb00 | 0000 0000 

  0x00007e003eac0f2c: ;   {runtime_call}
  0x00007e003eac0f2c: 0000 00e9 | fbff ffff 

  0x00007e003eac0f34: ;   {static_stub}
  0x00007e003eac0f34: 9048 bb00 | 0000 0000 

  0x00007e003eac0f3c: ;   {runtime_call}
  0x00007e003eac0f3c: 0000 00e9 | fbff ffff 

  0x00007e003eac0f44: ;   {static_stub}
  0x00007e003eac0f44: 9048 bb00 | 0000 0000 

  0x00007e003eac0f4c: ;   {runtime_call}
  0x00007e003eac0f4c: 0000 00e9 | fbff ffff 
[Exception Handler]
  0x00007e003eac0f54: ;   {runtime_call handle_exception_from_callee Runtime1 stub}
  0x00007e003eac0f54: e827 b0d6 

  0x00007e003eac0f58: ;   {external_word}
  0x00007e003eac0f58: 0548 bf52 | 37c4 5b00 | 7e00 0048 

  0x00007e003eac0f64: ;   {runtime_call MacroAssembler::debug64(char*, long, long*)}
  0x00007e003eac0f64: 83e4 f0e8 | 647b cf1c 

  0x00007e003eac0f6c: ;   {section_word}
  0x00007e003eac0f6c: f449 ba6d | 0fac 3e00 | 7e00 0041 

  0x00007e003eac0f78: ;   {runtime_call DeoptimizationBlob}
  0x00007e003eac0f78: 52e9 22ca | cc05 f4f4 
[/MachCode]


Compiled method (c1) 2091908 20824       2       com.android.tools.r8.dex.C::a (837 bytes)
 total in heap  [0x00007e003f034d90,0x00007e003f0395d0] = 18496
 relocation     [0x00007e003f034ef0,0x00007e003f035250] = 864
 main code      [0x00007e003f035260,0x00007e003f036da0] = 6976
 stub code      [0x00007e003f036da0,0x00007e003f037050] = 688
 oops           [0x00007e003f037050,0x00007e003f037088] = 56
 metadata       [0x00007e003f037088,0x00007e003f037170] = 232
 scopes data    [0x00007e003f037170,0x00007e003f038b18] = 6568
 scopes pcs     [0x00007e003f038b18,0x00007e003f0393e8] = 2256
 dependencies   [0x00007e003f0393e8,0x00007e003f039400] = 24
 handler table  [0x00007e003f039400,0x00007e003f039418] = 24
 nul chk table  [0x00007e003f039418,0x00007e003f0395d0] = 440

[Constant Pool (empty)]

[MachCode]
[Entry Point]
  # {method} {0x00007dfe98b1a1e8} 'a' '(Ljava/util/function/Consumer;Lcom/android/tools/r8/graph/z;)V' in 'com/android/tools/r8/dex/C'
  # this:     rsi:rsi   = 'com/android/tools/r8/dex/C'
  # parm0:    rdx:rdx   = 'java/util/function/Consumer'
  # parm1:    rcx:rcx   = 'com/android/tools/r8/graph/z'
  #           [sp+0x2e0]  (sp of caller)
  0x00007e003f035260: 448b 5608 | 49bb 0000 | 000b 007e | 0000 4d03 | d34c 3bd0 

  0x00007e003f035274: ;   {runtime_call ic_miss_stub}
  0x00007e003f035274: 0f85 062b | 7505 660f | 1f44 0000 
[Verified Entry Point]
  0x00007e003f035280: 8984 2400 | c0fe ff55 | 4881 ecd0 | 0200 0048 | 89b4 2438 | 0100 0048 | 8994 2448 | 0100 0048 
  0x00007e003f0352a0: 898c 2440 | 0100 0048 | bf68 74be | 98fe 7d00 | 008b 5f08 | 83c3 0289 | 5f08 81e3 | fe0f 0000 
  0x00007e003f0352c0: 83fb 000f | 8408 1600 | 00ba 0600 | 0000 488b | de48 8bf3 

  0x00007e003f0352d4: ;   {optimized virtual_call}
  0x00007e003f0352d4: 6666 90e8 

  0x00007e003f0352d8: ; ImmutableOopMap {[312]=Oop [328]=Oop [320]=Oop }
                      ;*invokevirtual f {reexecute=0 rethrow=0 return_oop=0}
                      ; - com.android.tools.r8.dex.C::a@3 (line 294)
  0x00007e003f0352d8: 04df e805 | 4c8b c045 | 8b48 1044 | 898c 2450 | 0100 0048 | 8bb4 2438 | 0100 0044 | 8b5e 2c49 
  0x00007e003f0352f8: ;   {metadata('com/android/tools/r8/graph/z2'[])}
  0x00007e003f0352f8: 8bd9 48ba | d08b c80c | 007e 0000 | 4c8b ee48 | 63db 488b | fb48 81fb | ffff ff00 | 0f87 dd15 
  0x00007e003f035318: 0000 48be | 1700 0000 | 0000 0000 | 488d 349e | 4883 e6f8 | 498b 8708 | 0100 0048 | 8d34 3049 
  0x00007e003f035338: 3bb7 1801 | 0000 0f87 | b315 0000 | 4989 b708 | 0100 0048 | 2bf0 48c7 | 0001 0000 | 0048 8bca 
  0x00007e003f035358: 49ba 0000 | 000b 007e | 0000 492b | ca89 4808 | 8958 0c48 | 83ee 100f | 841a 0000 | 0048 85f6 
  0x00007e003f035378: 0f84 1100 | 0000 4833 | db48 c1ee | 0348 895c | f008 48ff | ce75 f641 | 0fbe 5738 | 83fa 000f 
  0x00007e003f035398: 8564 1500 | 004c 8bd0 

  0x00007e003f0353a0: ; implicit exception: dispatches to 0x00007e003f03691d
  0x00007e003f0353a0: 4589 530c | 498b d348 | 33d0 48c1 | ea14 4883 | fa00 0f85 | 6a15 0000 | 4183 f900 | 0f84 7413 
  0x00007e003f0353c0: 0000 418b | 5514 418b | 7014 8b52 | 108b 7a0c | 488b d648 | 8bf7 0f1f | 8000 0000 | 0048 b818 
  0x00007e003f0353e0: 521d 0b00 

  0x00007e003f0353e4: ;   {virtual_call}
  0x00007e003f0353e4: 7e00 00e8 

  0x00007e003f0353e8: ; ImmutableOopMap {[328]=Oop [320]=Oop [312]=Oop }
                      ;*invokevirtual position {reexecute=0 rethrow=0 return_oop=0}
                      ; - com.android.tools.r8.dex.s::c@5 (line 2)
                      ; - com.android.tools.r8.dex.m::b@5 (line 1)
                      ; - com.android.tools.r8.dex.C::a@41 (line 300)
  0x00007e003f0353e8: 3443 2606 | 8b9c 2450 

  0x00007e003f0353f0: ;   {metadata({type array int})}
  0x00007e003f0353f0: 0100 0048 | ba28 6c00 | 0b00 7e00 | 0048 63db | 488b fb48 | 81fb ffff | ff00 0f87 | 3415 0000 
  0x00007e003f035410: 48be 1700 | 0000 0000 | 0000 488d | 349e 4883 | e6f8 498b | 8708 0100 | 0048 8d34 | 3049 3bb7 
  0x00007e003f035430: 1801 0000 | 0f87 0a15 | 0000 4989 | b708 0100 | 0048 2bf0 | 48c7 0001 | 0000 0048 | 8bca 49ba 
  0x00007e003f035450: 0000 000b | 007e 0000 | 492b ca89 | 4808 8958 | 0c48 83ee | 100f 841a | 0000 0048 | 85f6 0f84 
  0x00007e003f035470: 1100 0000 | 4833 db48 | c1ee 0348 | 895c f008 | 48ff ce75 | f648 8984 | 2468 0100 | 008b 9c24 
  0x00007e003f035490: 5001 0000 

  0x00007e003f035494: ;   {metadata({type array int})}
  0x00007e003f035494: 48ba 286c | 000b 007e | 0000 4863 | db48 8bfb | 4881 fbff | ffff 000f | 879d 1400 | 0048 be17 
  0x00007e003f0354b4: 0000 0000 | 0000 0048 | 8d34 9e48 | 83e6 f849 | 8b87 0801 | 0000 488d | 3430 493b | b718 0100 
  0x00007e003f0354d4: 000f 8773 | 1400 0049 | 89b7 0801 | 0000 482b | f048 c700 | 0100 0000 | 488b ca49 | ba00 0000 
  0x00007e003f0354f4: 0b00 7e00 | 0049 2bca | 8948 0889 | 580c 4883 | ee10 0f84 | 1a00 0000 | 4885 f60f | 8411 0000 
  0x00007e003f035514: 0048 33db | 48c1 ee03 | 4889 5cf0 | 0848 ffce | 75f6 4889 | 8424 7001 | 0000 8b9c | 2450 0100 
  0x00007e003f035534: ;   {metadata({type array int})}
  0x00007e003f035534: 0048 ba28 | 6c00 0b00 | 7e00 0048 | 63db 488b | fb48 81fb | ffff ff00 | 0f87 0614 | 0000 48be 
  0x00007e003f035554: 1700 0000 | 0000 0000 | 488d 349e | 4883 e6f8 | 498b 8708 | 0100 0048 | 8d34 3049 | 3bb7 1801 
  0x00007e003f035574: 0000 0f87 | dc13 0000 | 4989 b708 | 0100 0048 | 2bf0 48c7 | 0001 0000 | 0048 8bca | 49ba 0000 
  0x00007e003f035594: 000b 007e | 0000 492b | ca89 4808 | 8958 0c48 | 83ee 100f | 841a 0000 | 0048 85f6 | 0f84 1100 
  0x00007e003f0355b4: 0000 4833 | db48 c1ee | 0348 895c | f008 48ff | ce75 f648 | 8984 2478 | 0100 008b | 9c24 5001 
  0x00007e003f0355d4: ;   {metadata({type array int})}
  0x00007e003f0355d4: 0000 48ba | 286c 000b | 007e 0000 | 4863 db48 | 8bfb 4881 | fbff ffff | 000f 876f | 1300 0048 
  0x00007e003f0355f4: be17 0000 | 0000 0000 | 0048 8d34 | 9e48 83e6 | f849 8b87 | 0801 0000 | 488d 3430 | 493b b718 
  0x00007e003f035614: 0100 000f | 8745 1300 | 0049 89b7 | 0801 0000 | 482b f048 | c700 0100 | 0000 488b | ca49 ba00 
  0x00007e003f035634: 0000 0b00 | 7e00 0049 | 2bca 8948 | 0889 580c | 4883 ee10 | 0f84 1a00 | 0000 4885 | f60f 8411 
  0x00007e003f035654: 0000 0048 | 33db 48c1 | ee03 4889 | 5cf0 0848 | ffce 75f6 | 4889 8424 | 8001 0000 | 8b9c 2450 
  0x00007e003f035674: ;   {metadata({type array int})}
  0x00007e003f035674: 0100 0048 | ba28 6c00 | 0b00 7e00 | 0048 63db | 488b fb48 | 81fb ffff | ff00 0f87 | d812 0000 
  0x00007e003f035694: 48be 1700 | 0000 0000 | 0000 488d | 349e 4883 | e6f8 498b | 8708 0100 | 0048 8d34 | 3049 3bb7 
  0x00007e003f0356b4: 1801 0000 | 0f87 ae12 | 0000 4989 | b708 0100 | 0048 2bf0 | 48c7 0001 | 0000 0048 | 8bca 49ba 
  0x00007e003f0356d4: 0000 000b | 007e 0000 | 492b ca89 | 4808 8958 | 0c48 83ee | 100f 841a | 0000 0048 | 85f6 0f84 
  0x00007e003f0356f4: 1100 0000 | 4833 db48 | c1ee 0348 | 895c f008 | 48ff ce75 | f648 8984 | 2488 0100 | 008b 9c24 
  0x00007e003f035714: 5001 0000 

  0x00007e003f035718: ;   {metadata({type array int})}
  0x00007e003f035718: 48ba 286c | 000b 007e | 0000 4863 | db48 8bfb | 4881 fbff | ffff 000f | 8741 1200 | 0048 be17 
  0x00007e003f035738: 0000 0000 | 0000 0048 | 8d34 9e48 | 83e6 f849 | 8b87 0801 | 0000 488d | 3430 493b | b718 0100 
  0x00007e003f035758: 000f 8717 | 1200 0049 | 89b7 0801 | 0000 482b | f048 c700 | 0100 0000 | 488b ca49 | ba00 0000 
  0x00007e003f035778: 0b00 7e00 | 0049 2bca | 8948 0889 | 580c 4883 | ee10 0f84 | 1a00 0000 | 4885 f60f | 8411 0000 
  0x00007e003f035798: 0048 33db | 48c1 ee03 | 4889 5cf0 | 0848 ffce | 75f6 4889 | 8424 5801 | 0000 8b9c | 2450 0100 
  0x00007e003f0357b8: ;   {metadata({type array int})}
  0x00007e003f0357b8: 0048 ba28 | 6c00 0b00 | 7e00 0048 | 63db 488b | fb48 81fb | ffff ff00 | 0f87 aa11 | 0000 48be 
  0x00007e003f0357d8: 1700 0000 | 0000 0000 | 488d 349e | 4883 e6f8 | 498b 8708 | 0100 0048 | 8d34 3049 | 3bb7 1801 
  0x00007e003f0357f8: 0000 0f87 | 8011 0000 | 4989 b708 | 0100 0048 | 2bf0 48c7 | 0001 0000 | 0048 8bca | 49ba 0000 
  0x00007e003f035818: 000b 007e | 0000 492b | ca89 4808 | 8958 0c48 | 83ee 100f | 841a 0000 | 0048 85f6 | 0f84 1100 
  0x00007e003f035838: 0000 4833 | db48 c1ee | 0348 895c | f008 48ff | ce75 f648 | 8984 2460 | 0100 008b | 9c24 5001 
  0x00007e003f035858: ;   {metadata({type array int})}
  0x00007e003f035858: 0000 48ba | 286c 000b | 007e 0000 | 4863 db48 | 8bfb 4881 | fbff ffff | 000f 8713 | 1100 0048 
  0x00007e003f035878: be17 0000 | 0000 0000 | 0048 8d34 | 9e48 83e6 | f849 8b87 | 0801 0000 | 488d 3430 | 493b b718 
  0x00007e003f035898: 0100 000f | 87e9 1000 | 0049 89b7 | 0801 0000 | 482b f048 | c700 0100 | 0000 488b | ca49 ba00 
  0x00007e003f0358b8: 0000 0b00 | 7e00 0049 | 2bca 8948 | 0889 580c | 4883 ee10 | 0f84 1a00 | 0000 4885 | f60f 8411 
  0x00007e003f0358d8: 0000 0048 | 33db 48c1 | ee03 4889 | 5cf0 0848 | ffce 75f6 | 4889 8424 | 9001 0000 | bf00 0000 
  0x00007e003f0358f8: 00e9 a302 | 0000 6690 | 89bc 2454 | 0100 008b | 7e14 8b7f | 108b 7f0c | 488b f766 | 9048 b818 
  0x00007e003f035918: 521d 0b00 

  0x00007e003f03591c: ;   {virtual_call}
  0x00007e003f03591c: 7e00 00e8 

  0x00007e003f035920: ; ImmutableOopMap {[328]=Oop [320]=Oop [312]=Oop [400]=Oop [352]=Oop [344]=Oop [392]=Oop [384]=Oop [376]=Oop [368]=Oop [360]=Oop }
                      ;*invokevirtual getInt {reexecute=0 rethrow=0 return_oop=0}
                      ; - com.android.tools.r8.dex.s::f@4 (line 1)
                      ; - com.android.tools.r8.dex.m::e@4 (line 1)
                      ; - com.android.tools.r8.dex.C::a@120 (line 312)
  0x00007e003f035920: 7c19 0206 | 8b9c 2454 | 0100 0048 | 8bbc 2468 | 0100 003b | 5f0c 0f83 | 6210 0000 | 4863 f389 
  0x00007e003f035940: 44b7 1048 | 8bb4 2438 | 0100 008b | 4614 8b40 | 108b 400c | 488b f089 | 9c24 5401 | 0000 0f1f 
  0x00007e003f035960: 8000 0000 | 0048 b818 | 521d 0b00 

  0x00007e003f03596c: ;   {virtual_call}
  0x00007e003f03596c: 7e00 00e8 

  0x00007e003f035970: ; ImmutableOopMap {[328]=Oop [320]=Oop [400]=Oop [352]=Oop [344]=Oop [392]=Oop [384]=Oop [376]=Oop [368]=Oop [312]=Oop [360]=Oop }
                      ;*invokevirtual getInt {reexecute=0 rethrow=0 return_oop=0}
                      ; - com.android.tools.r8.dex.s::f@4 (line 1)
                      ; - com.android.tools.r8.dex.m::e@4 (line 1)
                      ; - com.android.tools.r8.dex.C::a@128 (line 313)
  0x00007e003f035970: 2c19 0206 | 488b 9c24 | 7001 0000 | 8bbc 2454 | 0100 003b | 7b0c 0f83 | 2a10 0000 | 4863 f789 
  0x00007e003f035990: 44b3 1048 | 8bb4 2438 | 0100 008b | 4614 8b40 | 108b 400c | 488b f089 | bc24 5401 | 0000 0f1f 
  0x00007e003f0359b0: 8000 0000 | 0048 b818 | 521d 0b00 

  0x00007e003f0359bc: ;   {virtual_call}
  0x00007e003f0359bc: 7e00 00e8 

  0x00007e003f0359c0: ; ImmutableOopMap {[328]=Oop [320]=Oop [400]=Oop [352]=Oop [344]=Oop [392]=Oop [384]=Oop [376]=Oop [360]=Oop [312]=Oop [368]=Oop }
                      ;*invokevirtual getInt {reexecute=0 rethrow=0 return_oop=0}
                      ; - com.android.tools.r8.dex.s::f@4 (line 1)
                      ; - com.android.tools.r8.dex.m::c@4 (line 1)
                      ; - com.android.tools.r8.dex.C::a@136 (line 314)
  0x00007e003f0359c0: dc18 0206 | 488b 9c24 | 7801 0000 | 8bbc 2454 | 0100 003b | 7b0c 0f83 | f20f 0000 | 4863 f789 
  0x00007e003f0359e0: 44b3 1048 | 8bb4 2438 | 0100 008b | 4614 8b40 | 108b 400c | 488b f089 | bc24 5401 | 0000 0f1f 
  0x00007e003f035a00: 8000 0000 | 0048 b818 | 521d 0b00 

  0x00007e003f035a0c: ;   {virtual_call}
  0x00007e003f035a0c: 7e00 00e8 

  0x00007e003f035a10: ; ImmutableOopMap {[328]=Oop [320]=Oop [400]=Oop [352]=Oop [344]=Oop [392]=Oop [384]=Oop [360]=Oop [368]=Oop [312]=Oop [376]=Oop }
                      ;*invokevirtual getInt {reexecute=0 rethrow=0 return_oop=0}
                      ; - com.android.tools.r8.dex.s::f@4 (line 1)
                      ; - com.android.tools.r8.dex.m::e@4 (line 1)
                      ; - com.android.tools.r8.dex.C::a@144 (line 315)
  0x00007e003f035a10: 8c18 0206 | 488b 9c24 | 8001 0000 | 8bbc 2454 | 0100 003b | 7b0c 0f83 | ba0f 0000 | 4863 f789 
  0x00007e003f035a30: 44b3 1048 | 8bb4 2438 | 0100 008b | 4614 8b40 | 108b 400c | 488b f089 | bc24 5401 | 0000 0f1f 
  0x00007e003f035a50: 8000 0000 | 0048 b818 | 521d 0b00 

  0x00007e003f035a5c: ;   {virtual_call}
  0x00007e003f035a5c: 7e00 00e8 

  0x00007e003f035a60: ; ImmutableOopMap {[328]=Oop [320]=Oop [400]=Oop [352]=Oop [344]=Oop [392]=Oop [360]=Oop [368]=Oop [376]=Oop [312]=Oop [384]=Oop }
                      ;*invokevirtual getInt {reexecute=0 rethrow=0 return_oop=0}
                      ; - com.android.tools.r8.dex.s::f@4 (line 1)
                      ; - com.android.tools.r8.dex.m::c@4 (line 1)
                      ; - com.android.tools.r8.dex.C::a@152 (line 316)
  0x00007e003f035a60: 3c18 0206 | 488b 9c24 | 8801 0000 | 8bbc 2454 | 0100 003b | 7b0c 0f83 | 820f 0000 | 4863 f789 
  0x00007e003f035a80: 44b3 1048 | 8bb4 2438 | 0100 008b | 4614 8b40 | 108b 400c | 488b f089 | bc24 5401 | 0000 0f1f 
  0x00007e003f035aa0: 8000 0000 | 0048 b818 | 521d 0b00 

  0x00007e003f035aac: ;   {virtual_call}
  0x00007e003f035aac: 7e00 00e8 

  0x00007e003f035ab0: ; ImmutableOopMap {[328]=Oop [320]=Oop [400]=Oop [352]=Oop [344]=Oop [360]=Oop [368]=Oop [376]=Oop [384]=Oop [312]=Oop [392]=Oop }
                      ;*invokevirtual getInt {reexecute=0 rethrow=0 return_oop=0}
                      ; - com.android.tools.r8.dex.s::f@4 (line 1)
                      ; - com.android.tools.r8.dex.m::e@4 (line 1)
                      ; - com.android.tools.r8.dex.C::a@160 (line 317)
  0x00007e003f035ab0: ec17 0206 | 488b 9c24 | 5801 0000 | 8bbc 2454 | 0100 003b | 7b0c 0f83 | 4a0f 0000 | 4863 f789 
  0x00007e003f035ad0: 44b3 1048 | 8bb4 2438 | 0100 008b | 4614 8b40 | 108b 400c | 488b f089 | bc24 5401 | 0000 0f1f 
  0x00007e003f035af0: 8000 0000 | 0048 b818 | 521d 0b00 

  0x00007e003f035afc: ;   {virtual_call}
  0x00007e003f035afc: 7e00 00e8 

  0x00007e003f035b00: ; ImmutableOopMap {[328]=Oop [320]=Oop [400]=Oop [352]=Oop [360]=Oop [368]=Oop [376]=Oop [384]=Oop [392]=Oop [312]=Oop [344]=Oop }
                      ;*invokevirtual getInt {reexecute=0 rethrow=0 return_oop=0}
                      ; - com.android.tools.r8.dex.s::f@4 (line 1)
                      ; - com.android.tools.r8.dex.m::e@4 (line 1)
                      ; - com.android.tools.r8.dex.C::a@168 (line 318)
  0x00007e003f035b00: 9c17 0206 | 488b 9c24 | 6001 0000 | 8bbc 2454 | 0100 003b | 7b0c 0f83 | 120f 0000 | 4863 f789 
  0x00007e003f035b20: 44b3 1048 | 8bb4 2438 | 0100 008b | 4614 8b40 | 108b 400c | 488b f089 | bc24 5401 | 0000 0f1f 
  0x00007e003f035b40: 8000 0000 | 0048 b818 | 521d 0b00 

  0x00007e003f035b4c: ;   {virtual_call}
  0x00007e003f035b4c: 7e00 00e8 

  0x00007e003f035b50: ; ImmutableOopMap {[328]=Oop [320]=Oop [400]=Oop [360]=Oop [368]=Oop [376]=Oop [384]=Oop [392]=Oop [344]=Oop [312]=Oop [352]=Oop }
                      ;*invokevirtual getInt {reexecute=0 rethrow=0 return_oop=0}
                      ; - com.android.tools.r8.dex.s::f@4 (line 1)
                      ; - com.android.tools.r8.dex.m::e@4 (line 1)
                      ; - com.android.tools.r8.dex.C::a@176 (line 319)
  0x00007e003f035b50: 4c17 0206 | 488b 9c24 | 9001 0000 | 8bbc 2454 | 0100 003b | 7b0c 0f83 | da0e 0000 | 4863 d789 
  0x00007e003f035b70: 4493 10ff | c748 ba68 | 74be 98fe | 7d00 008b | 720c 83c6 | 0289 720c | 81e6 fe7f | 0000 83fe 
  0x00007e003f035b90: 000f 84bd | 0e00 004d | 8b97 4803 

  0x00007e003f035b9c: ; ImmutableOopMap {[328]=Oop [320]=Oop [360]=Oop [368]=Oop [376]=Oop [384]=Oop [392]=Oop [344]=Oop [312]=Oop [352]=Oop rbx=Oop [400]=Oop }
                      ;*goto {reexecute=1 rethrow=0 return_oop=0}
                      ; - (reexecute) com.android.tools.r8.dex.C::a@183 (line 319)
                      ;   {poll}
  0x00007e003f035b9c: 0000 4185 | 0244 8b8c | 2450 0100 | 0048 8bb4 | 2438 0100 | 0041 3bf9 | 0f8c 46fd | ffff 488b 
  0x00007e003f035bbc: 9c24 9001 | 0000 41b8 | 0000 0000 | 488b 9c24 | 8801 0000 | 488b 8424 | 7801 0000 | 448b 8c24 
  0x00007e003f035bdc: 5001 0000 | 488b b424 | 3801 0000 | 453b c10f | 8d2f 0b00 | 0044 3b40 | 0c0f 837a | 0e00 004d 
  0x00007e003f035bfc: 63e8 468b | 6ca8 1041 | 83fd ff0f | 850f 0000 

  0x00007e003f035c0c: ;   {oop(NULL)}
  0x00007e003f035c0c: 0049 bd00 | 0000 0000 | 0000 00e9 | 1d00 0000 | 448b 5e2c 

  0x00007e003f035c20: ; implicit exception: dispatches to 0x00007e003f036a83
  0x00007e003f035c20: 458b 5b1c 

  0x00007e003f035c24: ; implicit exception: dispatches to 0x00007e003f036a88
  0x00007e003f035c24: 453b 6b0c | 0f83 640e | 0000 4d63 | ed47 8b5c | ab10 4d8b | eb44 3b43 | 0c0f 835d | 0e00 004d 
  0x00007e003f035c44: 63d8 468b | 5c9b 1041 | 83fb ff0f | 851f 0000 

  0x00007e003f035c54: ;   {oop(NULL)}
  0x00007e003f035c54: 0049 bb00 | 0000 0000 | 0000 004c | 899c 24a0 | 0100 004c | 89ac 24b8 | 0100 00e9 | 3d00 0000 
  0x00007e003f035c74: 4489 8424 | 9801 0000 | 448b 462c 

  0x00007e003f035c80: ; implicit exception: dispatches to 0x00007e003f036aae
  0x00007e003f035c80: 458b 4020 

  0x00007e003f035c84: ; implicit exception: dispatches to 0x00007e003f036ab3
  0x00007e003f035c84: 453b 580c | 0f83 2f0e | 0000 4d63 | db47 8b44 | 9810 4d8b | d84c 899c | 24a0 0100 | 004c 89ac 
  0x00007e003f035ca4: 24b8 0100 | 0044 8b84 | 2498 0100 | 0048 8b9c | 2468 0100 | 004c 8b8c | 2470 0100 | 0044 8b5e 
  0x00007e003f035cc4: 2c44 3b43 | 0c0f 83fc | 0d00 004d | 63e8 468b | 6cab 1045 | 8b5b 1c45 | 3b6b 0c0f | 8303 0e00 
  0x00007e003f035ce4: 004d 63ed | 478b 5cab | 104c 899c | 24a8 0100 | 0045 3b41 | 0c0f 83f7 | 0d00 004d | 63e8 478b 
  0x00007e003f035d04: ;   {metadata('com/android/tools/r8/graph/N')}
  0x00007e003f035d04: 6ca9 1048 | bad0 0ec5 | 0c00 7e00 | 0049 8b87 | 0801 0000 | 488d 7818 | 493b bf18 | 0100 000f 
  0x00007e003f035d24: 87db 0d00 | 0049 89bf | 0801 0000 | 48c7 0001 | 0000 0048 | 8bca 49ba | 0000 000b | 007e 0000 
  0x00007e003f035d44: 492b ca89 | 4808 4833 | c989 480c | 4833 c948 | 8948 1048 | 8984 24b0 | 0100 0041 | 81e5 1f76 
  0x00007e003f035d64: 0000 4489 | 680c 4489 

  0x00007e003f035d6c: ;   {oop(a 'com/android/tools/r8/internal/C9'{0x00000000e61f0e48})}
  0x00007e003f035d6c: 6810 48ba | 480e 1fe6 | 0000 0000 | b900 0000 | 0048 8bf0 | 4489 8424 | 9801 0000 | 0f1f 8000 
  0x00007e003f035d8c: ;   {optimized virtual_call}
  0x00007e003f035d8c: 0000 00e8 

  0x00007e003f035d90: ; ImmutableOopMap {[384]=Oop [328]=Oop [376]=Oop [392]=Oop [416]=Oop [320]=Oop [344]=Oop [312]=Oop [432]=Oop [424]=Oop [440]=Oop [400]=Oop [352]=Oop [368]=Oop [360]=Oop }
                      ;*invokevirtual a {reexecute=0 rethrow=0 return_oop=0}
                      ; - com.android.tools.r8.dex.C::a@282 (line 331)
  0x00007e003f035d90: ace5 62ff | 83f8 000f | 84af 0900 | 0044 8b84 | 2498 0100 | 0048 8b84 | 2458 0100 | 0048 8bb4 
  0x00007e003f035db0: 2438 0100 | 0044 3b40 | 0c0f 8352 | 0d00 0049 | 63d0 8b54 | 9010 488b | fe48 8bf7 | 4489 8424 
  0x00007e003f035dd0: 9801 0000 

  0x00007e003f035dd4: ;   {optimized virtual_call}
  0x00007e003f035dd4: 6666 90e8 

  0x00007e003f035dd8: ; ImmutableOopMap {[384]=Oop [328]=Oop [376]=Oop [392]=Oop [416]=Oop [320]=Oop [432]=Oop [424]=Oop [440]=Oop [400]=Oop [352]=Oop [368]=Oop [360]=Oop [312]=Oop [344]=Oop }
                      ;*invokevirtual d {reexecute=0 rethrow=0 return_oop=0}
                      ; - com.android.tools.r8.dex.C::a@305 (line 340)
  0x00007e003f035dd8: 240f 60ff | 4889 8424 | c001 0000 | 488b b424 | 3801 0000 | 8b56 2848 | 83fa 000f | 850f 0000 
  0x00007e003f035df8: ;   {oop(NULL)}
  0x00007e003f035df8: 0048 bf00 | 0000 0000 | 0000 00e9 | 6501 0000 

  0x00007e003f035e08: ; implicit exception: dispatches to 0x00007e003f036b1f
  0x00007e003f035e08: 8b52 1883 | fa00 ba00 | 0000 000f | 8505 0000 | 00ba 0100 | 0000 83e2 | 0183 fa00 | 0f84 0f00 
  0x00007e003f035e28: ;   {oop(NULL)}
  0x00007e003f035e28: 0000 48bf | 0000 0000 | 0000 0000 | e934 0100 | 0048 8b94 | 24a8 0100 | 0048 8bb4 | 2440 0100 
  0x00007e003f035e48: 000f 1f40 | 0048 b868 | f2c5 0c00 

  0x00007e003f035e54: ;   {virtual_call}
  0x00007e003f035e54: 7e00 00e8 

  0x00007e003f035e58: ; ImmutableOopMap {[384]=Oop [328]=Oop [376]=Oop [392]=Oop [416]=Oop [320]=Oop [432]=Oop [424]=Oop [440]=Oop [400]=Oop [352]=Oop [368]=Oop [360]=Oop [344]=Oop [312]=Oop [448]=Oop }
                      ;*invokevirtual a {reexecute=0 rethrow=0 return_oop=0}
                      ; - com.android.tools.r8.dex.C::a@334 (line 344)
  0x00007e003f035e58: 242e 3206 

  0x00007e003f035e5c: ; implicit exception: dispatches to 0x00007e003f036b24
  0x00007e003f035e5c: 8b70 1048 | 3b06 0f1f 

  0x00007e003f035e64: ;   {optimized virtual_call}
  0x00007e003f035e64: 4400 00e8 

  0x00007e003f035e68: ; ImmutableOopMap {[384]=Oop [328]=Oop [376]=Oop [392]=Oop [416]=Oop [320]=Oop [432]=Oop [424]=Oop [440]=Oop [400]=Oop [352]=Oop [368]=Oop [360]=Oop [344]=Oop [312]=Oop [448]=Oop }
                      ;*invokevirtual p0 {reexecute=0 rethrow=0 return_oop=0}
                      ; - com.android.tools.r8.graph.D2::toString@1 (line 1)
                      ; - com.android.tools.r8.graph.E2::Z0@4 (line 1)
                      ; - com.android.tools.r8.dex.C::a@337 (line 345)
  0x00007e003f035e68: 9435 0106 | 488b b424 | 3801 0000 | 8b7e 2848 | 3b07 488b | d048 8bf7 | 4889 bc24 | d001 0000 
  0x00007e003f035e88: 4889 8424 | c801 0000 | 0f1f 8000 

  0x00007e003f035e94: ;   {optimized virtual_call}
  0x00007e003f035e94: 0000 00e8 

  0x00007e003f035e98: ; ImmutableOopMap {[384]=Oop [328]=Oop [376]=Oop [392]=Oop [416]=Oop [320]=Oop [432]=Oop [424]=Oop [440]=Oop [400]=Oop [352]=Oop [368]=Oop [360]=Oop [344]=Oop [448]=Oop [312]=Oop [464]=Oop [456]=Oop }
                      ;*invokeinterface get {reexecute=0 rethrow=0 return_oop=0}
                      ; - java.util.Map::getOrDefault@2 (line 671)
                      ; - com.android.tools.r8.dex.C::a@349 (line 346)
  0x00007e003f035e98: e4bf 5eff | 4883 f800 | 0f85 4400 | 0000 4889 | 8424 d801 | 0000 488b | bc24 d001 | 0000 488b 
  0x00007e003f035eb8: 9424 c801 | 0000 488b | f766 0f1f 

  0x00007e003f035ec4: ;   {optimized virtual_call}
  0x00007e003f035ec4: 4400 00e8 

  0x00007e003f035ec8: ; ImmutableOopMap {[384]=Oop [328]=Oop [376]=Oop [392]=Oop [416]=Oop [320]=Oop [432]=Oop [424]=Oop [440]=Oop [400]=Oop [352]=Oop [368]=Oop [360]=Oop [344]=Oop [448]=Oop [312]=Oop [456]=Oop [472]=Oop }
                      ;*invokeinterface containsKey {reexecute=0 rethrow=0 return_oop=0}
                      ; - java.util.Map::getOrDefault@14 (line 671)
                      ; - com.android.tools.r8.dex.C::a@349 (line 346)
  0x00007e003f035ec8: b421 7505 | 83f8 0048 | 8b84 24d8 

  0x00007e003f035ed4: ;   {oop(NULL)}
  0x00007e003f035ed4: 0100 0048 | ba00 0000 | 0000 0000 | 0048 0f45 | d0e9 0300 | 0000 488b | d048 8b84 | 24c8 0100 
  0x00007e003f035ef4: 0048 8bb4 | 2438 0100 | 0048 83fa | 000f 8428 

  0x00007e003f035f04: ;   {metadata('java/lang/Long')}
  0x00007e003f035f04: 0000 0048 | bb18 4f04 | 0b00 7e00 | 008b 7a08 | 49ba 0000 | 000b 007e | 0000 4903 | fa48 3bdf 
  0x00007e003f035f24: 0f85 090c | 0000 e900 | 0000 0048 | 8bfa 8b56 | 248b 9a9c | 0000 0048 | 8bd0 488b | cf48 8bf3 
  0x00007e003f035f44: 4889 bc24 | e001 0000 | 9048 b800 | fabf 0c00 

  0x00007e003f035f54: ;   {virtual_call}
  0x00007e003f035f54: 7e00 00e8 

  0x00007e003f035f58: ; ImmutableOopMap {[384]=Oop [328]=Oop [376]=Oop [392]=Oop [416]=Oop [320]=Oop [432]=Oop [424]=Oop [440]=Oop [400]=Oop [352]=Oop [368]=Oop [360]=Oop [344]=Oop [448]=Oop [312]=Oop [480]=Oop }
                      ;*invokeinterface test {reexecute=0 rethrow=0 return_oop=0}
                      ; - com.android.tools.r8.dex.C::a@370 (line 347)
  0x00007e003f035f58: 643b 61ff | 83f8 000f | 847f 0700 | 0048 8bbc | 24e0 0100 | 0044 8b84 | 2498 0100 | 0048 8b84 
  0x00007e003f035f78: 2460 0100 | 0044 3b40 | 0c0f 83ba | 0b00 0049 | 63d0 8b54 | 9010 83fa | 0048 89bc | 24e8 0100 
  0x00007e003f035f98: 000f 8402 | 0300 0048 | 8b84 2490 | 0100 0044 | 3b40 0c0f | 839e 0b00 | 0049 63d0 | 448b 4c90 
  0x00007e003f035fb8: ;   {oop(a 'java/lang/Class'{0x00000000e6e5fd98} = 'com/android/tools/r8/dex/C$$Lambda$1820+0x00007e000cc9b980')}
  0x00007e003f035fb8: 1048 ba98 | fde5 e600 

  0x00007e003f035fc0: ;   {oop(a 'jdk/internal/misc/Unsafe'{0x00000000e08bc680})}
  0x00007e003f035fc0: 0000 0048 | be80 c68b | e000 0000 | 0044 8984 | 2498 0100 | 0044 898c | 249c 0100 

  0x00007e003f035fdc: ;   {optimized virtual_call}
  0x00007e003f035fdc: 0066 90e8 

  0x00007e003f035fe0: ; ImmutableOopMap {[384]=Oop [328]=Oop [376]=Oop [392]=Oop [320]=Oop [368]=Oop [360]=Oop [344]=Oop [440]=Oop [424]=Oop [432]=Oop [416]=Oop [312]=Oop [488]=Oop [448]=Oop [352]=Oop [400]=Oop }
                      ;*invokevirtual allocateInstance {reexecute=0 rethrow=0 return_oop=0}
                      ; - java.lang.invoke.DirectMethodHandle::allocateInstance@12 (line 520)
                      ; - java.lang.invoke.DirectMethodHandle$Holder::newInvokeSpecial@1
                      ; - java.lang.invoke.Invokers$Holder::linkToTargetMethod@5
                      ; - com.android.tools.r8.dex.C::e@3 (line 1)
                      ; - com.android.tools.r8.dex.C::a@400 (line 352)
  0x00007e003f035fe0: fc3e cf05 | 410f be57 | 3883 fa00 | 0f85 6b0b | 0000 488b | b424 3801 | 0000 4c8b | d644 8950 
  0x00007e003f036000: 0c48 8bd0 | 4833 d648 | c1ea 1448 | 83fa 000f | 8568 0b00 | 008b 9424 | 9c01 0000 | 488b c848 
  0x00007e003f036020: 8bfe 488b 

  0x00007e003f036024: ;   {optimized virtual_call}
  0x00007e003f036024: f766 90e8 

  0x00007e003f036028: ; ImmutableOopMap {[384]=Oop [328]=Oop [376]=Oop [392]=Oop [320]=Oop [368]=Oop [360]=Oop [344]=Oop [440]=Oop [424]=Oop [432]=Oop [416]=Oop [488]=Oop [448]=Oop [352]=Oop [400]=Oop [312]=Oop }
                      ;*invokevirtual a {reexecute=0 rethrow=0 return_oop=0}
                      ; - com.android.tools.r8.dex.C::e@8 (line 1)
                      ; - com.android.tools.r8.dex.C::a@400 (line 352)
  0x00007e003f036028: b478 2d06 | 4883 f800 | 0f84 2800 

  0x00007e003f036034: ;   {metadata('com/android/tools/r8/graph/b1')}
  0x00007e003f036034: 0000 48bb | a8ac c90c | 007e 0000 | 8b50 0849 | ba00 0000 | 0b00 7e00 | 0049 03d2 | 483b da0f 
  0x00007e003f036054: 853c 0b00 | 00e9 0000 | 0000 488b | f848 8bb4 | 2438 0100 | 008b 5614 | 488b 8424 | 6001 0000 
  0x00007e003f036074: 448b 8424 | 9801 0000 | 443b 400c | 0f83 180b | 0000 4963 | d88b 5c98 | 108b 5210 

  0x00007e003f036090: ; implicit exception: dispatches to 0x00007e003f036bb1
  0x00007e003f036090: 8b4a 0c48 | 8bd3 488b | f144 8984 | 2498 0100 | 0048 89bc | 24f0 0100 | 000f 1f40 | 0048 b818 
  0x00007e003f0360b0: 521d 0b00 

  0x00007e003f0360b4: ;   {virtual_call}
  0x00007e003f0360b4: 7e00 00e8 

  0x00007e003f0360b8: ; ImmutableOopMap {[384]=Oop [328]=Oop [376]=Oop [392]=Oop [320]=Oop [368]=Oop [360]=Oop [344]=Oop [440]=Oop [424]=Oop [432]=Oop [416]=Oop [488]=Oop [448]=Oop [400]=Oop [312]=Oop [352]=Oop [496]=Oop }
                      ;*invokevirtual position {reexecute=0 rethrow=0 return_oop=0}
                      ; - com.android.tools.r8.dex.s::c@5 (line 2)
                      ; - com.android.tools.r8.dex.m::b@5 (line 1)
                      ; - com.android.tools.r8.dex.C::a@417 (line 354)
  0x00007e003f0360b8: 6436 2606 | 488b b424 | 3801 0000 | 8b7e 1448 | 3b07 488b 

  0x00007e003f0360cc: ;   {static_call}
  0x00007e003f0360cc: f766 90e8 

  0x00007e003f0360d0: ; ImmutableOopMap {[384]=Oop [328]=Oop [376]=Oop [392]=Oop [320]=Oop [368]=Oop [360]=Oop [344]=Oop [440]=Oop [424]=Oop [432]=Oop [416]=Oop [488]=Oop [448]=Oop [400]=Oop [352]=Oop [496]=Oop [312]=Oop }
                      ;*invokestatic b {reexecute=0 rethrow=0 return_oop=0}
                      ; - com.android.tools.r8.dex.m::f@1 (line 1)
                      ; - com.android.tools.r8.dex.C::a@424 (line 355)
  0x00007e003f0360d0: 4c7a cb05 | 488b b424 | 3801 0000 | 8b7e 1448 | 3b07 488b | f789 8424 | f801 0000 

  0x00007e003f0360ec: ;   {static_call}
  0x00007e003f0360ec: 6666 90e8 

  0x00007e003f0360f0: ; ImmutableOopMap {[384]=Oop [328]=Oop [376]=Oop [392]=Oop [320]=Oop [368]=Oop [360]=Oop [344]=Oop [440]=Oop [424]=Oop [432]=Oop [416]=Oop [488]=Oop [448]=Oop [400]=Oop [352]=Oop [496]=Oop [312]=Oop }
                      ;*invokestatic b {reexecute=0 rethrow=0 return_oop=0}
                      ; - com.android.tools.r8.dex.m::f@1 (line 1)
                      ; - com.android.tools.r8.dex.C::a@433 (line 356)
  0x00007e003f0360f0: 2c7a cb05 | 8984 24fc | 0100 0048 | 8bb4 2438 | 0100 008b | 7e14 483b | 0748 8bf7 

  0x00007e003f03610c: ;   {static_call}
  0x00007e003f03610c: 6666 90e8 

  0x00007e003f036110: ; ImmutableOopMap {[384]=Oop [328]=Oop [376]=Oop [392]=Oop [320]=Oop [368]=Oop [360]=Oop [344]=Oop [440]=Oop [424]=Oop [432]=Oop [416]=Oop [488]=Oop [448]=Oop [400]=Oop [352]=Oop [496]=Oop [312]=Oop }
                      ;*invokestatic b {reexecute=0 rethrow=0 return_oop=0}
                      ; - com.android.tools.r8.dex.m::f@1 (line 1)
                      ; - com.android.tools.r8.dex.C::a@442 (line 357)
  0x00007e003f036110: 0c7a cb05 | 488b b424 | 3801 0000 | 8b7e 1448 | 3b07 488b | f789 8424 | 0002 0000 

  0x00007e003f03612c: ;   {static_call}
  0x00007e003f03612c: 6666 90e8 

  0x00007e003f036130: ; ImmutableOopMap {[384]=Oop [328]=Oop [376]=Oop [392]=Oop [320]=Oop [368]=Oop [360]=Oop [344]=Oop [440]=Oop [424]=Oop [432]=Oop [416]=Oop [488]=Oop [448]=Oop [400]=Oop [352]=Oop [496]=Oop [312]=Oop }
                      ;*invokestatic b {reexecute=0 rethrow=0 return_oop=0}
                      ; - com.android.tools.r8.dex.m::f@1 (line 1)
                      ; - com.android.tools.r8.dex.C::a@451 (line 358)
  0x00007e003f036130: ec79 cb05 | 488b bc24 | c001 0000 

  0x00007e003f03613c: ; implicit exception: dispatches to 0x00007e003f036bca
  0x00007e003f03613c: 8b4f 1048 | 8b94 24f0 | 0100 0048 | 83fa 000f | 840b 0000 | 008b 520c | 4c8b c2e9 | 0a00 0000 
  0x00007e003f03615c: ;   {oop(NULL)}
  0x00007e003f03615c: 49b8 0000 | 0000 0000 | 0000 8984 | 2404 0200 | 008b 8424 | f801 0000 | 488b b424 | 3801 0000 
  0x00007e003f03617c: 488b d048 | 8bc6 488b 

  0x00007e003f036184: ;   {optimized virtual_call}
  0x00007e003f036184: f066 90e8 

  0x00007e003f036188: ; ImmutableOopMap {[384]=Oop [328]=Oop [376]=Oop [392]=Oop [320]=Oop [368]=Oop [360]=Oop [344]=Oop [440]=Oop [424]=Oop [432]=Oop [416]=Oop [488]=Oop [400]=Oop [352]=Oop [312]=Oop [448]=Oop }
                      ;*invokevirtual a {reexecute=0 rethrow=0 return_oop=0}
                      ; - com.android.tools.r8.dex.C::a@488 (line 365)
  0x00007e003f036188: 7463 5eff | 4889 8424 | 0802 0000 | 488b bc24 | c001 0000 | 8b4f 108b | 9424 fc01 

  0x00007e003f0361a4: ;   {oop(NULL)}
  0x00007e003f0361a4: 0000 49b8 | 0000 0000 | 0000 0000 | 488b b424 | 3801 0000 | 0f1f 8000 

  0x00007e003f0361bc: ;   {optimized virtual_call}
  0x00007e003f0361bc: 0000 00e8 

  0x00007e003f0361c0: ; ImmutableOopMap {[384]=Oop [328]=Oop [376]=Oop [392]=Oop [320]=Oop [368]=Oop [360]=Oop [344]=Oop [440]=Oop [424]=Oop [432]=Oop [416]=Oop [488]=Oop [400]=Oop [352]=Oop [312]=Oop [448]=Oop [520]=Oop }
                      ;*invokevirtual a {reexecute=0 rethrow=0 return_oop=0}
                      ; - com.android.tools.r8.dex.C::a@504 (line 369)
  0x00007e003f0361c0: 3c63 5eff | 4889 8424 | 1002 0000 | 488b bc24 | c001 0000 | 8b4f 1444 | 8b47 1848 | 8bb4 2438 
  0x00007e003f0361e0: 0100 008b 

  0x00007e003f0361e4: ;   {oop(a 'java/lang/Class'{0x00000000e684f108} = 'com/android/tools/r8/graph/S')}
  0x00007e003f0361e4: 5620 49b9 | 08f1 84e6 | 0000 0000 | 458b 4970 | 493b d10f | 840b 0000 | 0041 b901 | 0000 00e9 
  0x00007e003f036204: 0600 0000 | 41b9 0000 | 0000 8b84 | 2400 0200 | 0048 8bd0 | 488b c648 

  0x00007e003f03621c: ;   {optimized virtual_call}
  0x00007e003f03621c: 8bf0 90e8 

  0x00007e003f036220: ; ImmutableOopMap {[384]=Oop [328]=Oop [376]=Oop [392]=Oop [320]=Oop [368]=Oop [360]=Oop [344]=Oop [440]=Oop [424]=Oop [432]=Oop [416]=Oop [488]=Oop [400]=Oop [352]=Oop [520]=Oop [312]=Oop [528]=Oop [448]=Oop }
                      ;*invokevirtual a {reexecute=0 rethrow=0 return_oop=0}
                      ; - com.android.tools.r8.dex.C::a@550 (line 371)
  0x00007e003f036220: dccb 5aff | 488b bc24 | c001 0000 | 8b4f 1444 | 8b47 1848 | 8bb4 2438 | 0100 008b 

  0x00007e003f03623c: ;   {oop(a 'java/lang/Class'{0x00000000e684f108} = 'com/android/tools/r8/graph/S')}
  0x00007e003f03623c: 5620 49b9 | 08f1 84e6 | 0000 0000 | 458b 4970 | 493b d10f | 840b 0000 | 0041 b901 | 0000 00e9 
  0x00007e003f03625c: 0600 0000 | 41b9 0000 | 0000 4889 | 8424 1802 | 0000 8b84 | 2404 0200 | 0048 8bd0 | 488b c648 
  0x00007e003f03627c: ;   {optimized virtual_call}
  0x00007e003f03627c: 8bf0 90e8 

  0x00007e003f036280: ; ImmutableOopMap {[384]=Oop [328]=Oop [376]=Oop [392]=Oop [320]=Oop [368]=Oop [360]=Oop [344]=Oop [440]=Oop [424]=Oop [432]=Oop [416]=Oop [488]=Oop [400]=Oop [352]=Oop [312]=Oop [448]=Oop [520]=Oop [528]=Oop [536]=Oop }
                      ;*invokevirtual a {reexecute=0 rethrow=0 return_oop=0}
                      ; - com.android.tools.r8.dex.C::a@593 (line 377)
  0x00007e003f036280: 7ccb 5aff | 488b 9c24 | 1802 0000 | 4c8b 9c24 | 1002 0000 | 4c8b ac24 | 0802 0000 | e930 0000 
  0x00007e003f0362a0: 0044 8984 | 2498 0100 

  0x00007e003f0362a8: ;   {oop(a 'com/android/tools/r8/graph/f1'[0] {0x00000000e96d43d0})}
  0x00007e003f0362a8: 0048 b8d0 | 436d e900 

  0x00007e003f0362b0: ;   {oop(a 'com/android/tools/r8/graph/f1'[0] {0x00000000e96d43d0})}
  0x00007e003f0362b0: 0000 0048 | bbd0 436d | e900 0000 

  0x00007e003f0362bc: ;   {oop(a 'com/android/tools/r8/graph/c1'[0] {0x00000000e96d43c0})}
  0x00007e003f0362bc: 0049 bbc0 | 436d e900 

  0x00007e003f0362c4: ;   {oop(a 'com/android/tools/r8/graph/c1'[0] {0x00000000e96d43c0})}
  0x00007e003f0362c4: 0000 0049 | bdc0 436d | e900 0000 | 0048 8984 | 2440 0200 | 0048 899c | 2438 0200 | 004c 899c 
  0x00007e003f0362e4: 2430 0200 | 004c 89ac | 2428 0200 | 0048 8b84 | 24c0 0100 | 0048 8bb4 | 2438 0100 

  0x00007e003f036300: ;   {metadata('com/android/tools/r8/dex/A')}
  0x00007e003f036300: 0048 bad0 | aec9 0c00 | 7e00 004c | 8bc0 4c8b | ce49 8b87 | 0801 0000 | 488d 7830 | 493b bf18 
  0x00007e003f036320: 0100 000f | 87ab 0800 | 0049 89bf | 0801 0000 | 48c7 0001 | 0000 0048 | 8bca 49ba | 0000 000b 
  0x00007e003f036340: 007e 0000 | 492b ca89 | 4808 4833 | c989 480c | 4833 c948 | 8948 1048 | 8948 1848 | 8948 2048 
  0x00007e003f036360: 8948 2841 | 8b49 1045 | 8b40 0c41 | 8b71 2448 | 8b94 24a8 | 0100 004c | 8bce 488b | f048 8984 
  0x00007e003f036380: 2420 0200 

  0x00007e003f036384: ;   {optimized virtual_call}
  0x00007e003f036384: 0066 90e8 

  0x00007e003f036388: ; ImmutableOopMap {[384]=Oop [328]=Oop [376]=Oop [392]=Oop [320]=Oop [368]=Oop [360]=Oop [344]=Oop [440]=Oop [424]=Oop [432]=Oop [416]=Oop [400]=Oop [352]=Oop [488]=Oop [312]=Oop [544]=Oop [576]=Oop [568]=Oop [560]=Oop [552]=Oop }
                      ;*invokespecial <init> {reexecute=0 rethrow=0 return_oop=0}
                      ; - com.android.tools.r8.dex.C::a@648 (line 384)
  0x00007e003f036388: 7450 a8ff | 488b bc24 | e801 0000 | 4883 ff00 | 0f85 1b00 | 0000 6690 

  0x00007e003f0363a0: ;   {no_reloc}
  0x00007e003f0363a0: e950 0800 | 0090 9090 | 9090 0f1f 

  0x00007e003f0363ac: ;   {static_call}
  0x00007e003f0363ac: 4400 00e8 

  0x00007e003f0363b0: ; ImmutableOopMap {[384]=Oop [328]=Oop [376]=Oop [392]=Oop [320]=Oop [368]=Oop [360]=Oop [344]=Oop [440]=Oop [424]=Oop [432]=Oop [416]=Oop [400]=Oop [352]=Oop [312]=Oop [544]=Oop [576]=Oop [568]=Oop [560]=Oop [552]=Oop }
                      ;*invokedynamic {reexecute=0 rethrow=0 return_oop=0}
                      ; - com.android.tools.r8.dex.C::a@654 (line 389)
  0x00007e003f0363b0: cc22 7505 | e954 0000 | 0048 89bc | 24e8 0100 

  0x00007e003f0363c0: ;   {oop(a 'java/lang/Class'{0x00000000e6e5dbd0} = 'com/android/tools/r8/dex/C$$Lambda$1841+0x00007e000cca0388')}
  0x00007e003f0363c0: 0048 bad0 | dbe5 e600 

  0x00007e003f0363c8: ;   {oop(a 'jdk/internal/misc/Unsafe'{0x00000000e08bc680})}
  0x00007e003f0363c8: 0000 0048 | be80 c68b | e000 0000 

  0x00007e003f0363d4: ;   {optimized virtual_call}
  0x00007e003f0363d4: 0066 90e8 

  0x00007e003f0363d8: ; ImmutableOopMap {[384]=Oop [328]=Oop [376]=Oop [392]=Oop [320]=Oop [368]=Oop [360]=Oop [344]=Oop [440]=Oop [424]=Oop [432]=Oop [416]=Oop [400]=Oop [352]=Oop [312]=Oop [544]=Oop [576]=Oop [568]=Oop [560]=Oop [552]=Oop [488]=Oop }
                      ;*invokevirtual allocateInstance {reexecute=0 rethrow=0 return_oop=0}
                      ; - java.lang.invoke.DirectMethodHandle::allocateInstance@12 (line 520)
                      ; - java.lang.invoke.DirectMethodHandle$Holder::newInvokeSpecial@1
                      ; - java.lang.invoke.Invokers$Holder::linkToTargetMethod@5
                      ; - com.android.tools.r8.dex.C::a@666 (line 389)
  0x00007e003f0363d8: 043b cf05 | 410f be57 | 3883 fa00 | 0f85 1508 | 0000 488b | bc24 e801 | 0000 4c8b | d744 8950 
  0x00007e003f0363f8: 0c48 8bd0 | 4833 d748 | c1ea 1448 | 83fa 000f | 8512 0800 | 0044 8b84 | 2498 0100 | 0048 8bbc 
  0x00007e003f036418: 2480 0100 | 0048 8bb4 | 2438 0100 | 008b 5e20 | 4889 9c24 | 5002 0000 | 8b4e 1048 | 898c 2458 
  0x00007e003f036438: 0200 0044 | 3b47 0c0f | 83f2 0700 | 0049 63d0 | 448b 4c97 | 1041 83f9 | 000f 8527 

  0x00007e003f036454: ;   {oop(a 'com/android/tools/r8/graph/G2'{0x00000000e70577a0})}
  0x00007e003f036454: 0000 0048 | baa0 7705 | e700 0000 | 0048 8984 | 2460 0200 | 0048 8b84 | 2420 0200 | 0044 8984 
  0x00007e003f036474: 2498 0100 | 00e9 be00 | 0000 4489 | 8c24 4802 | 0000 4889 | 8424 6002 | 0000 4489 | 8424 9801 
  0x00007e003f036494: ;   {oop(a 'java/lang/Class'{0x00000000e6e6b910} = 'com/android/tools/r8/dex/C$$Lambda$1761+0x00007e000cc85288')}
  0x00007e003f036494: 0000 48ba | 10b9 e6e6 | 0000 0000 

  0x00007e003f0364a0: ;   {oop(a 'jdk/internal/misc/Unsafe'{0x00000000e08bc680})}
  0x00007e003f0364a0: 48be 80c6 | 8be0 0000 | 0000 0f1f 

  0x00007e003f0364ac: ;   {optimized virtual_call}
  0x00007e003f0364ac: 4400 00e8 

  0x00007e003f0364b0: ; ImmutableOopMap {[328]=Oop [376]=Oop [392]=Oop [320]=Oop [368]=Oop [360]=Oop [344]=Oop [440]=Oop [424]=Oop [432]=Oop [416]=Oop [400]=Oop [352]=Oop [544]=Oop [576]=Oop [568]=Oop [560]=Oop [552]=Oop [312]=Oop [384]=Oop [608]=Oop [600]=Oop [592]=Oop }
                      ;*invokevirtual allocateInstance {reexecute=0 rethrow=0 return_oop=0}
                      ; - java.lang.invoke.DirectMethodHandle::allocateInstance@12 (line 520)
                      ; - java.lang.invoke.DirectMethodHandle$Holder::newInvokeSpecial@1
                      ; - java.lang.invoke.Invokers$Holder::linkToTargetMethod@5
                      ; - com.android.tools.r8.dex.C::h@11 (line 3)
                      ; - com.android.tools.r8.dex.C::a@704 (line 398)
  0x00007e003f0364b0: 2c3a cf05 | 410f be57 | 3883 fa00 | 0f85 8307 | 0000 488b | b424 3801 | 0000 4c8b | d644 8950 
  0x00007e003f0364d0: 0c48 8bd0 | 4833 d648 | c1ea 1448 | 83fa 000f | 8580 0700 | 008b 9424 | 4802 0000 | 488b c848 
  0x00007e003f0364f0: 8bfe 488b 

  0x00007e003f0364f4: ;   {optimized virtual_call}
  0x00007e003f0364f4: f766 90e8 

  0x00007e003f0364f8: ; ImmutableOopMap {[328]=Oop [376]=Oop [392]=Oop [320]=Oop [368]=Oop [360]=Oop [344]=Oop [440]=Oop [424]=Oop [432]=Oop [416]=Oop [400]=Oop [352]=Oop [544]=Oop [576]=Oop [568]=Oop [560]=Oop [552]=Oop [384]=Oop [608]=Oop [600]=Oop [592]=Oop [312]=Oop }
                      ;*invokevirtual a {reexecute=0 rethrow=0 return_oop=0}
                      ; - com.android.tools.r8.dex.C::h@16 (line 3)
                      ; - com.android.tools.r8.dex.C::a@704 (line 398)
  0x00007e003f0364f8: e473 2d06 | 4883 f800 | 0f84 2800 

  0x00007e003f036504: ;   {metadata('com/android/tools/r8/graph/G2')}
  0x00007e003f036504: 0000 48be | 40fa c10c | 007e 0000 | 8b78 0849 | ba00 0000 | 0b00 7e00 | 0049 03fa | 483b f70f 
  0x00007e003f036524: 8554 0700 | 00e9 0000 | 0000 488b | f048 8bd6 | 488b 8424 | 2002 0000 | 8b78 2048 | 89bc 2470 
  0x00007e003f036544: 0200 008b | 5824 8b48 | 2844 8b40 | 2c44 8b48 | 108b 7014 | 4883 fe00 | 0f85 0a00 

  0x00007e003f036560: ;   {oop(a 'java/util/Collections$EmptyList'{0x00000000e0872c28})}
  0x00007e003f036560: 0000 48be | 282c 87e0 | 0000 0000 | 4889 b424 | 6802 0000 | 4c89 8c24 | 9802 0000 | 4c89 8424 
  0x00007e003f036580: 9002 0000 | 4889 8c24 | 8802 0000 | 4889 9c24 | 8002 0000 | 4889 9424 | 7802 0000 | 8b78 1c48 
  0x00007e003f0365a0: 8bf0 4889 | bc24 a002 | 0000 0f1f 

  0x00007e003f0365ac: ;   {optimized virtual_call}
  0x00007e003f0365ac: 4400 00e8 

  0x00007e003f0365b0: ; ImmutableOopMap {[328]=Oop [376]=Oop [392]=Oop [320]=Oop [368]=Oop [360]=Oop [344]=Oop [440]=Oop [424]=Oop [432]=Oop [400]=Oop [352]=Oop [384]=Oop [616]=Oop [608]=Oop [576]=Oop [568]=Oop [560]=Oop [552]=Oop [312]=Oop [672]=Oop [664]=Oop [656]=Oop [648]=Oop [640]=Oop [624]=Oop [416]=Oop [632]=Oop [600]=Oop [592]=Oop }
                      ;*invokevirtual a {reexecute=0 rethrow=0 return_oop=0}
                      ; - com.android.tools.r8.dex.C::a@744 (line 407)
  0x00007e003f0365b0: 6c7d 63ff | 488b b424 | 3801 0000 | 8b56 380f | be52 0c48 | 8bda 83e3 | 014c 8b9c | 2450 0200 
  0x00007e003f0365d0: 0049 3b03 

  0x00007e003f0365d4: ;   {oop(a 'com/android/tools/r8/ProgramResource$Kind'{0x00000000e7057be8})}
  0x00007e003f0365d4: 48b9 e87b | 05e7 0000 | 0000 488b | 9424 a801 | 0000 4c8b | 8424 5802 | 0000 4c8b | 8c24 b001 
  0x00007e003f0365f4: 0000 488b | bc24 b801 | 0000 4c8b | ac24 7802 | 0000 4c89 | 2c24 4c8b | ac24 a001 | 0000 4c89 
  0x00007e003f036614: 6c24 084c | 8bac 2470 | 0200 004c | 896c 2410 | 4c8b ac24 | 8002 0000 | 4c89 6c24 | 184c 8bac 
  0x00007e003f036634: 2488 0200 | 004c 896c | 2420 4c8b | ac24 9002 | 0000 4c89 | 6c24 284c | 8bac 2498 | 0200 004c 
  0x00007e003f036654: 896c 2430 | 4c8b ac24 | 6802 0000 | 4c89 6c24 | 384c 8bac | 24a0 0200 | 004c 896c | 2440 4889 
  0x00007e003f036674: 4424 484c | 8bac 2428 | 0200 004c | 896c 2450 | 488b 8424 | 3002 0000 | 4889 4424 | 5848 8b84 
  0x00007e003f036694: 2438 0200 | 0048 8944 | 2460 488b | 8424 4002 | 0000 4889 | 4424 6889 | 5c24 7048 | 8b84 2460 
  0x00007e003f0366b4: 0200 0048 | 8944 2478 

  0x00007e003f0366bc: ;   {optimized virtual_call}
  0x00007e003f0366bc: 498b f3e8 

  0x00007e003f0366c0: ; ImmutableOopMap {[328]=Oop [376]=Oop [392]=Oop [320]=Oop [368]=Oop [360]=Oop [344]=Oop [400]=Oop [352]=Oop [384]=Oop [312]=Oop }
                      ;*invokevirtual a {reexecute=0 rethrow=0 return_oop=0}
                      ; - com.android.tools.r8.dex.C::a@798 (line 413)
  0x00007e003f0366c0: 1ca7 60ff | 488b d048 | 8bb4 2448 | 0100 0066 | 0f1f 4400 | 0048 b800 | 48c8 0c00 

  0x00007e003f0366dc: ;   {virtual_call}
  0x00007e003f0366dc: 7e00 00e8 

  0x00007e003f0366e0: ; ImmutableOopMap {[328]=Oop [376]=Oop [392]=Oop [320]=Oop [368]=Oop [360]=Oop [344]=Oop [400]=Oop [352]=Oop [384]=Oop [312]=Oop }
                      ;*invokeinterface accept {reexecute=0 rethrow=0 return_oop=0}
                      ; - com.android.tools.r8.dex.C::a@801 (line 436)
  0x00007e003f0366e0: 5c76 63ff | 448b 8424 | 9801 0000 | 41ff c048 | ba68 74be | 98fe 7d00 | 008b 720c | 83c6 0289 
  0x00007e003f036700: 720c 81e6 | fe7f 0000 | 83fe 000f | 847f 0500 | 004d 8b97 

  0x00007e003f036714: ; ImmutableOopMap {[328]=Oop [376]=Oop [392]=Oop [320]=Oop [368]=Oop [360]=Oop [344]=Oop [400]=Oop [352]=Oop [384]=Oop [312]=Oop }
                      ;*goto {reexecute=1 rethrow=0 return_oop=0}
                      ; - (reexecute) com.android.tools.r8.dex.C::a@809 (line 436)
  0x00007e003f036714: 4803 0000 

  0x00007e003f036718: ;   {poll}
  0x00007e003f036718: 4185 02e9 | a8f4 ffff | 4881 c4d0 | 0200 005d 

  0x00007e003f036728: ;   {poll_return}
  0x00007e003f036728: 493b a740 | 0300 000f | 877c 0500 | 00c3 4881 | c4d0 0200 

  0x00007e003f03673c: ;   {poll_return}
  0x00007e003f03673c: 005d 493b | a740 0300 | 000f 877c | 0500 00c3 | 4c8b 9c24 | a801 0000 | 0f1f 4000 

  0x00007e003f036758: ;   {no_reloc}
  0x00007e003f036758: e98f 0500 | 0000 0000 | 0000 80ba | 3b01 0000 | 040f 858c | 0500 0049 | 8b87 0801 | 0000 488d 
  0x00007e003f036778: 7830 493b | bf18 0100 | 000f 8774 | 0500 0049 | 89bf 0801 | 0000 48c7 | 0001 0000 | 0048 8bca 
  0x00007e003f036798: 49ba 0000 | 000b 007e | 0000 492b | ca89 4808 | 4833 c989 | 480c 4833 | c948 8948 | 1048 8948 
  0x00007e003f0367b8: 1848 8948 | 2048 8948 | 2849 3b03 | 498b f348 | 8984 24a8 

  0x00007e003f0367cc: ;   {optimized virtual_call}
  0x00007e003f0367cc: 0200 00e8 

  0x00007e003f0367d0: ; ImmutableOopMap {[432]=Oop [680]=Oop [312]=Oop }
                      ;*invokevirtual n0 {reexecute=0 rethrow=0 return_oop=0}
                      ; - com.android.tools.r8.dex.C::a@818 (line 438)
  0x00007e003f0367d0: ac18 7505 | 0f1f 4000 

  0x00007e003f0367d8: ;   {no_reloc}
  0x00007e003f0367d8: e93f 0500 | 0090 9090 | 9090 488b | f048 8b94 | 24b0 0100 

  0x00007e003f0367ec: ;   {static_call}
  0x00007e003f0367ec: 0066 90e8 

  0x00007e003f0367f0: ; ImmutableOopMap {[680]=Oop [312]=Oop }
                      ;*invokedynamic {reexecute=0 rethrow=0 return_oop=0}
                      ; - com.android.tools.r8.dex.C::a@823 (line 438)
  0x00007e003f0367f0: 8c1e 7505 | 488b b424 | 3801 0000 | 8b4e 1048 | 8bd0 488b | b424 a802 | 0000 0f1f 

  0x00007e003f03680c: ;   {optimized virtual_call}
  0x00007e003f03680c: 4400 00e8 

  0x00007e003f036810: ; ImmutableOopMap {[680]=Oop }
                      ;*invokespecial <init> {reexecute=0 rethrow=0 return_oop=0}
                      ; - com.android.tools.r8.dex.C::a@832 (line 438)
  0x00007e003f036810: 6c18 7505 | 488b 8424 | a802 0000 | e95e 0500 | 0049 8b87 | d003 0000 | 4d33 d24d | 8997 d003 
  0x00007e003f036830: 0000 4d33 | d24d 8997 | d803 0000 | 0f1f 4000 

  0x00007e003f036840: ;   {no_reloc}
  0x00007e003f036840: e9f0 0400 | 0000 0000 | 0000 4889 | 8424 b002 | 0000 498b | 8708 0100 | 0048 8d78 | 2849 3bbf 
  0x00007e003f036860: 1801 0000 | 0f87 d504 | 0000 4989 | bf08 0100 | 0048 c700 | 0100 0000 | 488b ca49 | ba00 0000 
  0x00007e003f036880: 0b00 7e00 | 0049 2bca | 8948 0848 | 33c9 8948 | 0c48 33c9 | 4889 4810 | 4889 4818 | 4889 4820 
  0x00007e003f0368a0: ;   {oop("Bad format"{0x00000000e6195cd0})}
  0x00007e003f0368a0: 48ba d05c | 19e6 0000 | 0000 488b | 8c24 b002 | 0000 488b | f048 8984 | 24b8 0200 

  0x00007e003f0368bc: ;   {optimized virtual_call}
  0x00007e003f0368bc: 0066 90e8 

  0x00007e003f0368c0: ; ImmutableOopMap {[440]=Oop [432]=Oop [320]=Oop [392]=Oop [376]=Oop [328]=Oop [384]=Oop [368]=Oop [360]=Oop [344]=Oop [312]=Oop [696]=Oop [400]=Oop [352]=Oop [448]=Oop [416]=Oop [424]=Oop }
                      ;*invokespecial <init> {reexecute=0 rethrow=0 return_oop=0}
                      ; - com.android.tools.r8.graph.D2::toString@13 (line 3)
                      ; - com.android.tools.r8.graph.E2::Z0@4 (line 1)
                      ; - com.android.tools.r8.dex.C::a@337 (line 345)
  0x00007e003f0368c0: bc17 7505 | 488b 8424 | b802 0000 | e9ae 0400 

  0x00007e003f0368d0: ;   {metadata({method} {0x00007dfe98b1a1e8} 'a' '(Ljava/util/function/Consumer;Lcom/android/tools/r8/graph/z;)V' in 'com/android/tools/r8/dex/C')}
  0x00007e003f0368d0: 0049 bae8 | a1b1 98fe | 7d00 004c | 8954 2408 | 48c7 0424 | ffff ffff 

  0x00007e003f0368e8: ;   {runtime_call counter_overflow Runtime1 stub}
  0x00007e003f0368e8: e893 8c7f 

  0x00007e003f0368ec: ; ImmutableOopMap {rsi=Oop [312]=Oop rdx=Oop [328]=Oop rcx=Oop [320]=Oop }
                      ;*synchronization entry
                      ; - com.android.tools.r8.dex.C::a@-1
  0x00007e003f0368ec: 05e9 d7e9 

  0x00007e003f0368f0: ;   {runtime_call throw_null_pointer_exception Runtime1 stub}
  0x00007e003f0368f0: ffff e8a9 

  0x00007e003f0368f4: ; ImmutableOopMap {[312]=Oop [328]=Oop [320]=Oop r8=Oop }
                      ;*getfield b {reexecute=1 rethrow=0 return_oop=0}
                      ; - (reexecute) com.android.tools.r8.dex.C::a@8 (line 295)
                      ;   {runtime_call new_object_array Runtime1 stub}
  0x00007e003f0368f4: 357f 05e8 

  0x00007e003f0368f8: ; ImmutableOopMap {[328]=Oop [320]=Oop r8=Oop r11=Oop r13=Oop [312]=Oop }
                      ;*anewarray {reexecute=0 rethrow=0 return_oop=0}
                      ; - com.android.tools.r8.graph.r5::f@26 (line 2)
                      ; - com.android.tools.r8.dex.C::a@20 (line 296)
  0x00007e003f0368f8: 844a 7f05 | e98e eaff | ff41 8b53 | 0c48 83fa | 000f 848e | eaff ff48 

  0x00007e003f036910: ;   {runtime_call g1_pre_barrier_slow}
  0x00007e003f036910: 8914 24e8 | 6892 7f05 | e980 eaff 

  0x00007e003f03691c: ;   {runtime_call throw_null_pointer_exception Runtime1 stub}
  0x00007e003f03691c: ffe8 7e35 

  0x00007e003f036920: ; ImmutableOopMap {[328]=Oop [320]=Oop r8=Oop r11=Oop r13=Oop [312]=Oop rax=Oop }
                      ;*invokevirtual f {reexecute=0 rethrow=0 return_oop=0}
                      ; - com.android.tools.r8.dex.C::a@20 (line 296)
  0x00007e003f036920: 7f05 4883 | f800 0f84 | 8cea ffff | 4c89 1c24 

  0x00007e003f036930: ;   {runtime_call g1_post_barrier_slow}
  0x00007e003f036930: e84b 957f | 05e9 7eea 

  0x00007e003f036938: ;   {runtime_call throw_null_pointer_exception Runtime1 stub}
  0x00007e003f036938: ffff e861 

  0x00007e003f03693c: ; ImmutableOopMap {[328]=Oop [320]=Oop r13=Oop [312]=Oop }
                      ;*invokevirtual b {reexecute=0 rethrow=0 return_oop=0}
                      ; - com.android.tools.r8.dex.C::a@41 (line 300)
                      ;   {runtime_call throw_null_pointer_exception Runtime1 stub}
  0x00007e003f03693c: 357f 05e8 

  0x00007e003f036940: ; ImmutableOopMap {[328]=Oop [320]=Oop r13=Oop [312]=Oop }
                      ;*invokevirtual c {reexecute=0 rethrow=0 return_oop=0}
                      ; - com.android.tools.r8.dex.m::b@5 (line 1)
                      ; - com.android.tools.r8.dex.C::a@41 (line 300)
  0x00007e003f036940: 5c35 7f05 

  0x00007e003f036944: ;   {runtime_call new_type_array Runtime1 stub}
  0x00007e003f036944: e837 477f 

  0x00007e003f036948: ; ImmutableOopMap {[328]=Oop [320]=Oop [312]=Oop }
                      ;*newarray {reexecute=0 rethrow=0 return_oop=0}
                      ; - com.android.tools.r8.dex.C::a@44 (line 302)
  0x00007e003f036948: 05e9 37eb 

  0x00007e003f03694c: ;   {runtime_call new_type_array Runtime1 stub}
  0x00007e003f03694c: ffff e82d 

  0x00007e003f036950: ; ImmutableOopMap {[328]=Oop [320]=Oop [312]=Oop [360]=Oop }
                      ;*newarray {reexecute=0 rethrow=0 return_oop=0}
                      ; - com.android.tools.r8.dex.C::a@47 (line 303)
  0x00007e003f036950: 477f 05e9 | ceeb ffff 

  0x00007e003f036958: ;   {runtime_call new_type_array Runtime1 stub}
  0x00007e003f036958: e823 477f 

  0x00007e003f03695c: ; ImmutableOopMap {[328]=Oop [320]=Oop [312]=Oop [360]=Oop [368]=Oop }
                      ;*newarray {reexecute=0 rethrow=0 return_oop=0}
                      ; - com.android.tools.r8.dex.C::a@51 (line 304)
  0x00007e003f03695c: 05e9 65ec 

  0x00007e003f036960: ;   {runtime_call new_type_array Runtime1 stub}
  0x00007e003f036960: ffff e819 

  0x00007e003f036964: ; ImmutableOopMap {[328]=Oop [320]=Oop [312]=Oop [360]=Oop [368]=Oop [376]=Oop }
                      ;*newarray {reexecute=0 rethrow=0 return_oop=0}
                      ; - com.android.tools.r8.dex.C::a@55 (line 305)
  0x00007e003f036964: 477f 05e9 | fcec ffff 

  0x00007e003f03696c: ;   {runtime_call new_type_array Runtime1 stub}
  0x00007e003f03696c: e80f 477f 

  0x00007e003f036970: ; ImmutableOopMap {[328]=Oop [320]=Oop [312]=Oop [360]=Oop [368]=Oop [376]=Oop [384]=Oop }
                      ;*newarray {reexecute=0 rethrow=0 return_oop=0}
                      ; - com.android.tools.r8.dex.C::a@59 (line 306)
  0x00007e003f036970: 05e9 93ed 

  0x00007e003f036974: ;   {runtime_call new_type_array Runtime1 stub}
  0x00007e003f036974: ffff e805 

  0x00007e003f036978: ; ImmutableOopMap {[328]=Oop [320]=Oop [312]=Oop [360]=Oop [368]=Oop [376]=Oop [384]=Oop [392]=Oop }
                      ;*newarray {reexecute=0 rethrow=0 return_oop=0}
                      ; - com.android.tools.r8.dex.C::a@63 (line 307)
  0x00007e003f036978: 477f 05e9 | 2aee ffff 

  0x00007e003f036980: ;   {runtime_call new_type_array Runtime1 stub}
  0x00007e003f036980: e8fb 467f 

  0x00007e003f036984: ; ImmutableOopMap {[328]=Oop [320]=Oop [312]=Oop [360]=Oop [368]=Oop [376]=Oop [384]=Oop [392]=Oop [344]=Oop }
                      ;*newarray {reexecute=0 rethrow=0 return_oop=0}
                      ; - com.android.tools.r8.dex.C::a@67 (line 308)
  0x00007e003f036984: 05e9 c1ee 

  0x00007e003f036988: ;   {runtime_call new_type_array Runtime1 stub}
  0x00007e003f036988: ffff e8f1 

  0x00007e003f03698c: ; ImmutableOopMap {[328]=Oop [320]=Oop [312]=Oop [360]=Oop [368]=Oop [376]=Oop [384]=Oop [392]=Oop [344]=Oop [352]=Oop }
                      ;*newarray {reexecute=0 rethrow=0 return_oop=0}
                      ; - com.android.tools.r8.dex.C::a@71 (line 309)
  0x00007e003f03698c: 467f 05e9 | 58ef ffff 

  0x00007e003f036994: ;   {runtime_call throw_null_pointer_exception Runtime1 stub}
  0x00007e003f036994: e807 357f 

  0x00007e003f036998: ; ImmutableOopMap {[328]=Oop [320]=Oop rsi=Oop [312]=Oop [400]=Oop [352]=Oop [344]=Oop [392]=Oop [384]=Oop [376]=Oop [368]=Oop [360]=Oop }
                      ;*invokevirtual e {reexecute=0 rethrow=0 return_oop=0}
                      ; - com.android.tools.r8.dex.C::a@120 (line 312)
                      ;   {runtime_call throw_null_pointer_exception Runtime1 stub}
  0x00007e003f036998: 05e8 0235 

  0x00007e003f03699c: ; ImmutableOopMap {[328]=Oop [320]=Oop rsi=Oop [312]=Oop [400]=Oop [352]=Oop [344]=Oop [392]=Oop [384]=Oop [376]=Oop [368]=Oop [360]=Oop }
                      ;*invokevirtual f {reexecute=0 rethrow=0 return_oop=0}
                      ; - com.android.tools.r8.dex.m::e@4 (line 1)
                      ; - com.android.tools.r8.dex.C::a@120 (line 312)
  0x00007e003f03699c: 7f05 4889 | 1c24 4889 

  0x00007e003f0369a4: ;   {runtime_call throw_range_check_failed Runtime1 stub}
  0x00007e003f0369a4: 7c24 08e8 

  0x00007e003f0369a8: ; ImmutableOopMap {[328]=Oop [320]=Oop [312]=Oop [400]=Oop [352]=Oop [344]=Oop [392]=Oop [384]=Oop [376]=Oop [368]=Oop rdi=Oop [360]=Oop }
                      ;*iastore {reexecute=0 rethrow=0 return_oop=0}
                      ; - com.android.tools.r8.dex.C::a@123 (line 312)
  0x00007e003f0369a8: f425 7f05 

  0x00007e003f0369ac: ;   {runtime_call throw_null_pointer_exception Runtime1 stub}
  0x00007e003f0369ac: e8ef 347f 

  0x00007e003f0369b0: ; ImmutableOopMap {[328]=Oop [320]=Oop [400]=Oop [352]=Oop [344]=Oop [392]=Oop [384]=Oop [376]=Oop [368]=Oop rdi=Oop [360]=Oop rsi=Oop [312]=Oop }
                      ;*invokevirtual e {reexecute=0 rethrow=0 return_oop=0}
                      ; - com.android.tools.r8.dex.C::a@128 (line 313)
                      ;   {runtime_call throw_null_pointer_exception Runtime1 stub}
  0x00007e003f0369b0: 05e8 ea34 

  0x00007e003f0369b4: ; ImmutableOopMap {[328]=Oop [320]=Oop [400]=Oop [352]=Oop [344]=Oop [392]=Oop [384]=Oop [376]=Oop [368]=Oop rdi=Oop [360]=Oop rsi=Oop [312]=Oop }
                      ;*invokevirtual f {reexecute=0 rethrow=0 return_oop=0}
                      ; - com.android.tools.r8.dex.m::e@4 (line 1)
                      ; - com.android.tools.r8.dex.C::a@128 (line 313)
  0x00007e003f0369b4: 7f05 4889 | 3c24 4889 

  0x00007e003f0369bc: ;   {runtime_call throw_range_check_failed Runtime1 stub}
  0x00007e003f0369bc: 5c24 08e8 

  0x00007e003f0369c0: ; ImmutableOopMap {[328]=Oop [320]=Oop [400]=Oop [352]=Oop [344]=Oop [392]=Oop [384]=Oop [376]=Oop [312]=Oop [360]=Oop rbx=Oop [368]=Oop }
                      ;*iastore {reexecute=0 rethrow=0 return_oop=0}
                      ; - com.android.tools.r8.dex.C::a@131 (line 313)
  0x00007e003f0369c0: dc25 7f05 

  0x00007e003f0369c4: ;   {runtime_call throw_null_pointer_exception Runtime1 stub}
  0x00007e003f0369c4: e8d7 347f 

  0x00007e003f0369c8: ; ImmutableOopMap {[328]=Oop [320]=Oop [400]=Oop [352]=Oop [344]=Oop [392]=Oop [384]=Oop [376]=Oop [360]=Oop rbx=Oop [368]=Oop rsi=Oop [312]=Oop }
                      ;*invokevirtual c {reexecute=0 rethrow=0 return_oop=0}
                      ; - com.android.tools.r8.dex.C::a@136 (line 314)
                      ;   {runtime_call throw_null_pointer_exception Runtime1 stub}
  0x00007e003f0369c8: 05e8 d234 

  0x00007e003f0369cc: ; ImmutableOopMap {[328]=Oop [320]=Oop [400]=Oop [352]=Oop [344]=Oop [392]=Oop [384]=Oop [376]=Oop [360]=Oop rbx=Oop [368]=Oop rsi=Oop [312]=Oop }
                      ;*invokevirtual f {reexecute=0 rethrow=0 return_oop=0}
                      ; - com.android.tools.r8.dex.m::c@4 (line 1)
                      ; - com.android.tools.r8.dex.C::a@136 (line 314)
  0x00007e003f0369cc: 7f05 4889 | 3c24 4889 

  0x00007e003f0369d4: ;   {runtime_call throw_range_check_failed Runtime1 stub}
  0x00007e003f0369d4: 5c24 08e8 

  0x00007e003f0369d8: ; ImmutableOopMap {[328]=Oop [320]=Oop [400]=Oop [352]=Oop [344]=Oop [392]=Oop [384]=Oop [360]=Oop [312]=Oop [368]=Oop rbx=Oop [376]=Oop }
                      ;*iastore {reexecute=0 rethrow=0 return_oop=0}
                      ; - com.android.tools.r8.dex.C::a@139 (line 314)
  0x00007e003f0369d8: c425 7f05 

  0x00007e003f0369dc: ;   {runtime_call throw_null_pointer_exception Runtime1 stub}
  0x00007e003f0369dc: e8bf 347f 

  0x00007e003f0369e0: ; ImmutableOopMap {[328]=Oop [320]=Oop [400]=Oop [352]=Oop [344]=Oop [392]=Oop [384]=Oop [360]=Oop [368]=Oop rbx=Oop [376]=Oop rsi=Oop [312]=Oop }
                      ;*invokevirtual e {reexecute=0 rethrow=0 return_oop=0}
                      ; - com.android.tools.r8.dex.C::a@144 (line 315)
                      ;   {runtime_call throw_null_pointer_exception Runtime1 stub}
  0x00007e003f0369e0: 05e8 ba34 

  0x00007e003f0369e4: ; ImmutableOopMap {[328]=Oop [320]=Oop [400]=Oop [352]=Oop [344]=Oop [392]=Oop [384]=Oop [360]=Oop [368]=Oop rbx=Oop [376]=Oop rsi=Oop [312]=Oop }
                      ;*invokevirtual f {reexecute=0 rethrow=0 return_oop=0}
                      ; - com.android.tools.r8.dex.m::e@4 (line 1)
                      ; - com.android.tools.r8.dex.C::a@144 (line 315)
  0x00007e003f0369e4: 7f05 4889 | 3c24 4889 

  0x00007e003f0369ec: ;   {runtime_call throw_range_check_failed Runtime1 stub}
  0x00007e003f0369ec: 5c24 08e8 

  0x00007e003f0369f0: ; ImmutableOopMap {[328]=Oop [320]=Oop [400]=Oop [352]=Oop [344]=Oop [392]=Oop [360]=Oop [368]=Oop [312]=Oop [376]=Oop rbx=Oop [384]=Oop }
                      ;*iastore {reexecute=0 rethrow=0 return_oop=0}
                      ; - com.android.tools.r8.dex.C::a@147 (line 315)
  0x00007e003f0369f0: ac25 7f05 

  0x00007e003f0369f4: ;   {runtime_call throw_null_pointer_exception Runtime1 stub}
  0x00007e003f0369f4: e8a7 347f 

  0x00007e003f0369f8: ; ImmutableOopMap {[328]=Oop [320]=Oop [400]=Oop [352]=Oop [344]=Oop [392]=Oop [360]=Oop [368]=Oop [376]=Oop rbx=Oop [384]=Oop rsi=Oop [312]=Oop }
                      ;*invokevirtual c {reexecute=0 rethrow=0 return_oop=0}
                      ; - com.android.tools.r8.dex.C::a@152 (line 316)
                      ;   {runtime_call throw_null_pointer_exception Runtime1 stub}
  0x00007e003f0369f8: 05e8 a234 

  0x00007e003f0369fc: ; ImmutableOopMap {[328]=Oop [320]=Oop [400]=Oop [352]=Oop [344]=Oop [392]=Oop [360]=Oop [368]=Oop [376]=Oop rbx=Oop [384]=Oop rsi=Oop [312]=Oop }
                      ;*invokevirtual f {reexecute=0 rethrow=0 return_oop=0}
                      ; - com.android.tools.r8.dex.m::c@4 (line 1)
                      ; - com.android.tools.r8.dex.C::a@152 (line 316)
  0x00007e003f0369fc: 7f05 4889 | 3c24 4889 

  0x00007e003f036a04: ;   {runtime_call throw_range_check_failed Runtime1 stub}
  0x00007e003f036a04: 5c24 08e8 

  0x00007e003f036a08: ; ImmutableOopMap {[328]=Oop [320]=Oop [400]=Oop [352]=Oop [344]=Oop [360]=Oop [368]=Oop [376]=Oop [312]=Oop [384]=Oop rbx=Oop [392]=Oop }
                      ;*iastore {reexecute=0 rethrow=0 return_oop=0}
                      ; - com.android.tools.r8.dex.C::a@155 (line 316)
  0x00007e003f036a08: 9425 7f05 

  0x00007e003f036a0c: ;   {runtime_call throw_null_pointer_exception Runtime1 stub}
  0x00007e003f036a0c: e88f 347f 

  0x00007e003f036a10: ; ImmutableOopMap {[328]=Oop [320]=Oop [400]=Oop [352]=Oop [344]=Oop [360]=Oop [368]=Oop [376]=Oop [384]=Oop rbx=Oop [392]=Oop rsi=Oop [312]=Oop }
                      ;*invokevirtual e {reexecute=0 rethrow=0 return_oop=0}
                      ; - com.android.tools.r8.dex.C::a@160 (line 317)
                      ;   {runtime_call throw_null_pointer_exception Runtime1 stub}
  0x00007e003f036a10: 05e8 8a34 

  0x00007e003f036a14: ; ImmutableOopMap {[328]=Oop [320]=Oop [400]=Oop [352]=Oop [344]=Oop [360]=Oop [368]=Oop [376]=Oop [384]=Oop rbx=Oop [392]=Oop rsi=Oop [312]=Oop }
                      ;*invokevirtual f {reexecute=0 rethrow=0 return_oop=0}
                      ; - com.android.tools.r8.dex.m::e@4 (line 1)
                      ; - com.android.tools.r8.dex.C::a@160 (line 317)
  0x00007e003f036a14: 7f05 4889 | 3c24 4889 

  0x00007e003f036a1c: ;   {runtime_call throw_range_check_failed Runtime1 stub}
  0x00007e003f036a1c: 5c24 08e8 

  0x00007e003f036a20: ; ImmutableOopMap {[328]=Oop [320]=Oop [400]=Oop [352]=Oop [360]=Oop [368]=Oop [376]=Oop [384]=Oop [312]=Oop [392]=Oop rbx=Oop [344]=Oop }
                      ;*iastore {reexecute=0 rethrow=0 return_oop=0}
                      ; - com.android.tools.r8.dex.C::a@163 (line 317)
  0x00007e003f036a20: 7c25 7f05 

  0x00007e003f036a24: ;   {runtime_call throw_null_pointer_exception Runtime1 stub}
  0x00007e003f036a24: e877 347f 

  0x00007e003f036a28: ; ImmutableOopMap {[328]=Oop [320]=Oop [400]=Oop [352]=Oop [360]=Oop [368]=Oop [376]=Oop [384]=Oop [392]=Oop rbx=Oop [344]=Oop rsi=Oop [312]=Oop }
                      ;*invokevirtual e {reexecute=0 rethrow=0 return_oop=0}
                      ; - com.android.tools.r8.dex.C::a@168 (line 318)
                      ;   {runtime_call throw_null_pointer_exception Runtime1 stub}
  0x00007e003f036a28: 05e8 7234 

  0x00007e003f036a2c: ; ImmutableOopMap {[328]=Oop [320]=Oop [400]=Oop [352]=Oop [360]=Oop [368]=Oop [376]=Oop [384]=Oop [392]=Oop rbx=Oop [344]=Oop rsi=Oop [312]=Oop }
                      ;*invokevirtual f {reexecute=0 rethrow=0 return_oop=0}
                      ; - com.android.tools.r8.dex.m::e@4 (line 1)
                      ; - com.android.tools.r8.dex.C::a@168 (line 318)
  0x00007e003f036a2c: 7f05 4889 | 3c24 4889 

  0x00007e003f036a34: ;   {runtime_call throw_range_check_failed Runtime1 stub}
  0x00007e003f036a34: 5c24 08e8 

  0x00007e003f036a38: ; ImmutableOopMap {[328]=Oop [320]=Oop [400]=Oop [360]=Oop [368]=Oop [376]=Oop [384]=Oop [392]=Oop [312]=Oop [344]=Oop rbx=Oop [352]=Oop }
                      ;*iastore {reexecute=0 rethrow=0 return_oop=0}
                      ; - com.android.tools.r8.dex.C::a@171 (line 318)
  0x00007e003f036a38: 6425 7f05 

  0x00007e003f036a3c: ;   {runtime_call throw_null_pointer_exception Runtime1 stub}
  0x00007e003f036a3c: e85f 347f 

  0x00007e003f036a40: ; ImmutableOopMap {[328]=Oop [320]=Oop [400]=Oop [360]=Oop [368]=Oop [376]=Oop [384]=Oop [392]=Oop [344]=Oop rbx=Oop [352]=Oop rsi=Oop [312]=Oop }
                      ;*invokevirtual e {reexecute=0 rethrow=0 return_oop=0}
                      ; - com.android.tools.r8.dex.C::a@176 (line 319)
                      ;   {runtime_call throw_null_pointer_exception Runtime1 stub}
  0x00007e003f036a40: 05e8 5a34 

  0x00007e003f036a44: ; ImmutableOopMap {[328]=Oop [320]=Oop [400]=Oop [360]=Oop [368]=Oop [376]=Oop [384]=Oop [392]=Oop [344]=Oop rbx=Oop [352]=Oop rsi=Oop [312]=Oop }
                      ;*invokevirtual f {reexecute=0 rethrow=0 return_oop=0}
                      ; - com.android.tools.r8.dex.m::e@4 (line 1)
                      ; - com.android.tools.r8.dex.C::a@176 (line 319)
  0x00007e003f036a44: 7f05 4889 | 3c24 4889 

  0x00007e003f036a4c: ;   {runtime_call throw_range_check_failed Runtime1 stub}
  0x00007e003f036a4c: 5c24 08e8 

  0x00007e003f036a50: ; ImmutableOopMap {[328]=Oop [320]=Oop [360]=Oop [368]=Oop [376]=Oop [384]=Oop [392]=Oop [344]=Oop [312]=Oop [352]=Oop rbx=Oop [400]=Oop }
                      ;*iastore {reexecute=0 rethrow=0 return_oop=0}
                      ; - com.android.tools.r8.dex.C::a@179 (line 319)
  0x00007e003f036a50: 4c25 7f05 

  0x00007e003f036a54: ;   {metadata({method} {0x00007dfe98b1a1e8} 'a' '(Ljava/util/function/Consumer;Lcom/android/tools/r8/graph/z;)V' in 'com/android/tools/r8/dex/C')}
  0x00007e003f036a54: 49ba e8a1 | b198 fe7d | 0000 4c89 | 5424 0848 | c704 24b7 

  0x00007e003f036a68: ;   {runtime_call counter_overflow Runtime1 stub}
  0x00007e003f036a68: 0000 00e8 

  0x00007e003f036a6c: ; ImmutableOopMap {[328]=Oop [320]=Oop [360]=Oop [368]=Oop [376]=Oop [384]=Oop [392]=Oop [344]=Oop [312]=Oop [352]=Oop rbx=Oop [400]=Oop }
                      ;*goto {reexecute=1 rethrow=0 return_oop=0}
                      ; - (reexecute) com.android.tools.r8.dex.C::a@183 (line 319)
  0x00007e003f036a6c: 108b 7f05 | e922 f1ff | ff4c 8904 | 2448 8944 

  0x00007e003f036a7c: ;   {runtime_call throw_range_check_failed Runtime1 stub}
  0x00007e003f036a7c: 2408 e81d 

  0x00007e003f036a80: ; ImmutableOopMap {[400]=Oop [352]=Oop rsi=Oop [312]=Oop [344]=Oop rbx=Oop [392]=Oop [384]=Oop rax=Oop [376]=Oop [368]=Oop [360]=Oop [328]=Oop [320]=Oop }
                      ;*iaload {reexecute=0 rethrow=0 return_oop=0}
                      ; - com.android.tools.r8.dex.C::a@200 (line 323)
                      ;   {runtime_call throw_null_pointer_exception Runtime1 stub}
  0x00007e003f036a80: 257f 05e8 

  0x00007e003f036a84: ; ImmutableOopMap {[400]=Oop [352]=Oop rsi=Oop [312]=Oop [344]=Oop rbx=Oop [392]=Oop [384]=Oop rax=Oop [376]=Oop [368]=Oop [360]=Oop [328]=Oop [320]=Oop }
                      ;*invokevirtual e {reexecute=0 rethrow=0 return_oop=0}
                      ; - com.android.tools.r8.dex.C::a@220 (line 324)
  0x00007e003f036a84: 1834 7f05 

  0x00007e003f036a88: ;   {runtime_call throw_null_pointer_exception Runtime1 stub}
  0x00007e003f036a88: e813 347f 

  0x00007e003f036a8c: ; ImmutableOopMap {[400]=Oop [352]=Oop rsi=Oop [312]=Oop [344]=Oop rbx=Oop [392]=Oop [384]=Oop rax=Oop [376]=Oop [368]=Oop [360]=Oop [328]=Oop [320]=Oop r11=Oop }
                      ;*aaload {reexecute=0 rethrow=0 return_oop=0}
                      ; - com.android.tools.r8.graph.r5::e@31 (line 4)
                      ; - com.android.tools.r8.dex.C::a@220 (line 324)
                      ;   {runtime_call throw_null_pointer_exception Runtime1 stub}
  0x00007e003f036a8c: 05e8 0e34 

  0x00007e003f036a90: ; ImmutableOopMap {[400]=Oop [352]=Oop rsi=Oop [312]=Oop [344]=Oop rbx=Oop [392]=Oop [384]=Oop rax=Oop [376]=Oop [368]=Oop [360]=Oop [328]=Oop [320]=Oop r11=Oop }
                      ;*aaload {reexecute=0 rethrow=0 return_oop=0}
                      ; - com.android.tools.r8.graph.r5::e@31 (line 4)
                      ; - com.android.tools.r8.dex.C::a@220 (line 324)
  0x00007e003f036a90: 7f05 4c89 | 2c24 4c89 

  0x00007e003f036a98: ;   {runtime_call throw_range_check_failed Runtime1 stub}
  0x00007e003f036a98: 5c24 08e8 

  0x00007e003f036a9c: ; ImmutableOopMap {[400]=Oop [352]=Oop rsi=Oop [312]=Oop [344]=Oop rbx=Oop [392]=Oop [384]=Oop rax=Oop [376]=Oop [368]=Oop [360]=Oop [328]=Oop [320]=Oop r11=Oop }
                      ;*aaload {reexecute=0 rethrow=0 return_oop=0}
                      ; - com.android.tools.r8.graph.r5::e@31 (line 4)
                      ; - com.android.tools.r8.dex.C::a@220 (line 324)
  0x00007e003f036a9c: 0025 7f05 | 4c89 0424 | 4889 5c24 

  0x00007e003f036aa8: ;   {runtime_call throw_range_check_failed Runtime1 stub}
  0x00007e003f036aa8: 08e8 f224 

  0x00007e003f036aac: ; ImmutableOopMap {[400]=Oop [352]=Oop rsi=Oop [312]=Oop [344]=Oop rbx=Oop [392]=Oop [384]=Oop rax=Oop [376]=Oop [368]=Oop [360]=Oop [328]=Oop [320]=Oop r13=Oop }
                      ;*iaload {reexecute=0 rethrow=0 return_oop=0}
                      ; - com.android.tools.r8.dex.C::a@229 (line 325)
                      ;   {runtime_call throw_null_pointer_exception Runtime1 stub}
  0x00007e003f036aac: 7f05 e8ed 

  0x00007e003f036ab0: ; ImmutableOopMap {[400]=Oop [352]=Oop rsi=Oop [312]=Oop [344]=Oop rbx=Oop [392]=Oop [384]=Oop rax=Oop [376]=Oop [368]=Oop [360]=Oop [328]=Oop [320]=Oop r13=Oop }
                      ;*invokevirtual d {reexecute=0 rethrow=0 return_oop=0}
                      ; - com.android.tools.r8.dex.C::a@249 (line 326)
                      ;   {runtime_call throw_null_pointer_exception Runtime1 stub}
  0x00007e003f036ab0: 337f 05e8 

  0x00007e003f036ab4: ; ImmutableOopMap {[400]=Oop [352]=Oop rsi=Oop [312]=Oop [344]=Oop rbx=Oop [392]=Oop [384]=Oop rax=Oop [376]=Oop [368]=Oop [360]=Oop [328]=Oop [320]=Oop r13=Oop r8=Oop }
                      ;*aaload {reexecute=0 rethrow=0 return_oop=0}
                      ; - com.android.tools.r8.graph.r5::d@31 (line 4)
                      ; - com.android.tools.r8.dex.C::a@249 (line 326)
  0x00007e003f036ab4: e833 7f05 

  0x00007e003f036ab8: ;   {runtime_call throw_null_pointer_exception Runtime1 stub}
  0x00007e003f036ab8: e8e3 337f 

  0x00007e003f036abc: ; ImmutableOopMap {[400]=Oop [352]=Oop rsi=Oop [312]=Oop [344]=Oop rbx=Oop [392]=Oop [384]=Oop rax=Oop [376]=Oop [368]=Oop [360]=Oop [328]=Oop [320]=Oop r13=Oop r8=Oop }
                      ;*aaload {reexecute=0 rethrow=0 return_oop=0}
                      ; - com.android.tools.r8.graph.r5::d@31 (line 4)
                      ; - com.android.tools.r8.dex.C::a@249 (line 326)
  0x00007e003f036abc: 054c 891c | 244c 8944 

  0x00007e003f036ac4: ;   {runtime_call throw_range_check_failed Runtime1 stub}
  0x00007e003f036ac4: 2408 e8d5 

  0x00007e003f036ac8: ; ImmutableOopMap {[400]=Oop [352]=Oop rsi=Oop [312]=Oop [344]=Oop rbx=Oop [392]=Oop [384]=Oop rax=Oop [376]=Oop [368]=Oop [360]=Oop [328]=Oop [320]=Oop r13=Oop r8=Oop }
                      ;*aaload {reexecute=0 rethrow=0 return_oop=0}
                      ; - com.android.tools.r8.graph.r5::d@31 (line 4)
                      ; - com.android.tools.r8.dex.C::a@249 (line 326)
  0x00007e003f036ac8: 247f 054c | 8904 2448 | 895c 2408 

  0x00007e003f036ad4: ;   {runtime_call throw_range_check_failed Runtime1 stub}
  0x00007e003f036ad4: e8c7 247f 

  0x00007e003f036ad8: ; ImmutableOopMap {rsi=Oop [312]=Oop [384]=Oop [328]=Oop [416]=Oop rbx=Oop [360]=Oop [440]=Oop r9=Oop [368]=Oop [400]=Oop [352]=Oop [320]=Oop [344]=Oop [392]=Oop [376]=Oop r11=Oop }
                      ;*iaload {reexecute=0 rethrow=0 return_oop=0}
                      ; - com.android.tools.r8.dex.C::a@265 (line 327)
                      ;   {runtime_call throw_null_pointer_exception Runtime1 stub}
  0x00007e003f036ad8: 05e8 c233 

  0x00007e003f036adc: ; ImmutableOopMap {rsi=Oop [312]=Oop [384]=Oop [328]=Oop [416]=Oop rbx=Oop [360]=Oop [440]=Oop r9=Oop [368]=Oop [400]=Oop [352]=Oop [320]=Oop [344]=Oop [392]=Oop [376]=Oop }
                      ;*invokevirtual e {reexecute=0 rethrow=0 return_oop=0}
                      ; - com.android.tools.r8.dex.C::a@266 (line 327)
                      ;   {runtime_call throw_null_pointer_exception Runtime1 stub}
  0x00007e003f036adc: 7f05 e8bd 

  0x00007e003f036ae0: ; ImmutableOopMap {rsi=Oop [312]=Oop [384]=Oop [328]=Oop [416]=Oop rbx=Oop [360]=Oop [440]=Oop r9=Oop [368]=Oop [400]=Oop [352]=Oop [320]=Oop [344]=Oop [392]=Oop [376]=Oop r11=Oop }
                      ;*aaload {reexecute=0 rethrow=0 return_oop=0}
                      ; - com.android.tools.r8.graph.r5::e@31 (line 4)
                      ; - com.android.tools.r8.dex.C::a@266 (line 327)
                      ;   {runtime_call throw_null_pointer_exception Runtime1 stub}
  0x00007e003f036ae0: 337f 05e8 

  0x00007e003f036ae4: ; ImmutableOopMap {rsi=Oop [312]=Oop [384]=Oop [328]=Oop [416]=Oop rbx=Oop [360]=Oop [440]=Oop r9=Oop [368]=Oop [400]=Oop [352]=Oop [320]=Oop [344]=Oop [392]=Oop [376]=Oop r11=Oop }
                      ;*aaload {reexecute=0 rethrow=0 return_oop=0}
                      ; - com.android.tools.r8.graph.r5::e@31 (line 4)
                      ; - com.android.tools.r8.dex.C::a@266 (line 327)
  0x00007e003f036ae4: b833 7f05 | 4c89 2c24 | 4c89 5c24 

  0x00007e003f036af0: ;   {runtime_call throw_range_check_failed Runtime1 stub}
  0x00007e003f036af0: 08e8 aa24 

  0x00007e003f036af4: ; ImmutableOopMap {rsi=Oop [312]=Oop [384]=Oop [328]=Oop [416]=Oop rbx=Oop [360]=Oop [440]=Oop r9=Oop [368]=Oop [400]=Oop [352]=Oop [320]=Oop [344]=Oop [392]=Oop [376]=Oop r11=Oop }
                      ;*aaload {reexecute=0 rethrow=0 return_oop=0}
                      ; - com.android.tools.r8.graph.r5::e@31 (line 4)
                      ; - com.android.tools.r8.dex.C::a@266 (line 327)
  0x00007e003f036af4: 7f05 4c89 | 0424 4c89 

  0x00007e003f036afc: ;   {runtime_call throw_range_check_failed Runtime1 stub}
  0x00007e003f036afc: 4c24 08e8 

  0x00007e003f036b00: ; ImmutableOopMap {rsi=Oop [312]=Oop [384]=Oop [328]=Oop [416]=Oop rbx=Oop [360]=Oop [440]=Oop r9=Oop [368]=Oop [400]=Oop [352]=Oop [320]=Oop [344]=Oop [392]=Oop [376]=Oop r11=Oop [424]=Oop }
                      ;*iaload {reexecute=0 rethrow=0 return_oop=0}
                      ; - com.android.tools.r8.dex.C::a@271 (line 328)
  0x00007e003f036b00: 9c24 7f05 

  0x00007e003f036b04: ;   {runtime_call fast_new_instance Runtime1 stub}
  0x00007e003f036b04: 488b d2e8 

  0x00007e003f036b08: ; ImmutableOopMap {[384]=Oop [328]=Oop rbx=Oop [360]=Oop [440]=Oop r9=Oop [368]=Oop [400]=Oop [352]=Oop [376]=Oop r11=Oop [424]=Oop [392]=Oop [416]=Oop [320]=Oop [344]=Oop [312]=Oop }
                      ;*new {reexecute=0 rethrow=0 return_oop=0}
                      ; - com.android.tools.r8.graph.N::g@0 (line 1)
                      ; - com.android.tools.r8.dex.C::a@272 (line 328)
  0x00007e003f036b08: 743f 7f05 | e946 f2ff | ff4c 8904 | 2448 8944 

  0x00007e003f036b18: ;   {runtime_call throw_range_check_failed Runtime1 stub}
  0x00007e003f036b18: 2408 e881 

  0x00007e003f036b1c: ; ImmutableOopMap {[384]=Oop [328]=Oop [376]=Oop [392]=Oop [416]=Oop [320]=Oop [432]=Oop [424]=Oop [440]=Oop [400]=Oop [352]=Oop [368]=Oop [360]=Oop rsi=Oop [312]=Oop rax=Oop [344]=Oop }
                      ;*iaload {reexecute=0 rethrow=0 return_oop=0}
                      ; - com.android.tools.r8.dex.C::a@302 (line 340)
                      ;   {runtime_call throw_null_pointer_exception Runtime1 stub}
  0x00007e003f036b1c: 247f 05e8 

  0x00007e003f036b20: ; ImmutableOopMap {[384]=Oop [328]=Oop [376]=Oop [392]=Oop [416]=Oop [320]=Oop [432]=Oop [424]=Oop [440]=Oop [400]=Oop [352]=Oop [368]=Oop [360]=Oop [344]=Oop rax=Oop [448]=Oop rsi=Oop [312]=Oop }
                      ;*invokevirtual isEmpty {reexecute=0 rethrow=0 return_oop=0}
                      ; - com.android.tools.r8.dex.C::a@325 (line 343)
  0x00007e003f036b20: 7c33 7f05 

  0x00007e003f036b24: ;   {runtime_call throw_null_pointer_exception Runtime1 stub}
  0x00007e003f036b24: e877 337f 

  0x00007e003f036b28: ; ImmutableOopMap {[384]=Oop [328]=Oop [376]=Oop [392]=Oop [416]=Oop [320]=Oop [432]=Oop [424]=Oop [440]=Oop [400]=Oop [352]=Oop [368]=Oop [360]=Oop [344]=Oop [312]=Oop [448]=Oop }
                      ;*invokevirtual Z0 {reexecute=0 rethrow=0 return_oop=0}
                      ; - com.android.tools.r8.dex.C::a@337 (line 345)
                      ;   {runtime_call throw_null_pointer_exception Runtime1 stub}
  0x00007e003f036b28: 05e8 7233 

  0x00007e003f036b2c: ; ImmutableOopMap {[384]=Oop [328]=Oop [376]=Oop [392]=Oop [416]=Oop [320]=Oop [432]=Oop [424]=Oop [440]=Oop [400]=Oop [352]=Oop [368]=Oop [360]=Oop [344]=Oop [312]=Oop [448]=Oop rsi=Oop }
                      ;*invokevirtual toString {reexecute=0 rethrow=0 return_oop=0}
                      ; - com.android.tools.r8.graph.E2::Z0@4 (line 1)
                      ; - com.android.tools.r8.dex.C::a@337 (line 345)
                      ;   {runtime_call throw_null_pointer_exception Runtime1 stub}
  0x00007e003f036b2c: 7f05 e86d 

  0x00007e003f036b30: ; ImmutableOopMap {[384]=Oop [328]=Oop [376]=Oop [392]=Oop [416]=Oop [320]=Oop [432]=Oop [424]=Oop [440]=Oop [400]=Oop [352]=Oop [368]=Oop [360]=Oop [344]=Oop [448]=Oop rax=Oop rsi=Oop [312]=Oop rdi=Oop }
                      ;*invokeinterface getOrDefault {reexecute=0 rethrow=0 return_oop=0}
                      ; - com.android.tools.r8.dex.C::a@349 (line 346)
  0x00007e003f036b30: 337f 0548 

  0x00007e003f036b34: ;   {runtime_call throw_class_cast_exception Runtime1 stub}
  0x00007e003f036b34: 8914 24e8 

  0x00007e003f036b38: ; ImmutableOopMap {[384]=Oop [328]=Oop [376]=Oop [392]=Oop [416]=Oop [320]=Oop [432]=Oop [424]=Oop [440]=Oop [400]=Oop [352]=Oop [368]=Oop [360]=Oop [344]=Oop [448]=Oop rsi=Oop [312]=Oop rax=Oop }
                      ;*checkcast {reexecute=0 rethrow=0 return_oop=0}
                      ; - com.android.tools.r8.dex.C::a@354 (line 346)
  0x00007e003f036b38: 645a 7f05 

  0x00007e003f036b3c: ;   {runtime_call throw_null_pointer_exception Runtime1 stub}
  0x00007e003f036b3c: e85f 337f 

  0x00007e003f036b40: ; ImmutableOopMap {[384]=Oop [328]=Oop [376]=Oop [392]=Oop [416]=Oop [320]=Oop [432]=Oop [424]=Oop [440]=Oop [400]=Oop [352]=Oop [368]=Oop [360]=Oop [344]=Oop [448]=Oop rsi=Oop [312]=Oop rax=Oop rdi=Oop }
                      ;*getfield K {reexecute=1 rethrow=0 return_oop=0}
                      ; - (reexecute) com.android.tools.r8.dex.C::a@363 (line 347)
  0x00007e003f036b40: 054c 8904 | 2448 8944 

  0x00007e003f036b48: ;   {runtime_call throw_range_check_failed Runtime1 stub}
  0x00007e003f036b48: 2408 e851 

  0x00007e003f036b4c: ; ImmutableOopMap {[384]=Oop [328]=Oop [376]=Oop [392]=Oop [320]=Oop [400]=Oop [368]=Oop [360]=Oop [344]=Oop [312]=Oop [448]=Oop [440]=Oop [424]=Oop [432]=Oop [416]=Oop rdi=Oop rax=Oop [352]=Oop }
                      ;*iaload {reexecute=0 rethrow=0 return_oop=0}
                      ; - com.android.tools.r8.dex.C::a@389 (line 351)
  0x00007e003f036b4c: 247f 054c | 8904 2448 | 8944 2408 

  0x00007e003f036b58: ;   {runtime_call throw_range_check_failed Runtime1 stub}
  0x00007e003f036b58: e843 247f 

  0x00007e003f036b5c: ; ImmutableOopMap {[384]=Oop [328]=Oop [376]=Oop [392]=Oop [320]=Oop [368]=Oop [360]=Oop [344]=Oop [440]=Oop [424]=Oop [432]=Oop [416]=Oop [352]=Oop [312]=Oop [448]=Oop [488]=Oop rax=Oop [400]=Oop }
                      ;*iaload {reexecute=0 rethrow=0 return_oop=0}
                      ; - com.android.tools.r8.dex.C::a@397 (line 352)
  0x00007e003f036b5c: 058b 500c | 4883 fa00 | 0f84 88f4 | ffff 4889 

  0x00007e003f036b6c: ;   {runtime_call g1_pre_barrier_slow}
  0x00007e003f036b6c: 1424 e80d | 907f 05e9 | 7af4 ffff 

  0x00007e003f036b78: ;   {runtime_call throw_null_pointer_exception Runtime1 stub}
  0x00007e003f036b78: e823 337f 

  0x00007e003f036b7c: ; ImmutableOopMap {[384]=Oop [328]=Oop [376]=Oop [392]=Oop [320]=Oop [368]=Oop [360]=Oop [344]=Oop [440]=Oop [424]=Oop [432]=Oop [416]=Oop [488]=Oop [448]=Oop [352]=Oop [400]=Oop rax=Oop rsi=Oop [312]=Oop }
                      ;*invokestatic linkToSpecial {reexecute=0 rethrow=0 return_oop=0}
                      ; - java.lang.invoke.DirectMethodHandle$Holder::newInvokeSpecial@16
                      ; - java.lang.invoke.Invokers$Holder::linkToTargetMethod@5
                      ; - com.android.tools.r8.dex.C::e@3 (line 1)
                      ; - com.android.tools.r8.dex.C::a@400 (line 352)
  0x00007e003f036b7c: 0548 83fe | 000f 848e | f4ff ff48 

  0x00007e003f036b88: ;   {runtime_call g1_post_barrier_slow}
  0x00007e003f036b88: 8904 24e8 | f092 7f05 | e980 f4ff | ff48 8904 

  0x00007e003f036b98: ;   {runtime_call throw_class_cast_exception Runtime1 stub}
  0x00007e003f036b98: 24e8 025a 

  0x00007e003f036b9c: ; ImmutableOopMap {[384]=Oop [328]=Oop [376]=Oop [392]=Oop [320]=Oop [368]=Oop [360]=Oop [344]=Oop [440]=Oop [424]=Oop [432]=Oop [416]=Oop [488]=Oop [448]=Oop [352]=Oop [400]=Oop [312]=Oop }
                      ;*checkcast {reexecute=0 rethrow=0 return_oop=0}
                      ; - com.android.tools.r8.dex.C::e@11 (line 1)
                      ; - com.android.tools.r8.dex.C::a@400 (line 352)
  0x00007e003f036b9c: 7f05 4c89 | 0424 4889 

  0x00007e003f036ba4: ;   {runtime_call throw_range_check_failed Runtime1 stub}
  0x00007e003f036ba4: 4424 08e8 

  0x00007e003f036ba8: ; ImmutableOopMap {[384]=Oop [328]=Oop [376]=Oop [392]=Oop [320]=Oop [368]=Oop [360]=Oop [344]=Oop [440]=Oop [424]=Oop [432]=Oop [416]=Oop [488]=Oop [448]=Oop [400]=Oop rdi=Oop rsi=Oop [312]=Oop rdx=Oop rax=Oop [352]=Oop }
                      ;*iaload {reexecute=0 rethrow=0 return_oop=0}
                      ; - com.android.tools.r8.dex.C::a@416 (line 354)
  0x00007e003f036ba8: f423 7f05 

  0x00007e003f036bac: ;   {runtime_call throw_null_pointer_exception Runtime1 stub}
  0x00007e003f036bac: e8ef 327f 

  0x00007e003f036bb0: ; ImmutableOopMap {[384]=Oop [328]=Oop [376]=Oop [392]=Oop [320]=Oop [368]=Oop [360]=Oop [344]=Oop [440]=Oop [424]=Oop [432]=Oop [416]=Oop [488]=Oop [448]=Oop [400]=Oop rdi=Oop rsi=Oop [312]=Oop rax=Oop [352]=Oop }
                      ;*invokevirtual b {reexecute=0 rethrow=0 return_oop=0}
                      ; - com.android.tools.r8.dex.C::a@417 (line 354)
                      ;   {runtime_call throw_null_pointer_exception Runtime1 stub}
  0x00007e003f036bb0: 05e8 ea32 

  0x00007e003f036bb4: ; ImmutableOopMap {[384]=Oop [328]=Oop [376]=Oop [392]=Oop [320]=Oop [368]=Oop [360]=Oop [344]=Oop [440]=Oop [424]=Oop [432]=Oop [416]=Oop [488]=Oop [448]=Oop [400]=Oop rdi=Oop rsi=Oop [312]=Oop rax=Oop [352]=Oop }
                      ;*invokevirtual c {reexecute=0 rethrow=0 return_oop=0}
                      ; - com.android.tools.r8.dex.m::b@5 (line 1)
                      ; - com.android.tools.r8.dex.C::a@417 (line 354)
                      ;   {runtime_call throw_null_pointer_exception Runtime1 stub}
  0x00007e003f036bb4: 7f05 e8e5 

  0x00007e003f036bb8: ; ImmutableOopMap {[384]=Oop [328]=Oop [376]=Oop [392]=Oop [320]=Oop [368]=Oop [360]=Oop [344]=Oop [440]=Oop [424]=Oop [432]=Oop [416]=Oop [488]=Oop [448]=Oop [400]=Oop [352]=Oop [496]=Oop rsi=Oop [312]=Oop rdi=Oop }
                      ;*invokevirtual f {reexecute=0 rethrow=0 return_oop=0}
                      ; - com.android.tools.r8.dex.C::a@424 (line 355)
                      ;   {runtime_call throw_null_pointer_exception Runtime1 stub}
  0x00007e003f036bb8: 327f 05e8 

  0x00007e003f036bbc: ; ImmutableOopMap {[384]=Oop [328]=Oop [376]=Oop [392]=Oop [320]=Oop [368]=Oop [360]=Oop [344]=Oop [440]=Oop [424]=Oop [432]=Oop [416]=Oop [488]=Oop [448]=Oop [400]=Oop [352]=Oop [496]=Oop rsi=Oop [312]=Oop rdi=Oop }
                      ;*invokevirtual f {reexecute=0 rethrow=0 return_oop=0}
                      ; - com.android.tools.r8.dex.C::a@433 (line 356)
  0x00007e003f036bbc: e032 7f05 

  0x00007e003f036bc0: ;   {runtime_call throw_null_pointer_exception Runtime1 stub}
  0x00007e003f036bc0: e8db 327f 

  0x00007e003f036bc4: ; ImmutableOopMap {[384]=Oop [328]=Oop [376]=Oop [392]=Oop [320]=Oop [368]=Oop [360]=Oop [344]=Oop [440]=Oop [424]=Oop [432]=Oop [416]=Oop [488]=Oop [448]=Oop [400]=Oop [352]=Oop [496]=Oop rsi=Oop [312]=Oop rdi=Oop }
                      ;*invokevirtual f {reexecute=0 rethrow=0 return_oop=0}
                      ; - com.android.tools.r8.dex.C::a@442 (line 357)
                      ;   {runtime_call throw_null_pointer_exception Runtime1 stub}
  0x00007e003f036bc4: 05e8 d632 

  0x00007e003f036bc8: ; ImmutableOopMap {[384]=Oop [328]=Oop [376]=Oop [392]=Oop [320]=Oop [368]=Oop [360]=Oop [344]=Oop [440]=Oop [424]=Oop [432]=Oop [416]=Oop [488]=Oop [448]=Oop [400]=Oop [352]=Oop [496]=Oop rsi=Oop [312]=Oop rdi=Oop }
                      ;*invokevirtual f {reexecute=0 rethrow=0 return_oop=0}
                      ; - com.android.tools.r8.dex.C::a@451 (line 358)
                      ;   {runtime_call throw_null_pointer_exception Runtime1 stub}
  0x00007e003f036bc8: 7f05 e8d1 

  0x00007e003f036bcc: ; ImmutableOopMap {[384]=Oop [328]=Oop [376]=Oop [392]=Oop [320]=Oop [368]=Oop [360]=Oop [344]=Oop [440]=Oop [424]=Oop [432]=Oop [416]=Oop [488]=Oop [400]=Oop [352]=Oop [496]=Oop [312]=Oop rdi=Oop [448]=Oop }
                      ;*getfield b {reexecute=1 rethrow=0 return_oop=0}
                      ; - (reexecute) com.android.tools.r8.dex.C::a@456 (line 360)
                      ;   {runtime_call throw_null_pointer_exception Runtime1 stub}
  0x00007e003f036bcc: 327f 05e8 

  0x00007e003f036bd0: ; ImmutableOopMap {[384]=Oop [328]=Oop [376]=Oop [392]=Oop [320]=Oop [368]=Oop [360]=Oop [344]=Oop [440]=Oop [424]=Oop [432]=Oop [416]=Oop [488]=Oop [400]=Oop [352]=Oop [312]=Oop rdi=Oop [448]=Oop rcx=Oop }
                      ;*getfield b {reexecute=1 rethrow=0 return_oop=0}
                      ; - (reexecute) com.android.tools.r8.dex.C::a@466 (line 364)
  0x00007e003f036bd0: cc32 7f05 

  0x00007e003f036bd4: ;   {runtime_call fast_new_instance Runtime1 stub}
  0x00007e003f036bd4: 488b d2e8 

  0x00007e003f036bd8: ; ImmutableOopMap {[384]=Oop [328]=Oop [376]=Oop [392]=Oop [320]=Oop [368]=Oop [360]=Oop [344]=Oop [440]=Oop [424]=Oop [432]=Oop [416]=Oop [400]=Oop [352]=Oop [552]=Oop [560]=Oop [568]=Oop [576]=Oop [488]=Oop r8=Oop [448]=Oop r9=Oop [312]=Oop }
                      ;*new {reexecute=0 rethrow=0 return_oop=0}
                      ; - com.android.tools.r8.dex.C::a@615 (line 384)
  0x00007e003f036bd8: a43e 7f05 | e982 f7ff 

  0x00007e003f036be0: ;   {runtime_call throw_null_pointer_exception Runtime1 stub}
  0x00007e003f036be0: ffe8 ba32 

  0x00007e003f036be4: ; ImmutableOopMap {[384]=Oop [328]=Oop [376]=Oop [392]=Oop [320]=Oop [368]=Oop [360]=Oop [344]=Oop [440]=Oop [424]=Oop [432]=Oop [416]=Oop [400]=Oop [352]=Oop [552]=Oop [560]=Oop [568]=Oop [576]=Oop [488]=Oop r9=Oop [312]=Oop rax=Oop rcx=Oop }
                      ;*getfield a {reexecute=1 rethrow=0 return_oop=0}
                      ; - (reexecute) com.android.tools.r8.dex.C::a@629 (line 384)
  0x00007e003f036be4: 7f05 48be | 0000 0000 | 0000 0000 | b800 0f05 

  0x00007e003f036bf4: ;   {runtime_call load_appendix_patching Runtime1 stub}
  0x00007e003f036bf4: 0ae8 0682 

  0x00007e003f036bf8: ; ImmutableOopMap {[384]=Oop [328]=Oop [376]=Oop [392]=Oop [320]=Oop [368]=Oop [360]=Oop [344]=Oop [440]=Oop [424]=Oop [432]=Oop [416]=Oop [400]=Oop [352]=Oop [312]=Oop [544]=Oop [576]=Oop [568]=Oop [560]=Oop [552]=Oop }
                      ;*invokedynamic {reexecute=1 rethrow=0 return_oop=0}
                      ; - (reexecute) com.android.tools.r8.dex.C::a@654 (line 389)
  0x00007e003f036bf8: 7f05 e9a1 | f7ff ff8b | 500c 4883 | fa00 0f84 | def7 ffff | 4889 1424 

  0x00007e003f036c10: ;   {runtime_call g1_pre_barrier_slow}
  0x00007e003f036c10: e86b 8f7f | 05e9 d0f7 

  0x00007e003f036c18: ;   {runtime_call throw_null_pointer_exception Runtime1 stub}
  0x00007e003f036c18: ffff e881 

  0x00007e003f036c1c: ; ImmutableOopMap {[384]=Oop [328]=Oop [376]=Oop [392]=Oop [320]=Oop [368]=Oop [360]=Oop [344]=Oop [440]=Oop [424]=Oop [432]=Oop [416]=Oop [400]=Oop [352]=Oop [312]=Oop [544]=Oop [576]=Oop [568]=Oop [560]=Oop [552]=Oop rax=Oop rdi=Oop }
                      ;*invokestatic linkToSpecial {reexecute=0 rethrow=0 return_oop=0}
                      ; - java.lang.invoke.DirectMethodHandle$Holder::newInvokeSpecial@16
                      ; - java.lang.invoke.Invokers$Holder::linkToTargetMethod@5
                      ; - com.android.tools.r8.dex.C::a@666 (line 389)
  0x00007e003f036c1c: 327f 0548 | 83ff 000f | 84e4 f7ff | ff48 8904 

  0x00007e003f036c2c: ;   {runtime_call g1_post_barrier_slow}
  0x00007e003f036c2c: 24e8 4e92 | 7f05 e9d6 | f7ff ff4c | 8904 2448 | 897c 2408 

  0x00007e003f036c40: ;   {runtime_call throw_range_check_failed Runtime1 stub}
  0x00007e003f036c40: e85b 237f 

  0x00007e003f036c44: ; ImmutableOopMap {[328]=Oop [376]=Oop [392]=Oop [320]=Oop [368]=Oop [360]=Oop [344]=Oop [440]=Oop [424]=Oop [432]=Oop [416]=Oop [400]=Oop [352]=Oop [544]=Oop [576]=Oop [568]=Oop [560]=Oop [552]=Oop rax=Oop rsi=Oop [312]=Oop rdi=Oop [384]=Oop rbx=Oop [592]=Oop rcx=Oop [600]=Oop }
                      ;*iaload {reexecute=0 rethrow=0 return_oop=0}
                      ; - com.android.tools.r8.dex.C::a@701 (line 391)
  0x00007e003f036c44: 058b 500c | 4883 fa00 | 0f84 70f8 | ffff 4889 

  0x00007e003f036c54: ;   {runtime_call g1_pre_barrier_slow}
  0x00007e003f036c54: 1424 e825 | 8f7f 05e9 | 62f8 ffff 

  0x00007e003f036c60: ;   {runtime_call throw_null_pointer_exception Runtime1 stub}
  0x00007e003f036c60: e83b 327f 

  0x00007e003f036c64: ; ImmutableOopMap {[328]=Oop [376]=Oop [392]=Oop [320]=Oop [368]=Oop [360]=Oop [344]=Oop [440]=Oop [424]=Oop [432]=Oop [416]=Oop [400]=Oop [352]=Oop [544]=Oop [576]=Oop [568]=Oop [560]=Oop [552]=Oop [384]=Oop [608]=Oop [600]=Oop [592]=Oop rax=Oop rsi=Oop [312]=Oop }
                      ;*invokestatic linkToSpecial {reexecute=0 rethrow=0 return_oop=0}
                      ; - java.lang.invoke.DirectMethodHandle$Holder::newInvokeSpecial@16
                      ; - java.lang.invoke.Invokers$Holder::linkToTargetMethod@5
                      ; - com.android.tools.r8.dex.C::h@11 (line 3)
                      ; - com.android.tools.r8.dex.C::a@704 (line 398)
  0x00007e003f036c64: 0548 83fe | 000f 8476 | f8ff ff48 

  0x00007e003f036c70: ;   {runtime_call g1_post_barrier_slow}
  0x00007e003f036c70: 8904 24e8 | 0892 7f05 | e968 f8ff | ff48 8904 

  0x00007e003f036c80: ;   {runtime_call throw_class_cast_exception Runtime1 stub}
  0x00007e003f036c80: 24e8 1a59 

  0x00007e003f036c84: ; ImmutableOopMap {[328]=Oop [376]=Oop [392]=Oop [320]=Oop [368]=Oop [360]=Oop [344]=Oop [440]=Oop [424]=Oop [432]=Oop [416]=Oop [400]=Oop [352]=Oop [544]=Oop [576]=Oop [568]=Oop [560]=Oop [552]=Oop [384]=Oop [608]=Oop [600]=Oop [592]=Oop [312]=Oop }
                      ;*checkcast {reexecute=0 rethrow=0 return_oop=0}
                      ; - com.android.tools.r8.dex.C::h@19 (line 3)
                      ; - com.android.tools.r8.dex.C::a@704 (line 398)
                      ;   {runtime_call throw_null_pointer_exception Runtime1 stub}
  0x00007e003f036c84: 7f05 e815 

  0x00007e003f036c88: ; ImmutableOopMap {[328]=Oop [376]=Oop [392]=Oop [320]=Oop [368]=Oop [360]=Oop [344]=Oop [440]=Oop [424]=Oop [432]=Oop [400]=Oop [352]=Oop [384]=Oop [616]=Oop [608]=Oop [576]=Oop [568]=Oop [560]=Oop [552]=Oop [672]=Oop [664]=Oop [656]=Oop [648]=Oop [640]=Oop [624]=Oop [416]=Oop [632]=Oop [600]=Oop [592]=Oop rax=Oop rsi=Oop [312]=Oop }
                      ;*invokevirtual g {reexecute=0 rethrow=0 return_oop=0}
                      ; - com.android.tools.r8.dex.C::a@753 (line 412)
                      ;   {runtime_call throw_null_pointer_exception Runtime1 stub}
  0x00007e003f036c88: 327f 05e8 

  0x00007e003f036c8c: ; ImmutableOopMap {[328]=Oop [376]=Oop [392]=Oop [320]=Oop [368]=Oop [360]=Oop [344]=Oop [440]=Oop [424]=Oop [432]=Oop [400]=Oop [352]=Oop [384]=Oop [616]=Oop [608]=Oop [576]=Oop [568]=Oop [560]=Oop [552]=Oop [672]=Oop [664]=Oop [656]=Oop [648]=Oop [640]=Oop [624]=Oop [416]=Oop [632]=Oop [600]=Oop rax=Oop rsi=Oop [312]=Oop r11=Oop [592]=Oop }
                      ;*invokevirtual a {reexecute=0 rethrow=0 return_oop=0}
                      ; - com.android.tools.r8.dex.C::a@798 (line 413)
  0x00007e003f036c8c: 1032 7f05 

  0x00007e003f036c90: ;   {metadata({method} {0x00007dfe98b1a1e8} 'a' '(Ljava/util/function/Consumer;Lcom/android/tools/r8/graph/z;)V' in 'com/android/tools/r8/dex/C')}
  0x00007e003f036c90: 49ba e8a1 | b198 fe7d | 0000 4c89 | 5424 0848 | c704 2429 

  0x00007e003f036ca4: ;   {runtime_call counter_overflow Runtime1 stub}
  0x00007e003f036ca4: 0300 00e8 

  0x00007e003f036ca8: ; ImmutableOopMap {[328]=Oop [376]=Oop [392]=Oop [320]=Oop [368]=Oop [360]=Oop [344]=Oop [400]=Oop [352]=Oop [384]=Oop [312]=Oop }
                      ;*goto {reexecute=1 rethrow=0 return_oop=0}
                      ; - (reexecute) com.android.tools.r8.dex.C::a@809 (line 436)
  0x00007e003f036ca8: d488 7f05 | e960 faff 

  0x00007e003f036cb0: ;   {internal_word}
  0x00007e003f036cb0: ff49 ba28 | 6703 3f00 | 7e00 004d | 8997 5803 

  0x00007e003f036cc0: ;   {runtime_call SafepointBlob}
  0x00007e003f036cc0: 0000 e939 

  0x00007e003f036cc4: ;   {internal_word}
  0x00007e003f036cc4: 7a75 0549 | ba3e 6703 | 3f00 7e00 | 004d 8997 | 5803 0000 

  0x00007e003f036cd8: ;   {runtime_call SafepointBlob}
  0x00007e003f036cd8: e923 7a75 

  0x00007e003f036cdc: ;   {metadata(NULL)}
  0x00007e003f036cdc: 0548 ba00 | 0000 0000 | 0000 00b8 | 000f 050a 

  0x00007e003f036cec: ;   {runtime_call load_klass_patching Runtime1 stub}
  0x00007e003f036cec: e80f 787f 

  0x00007e003f036cf0: ; ImmutableOopMap {[312]=Oop r11=Oop [424]=Oop [432]=Oop }
                      ;*new {reexecute=1 rethrow=0 return_oop=0}
                      ; - (reexecute) com.android.tools.r8.dex.C::a@812 (line 437)
  0x00007e003f036cf0: 05e9 62fa 

  0x00007e003f036cf4: ;   {runtime_call throw_null_pointer_exception Runtime1 stub}
  0x00007e003f036cf4: ffff e8a5 

  0x00007e003f036cf8: ; ImmutableOopMap {r11=Oop [424]=Oop [432]=Oop [312]=Oop }
                      ;*new {reexecute=0 rethrow=0 return_oop=0}
                      ; - com.android.tools.r8.dex.C::a@812 (line 437)
  0x00007e003f036cf8: 317f 0548 

  0x00007e003f036cfc: ;   {runtime_call fast_new_instance_init_check Runtime1 stub}
  0x00007e003f036cfc: 8bd2 e87d 

  0x00007e003f036d00: ; ImmutableOopMap {r11=Oop [424]=Oop [432]=Oop [312]=Oop }
                      ;*new {reexecute=0 rethrow=0 return_oop=0}
                      ; - com.android.tools.r8.dex.C::a@812 (line 437)
  0x00007e003f036d00: 407f 05e9 | b9fa ffff 

  0x00007e003f036d08: ;   {runtime_call throw_null_pointer_exception Runtime1 stub}
  0x00007e003f036d08: e893 317f 

  0x00007e003f036d0c: ; ImmutableOopMap {r11=Oop [424]=Oop [432]=Oop [312]=Oop rax=Oop }
                      ;*invokevirtual n0 {reexecute=0 rethrow=0 return_oop=0}
                      ; - com.android.tools.r8.dex.C::a@818 (line 438)
  0x00007e003f036d0c: 0548 b900 | 0000 0000 | 0000 00b8 | 000f 050a 

  0x00007e003f036d1c: ;   {runtime_call load_appendix_patching Runtime1 stub}
  0x00007e003f036d1c: e8df 807f 

  0x00007e003f036d20: ; ImmutableOopMap {[432]=Oop [680]=Oop [312]=Oop rax=Oop }
                      ;*invokedynamic {reexecute=1 rethrow=0 return_oop=0}
                      ; - (reexecute) com.android.tools.r8.dex.C::a@823 (line 438)
  0x00007e003f036d20: 05e9 b2fa 

  0x00007e003f036d24: ;   {metadata(NULL)}
  0x00007e003f036d24: ffff 48ba | 0000 0000 | 0000 0000 | b800 0f05 

  0x00007e003f036d34: ;   {runtime_call load_klass_patching Runtime1 stub}
  0x00007e003f036d34: 0ae8 c677 

  0x00007e003f036d38: ; ImmutableOopMap {[312]=Oop [424]=Oop [416]=Oop [448]=Oop [352]=Oop [400]=Oop [344]=Oop [360]=Oop [440]=Oop [432]=Oop [320]=Oop [392]=Oop [376]=Oop [328]=Oop [384]=Oop rax=Oop [368]=Oop }
                      ;*new {reexecute=1 rethrow=0 return_oop=0}
                      ; - (reexecute) com.android.tools.r8.graph.D2::toString@6 (line 3)
                      ; - com.android.tools.r8.graph.E2::Z0@4 (line 1)
                      ; - com.android.tools.r8.dex.C::a@337 (line 345)
  0x00007e003f036d38: 7f05 e901 | fbff ff48 

  0x00007e003f036d40: ;   {runtime_call fast_new_instance Runtime1 stub}
  0x00007e003f036d40: 8bd2 e839 

  0x00007e003f036d44: ; ImmutableOopMap {[424]=Oop [416]=Oop [448]=Oop [352]=Oop [400]=Oop [440]=Oop [432]=Oop [320]=Oop [392]=Oop [376]=Oop [328]=Oop [384]=Oop [368]=Oop [688]=Oop [360]=Oop [344]=Oop [312]=Oop }
                      ;*new {reexecute=0 rethrow=0 return_oop=0}
                      ; - com.android.tools.r8.graph.D2::toString@6 (line 3)
                      ; - com.android.tools.r8.graph.E2::Z0@4 (line 1)
                      ; - com.android.tools.r8.dex.C::a@337 (line 345)
  0x00007e003f036d44: 3d7f 05e9 | 54fb ffff 

  0x00007e003f036d4c: ;   {runtime_call throw_null_pointer_exception Runtime1 stub}
  0x00007e003f036d4c: e84f 317f 

  0x00007e003f036d50: ; ImmutableOopMap {[328]=Oop [320]=Oop r8=Oop r11=Oop r13=Oop [312]=Oop rax=Oop }
                      ;*invokevirtual f {reexecute=0 rethrow=0 return_oop=0}
                      ; - com.android.tools.r8.dex.C::a@20 (line 296)
                      ;   {runtime_call throw_null_pointer_exception Runtime1 stub}
  0x00007e003f036d50: 05e8 4a31 

  0x00007e003f036d54: ; ImmutableOopMap {[384]=Oop [328]=Oop [376]=Oop [392]=Oop [320]=Oop [368]=Oop [360]=Oop [344]=Oop [440]=Oop [424]=Oop [432]=Oop [416]=Oop [312]=Oop [488]=Oop [448]=Oop [352]=Oop [400]=Oop rax=Oop }
                      ;*invokestatic linkToSpecial {reexecute=0 rethrow=0 return_oop=0}
                      ; - java.lang.invoke.DirectMethodHandle$Holder::newInvokeSpecial@16
                      ; - java.lang.invoke.Invokers$Holder::linkToTargetMethod@5
                      ; - com.android.tools.r8.dex.C::e@3 (line 1)
                      ; - com.android.tools.r8.dex.C::a@400 (line 352)
                      ;   {runtime_call throw_null_pointer_exception Runtime1 stub}
  0x00007e003f036d54: 7f05 e845 

  0x00007e003f036d58: ; ImmutableOopMap {[384]=Oop [328]=Oop [376]=Oop [392]=Oop [320]=Oop [368]=Oop [360]=Oop [344]=Oop [440]=Oop [424]=Oop [432]=Oop [416]=Oop [400]=Oop [352]=Oop [312]=Oop [544]=Oop [576]=Oop [568]=Oop [560]=Oop [552]=Oop [488]=Oop rax=Oop }
                      ;*invokestatic linkToSpecial {reexecute=0 rethrow=0 return_oop=0}
                      ; - java.lang.invoke.DirectMethodHandle$Holder::newInvokeSpecial@16
                      ; - java.lang.invoke.Invokers$Holder::linkToTargetMethod@5
                      ; - com.android.tools.r8.dex.C::a@666 (line 389)
                      ;   {runtime_call throw_null_pointer_exception Runtime1 stub}
  0x00007e003f036d58: 317f 05e8 

  0x00007e003f036d5c: ; ImmutableOopMap {[328]=Oop [376]=Oop [392]=Oop [320]=Oop [368]=Oop [360]=Oop [344]=Oop [440]=Oop [424]=Oop [432]=Oop [416]=Oop [400]=Oop [352]=Oop [544]=Oop [576]=Oop [568]=Oop [560]=Oop [552]=Oop [312]=Oop [384]=Oop [608]=Oop [600]=Oop [592]=Oop rax=Oop }
                      ;*invokestatic linkToSpecial {reexecute=0 rethrow=0 return_oop=0}
                      ; - java.lang.invoke.DirectMethodHandle$Holder::newInvokeSpecial@16
                      ; - java.lang.invoke.Invokers$Holder::linkToTargetMethod@5
                      ; - com.android.tools.r8.dex.C::h@11 (line 3)
                      ; - com.android.tools.r8.dex.C::a@704 (line 398)
  0x00007e003f036d5c: 4031 7f05 | 9090 498b | 87d0 0300 | 0049 c787 | d003 0000 | 0000 0000 | 49c7 87d8 | 0300 0000 
  0x00007e003f036d7c: 0000 0048 | 81c4 d002 

  0x00007e003f036d84: ;   {runtime_call unwind_exception Runtime1 stub}
  0x00007e003f036d84: 0000 5de9 | f418 7f05 | f4f4 f4f4 | f4f4 f4f4 | f4f4 f4f4 | f4f4 f4f4 | f4f4 f4f4 
[Stub Code]
  0x00007e003f036da0: ;   {no_reloc}
  0x00007e003f036da0: 0f1f 4400 

  0x00007e003f036da4: ;   {static_stub}
  0x00007e003f036da4: 0048 bb00 | 0000 0000 

  0x00007e003f036dac: ;   {runtime_call}
  0x00007e003f036dac: 0000 00e9 | fbff ffff 

  0x00007e003f036db4: ;   {static_stub}
  0x00007e003f036db4: 9048 bb00 | 0000 0000 

  0x00007e003f036dbc: ;   {runtime_call}
  0x00007e003f036dbc: 0000 00e9 | fbff ffff 

  0x00007e003f036dc4: ;   {static_stub}
  0x00007e003f036dc4: 9048 bb00 | 0000 0000 

  0x00007e003f036dcc: ;   {runtime_call}
  0x00007e003f036dcc: 0000 00e9 | fbff ffff 

  0x00007e003f036dd4: ;   {static_stub}
  0x00007e003f036dd4: 9048 bb00 | 0000 0000 

  0x00007e003f036ddc: ;   {runtime_call}
  0x00007e003f036ddc: 0000 00e9 | fbff ffff 

  0x00007e003f036de4: ;   {static_stub}
  0x00007e003f036de4: 9048 bb00 | 0000 0000 

  0x00007e003f036dec: ;   {runtime_call}
  0x00007e003f036dec: 0000 00e9 | fbff ffff 

  0x00007e003f036df4: ;   {static_stub}
  0x00007e003f036df4: 9048 bb00 | 0000 0000 

  0x00007e003f036dfc: ;   {runtime_call}
  0x00007e003f036dfc: 0000 00e9 | fbff ffff 

  0x00007e003f036e04: ;   {static_stub}
  0x00007e003f036e04: 9048 bb00 | 0000 0000 

  0x00007e003f036e0c: ;   {runtime_call}
  0x00007e003f036e0c: 0000 00e9 | fbff ffff 

  0x00007e003f036e14: ;   {static_stub}
  0x00007e003f036e14: 9048 bb00 | 0000 0000 

  0x00007e003f036e1c: ;   {runtime_call}
  0x00007e003f036e1c: 0000 00e9 | fbff ffff 

  0x00007e003f036e24: ;   {static_stub}
  0x00007e003f036e24: 9048 bb00 | 0000 0000 

  0x00007e003f036e2c: ;   {runtime_call}
  0x00007e003f036e2c: 0000 00e9 | fbff ffff 

  0x00007e003f036e34: ;   {static_stub}
  0x00007e003f036e34: 9048 bb00 | 0000 0000 

  0x00007e003f036e3c: ;   {runtime_call}
  0x00007e003f036e3c: 0000 00e9 | fbff ffff 

  0x00007e003f036e44: ;   {static_stub}
  0x00007e003f036e44: 9048 bb00 | 0000 0000 

  0x00007e003f036e4c: ;   {runtime_call}
  0x00007e003f036e4c: 0000 00e9 | fbff ffff 

  0x00007e003f036e54: ;   {static_stub}
  0x00007e003f036e54: 9048 bb00 | 0000 0000 

  0x00007e003f036e5c: ;   {runtime_call}
  0x00007e003f036e5c: 0000 00e9 | fbff ffff 

  0x00007e003f036e64: ;   {static_stub}
  0x00007e003f036e64: 9048 bb00 | 0000 0000 

  0x00007e003f036e6c: ;   {runtime_call}
  0x00007e003f036e6c: 0000 00e9 | fbff ffff 

  0x00007e003f036e74: ;   {static_stub}
  0x00007e003f036e74: 9048 bb00 | 0000 0000 

  0x00007e003f036e7c: ;   {runtime_call}
  0x00007e003f036e7c: 0000 00e9 | fbff ffff 

  0x00007e003f036e84: ;   {static_stub}
  0x00007e003f036e84: 9048 bb00 | 0000 0000 

  0x00007e003f036e8c: ;   {runtime_call}
  0x00007e003f036e8c: 0000 00e9 | fbff ffff 

  0x00007e003f036e94: ;   {static_stub}
  0x00007e003f036e94: 9048 bb00 | 0000 0000 

  0x00007e003f036e9c: ;   {runtime_call}
  0x00007e003f036e9c: 0000 00e9 | fbff ffff 

  0x00007e003f036ea4: ;   {static_stub}
  0x00007e003f036ea4: 9048 bb00 | 0000 0000 

  0x00007e003f036eac: ;   {runtime_call}
  0x00007e003f036eac: 0000 00e9 | fbff ffff 

  0x00007e003f036eb4: ;   {static_stub}
  0x00007e003f036eb4: 9048 bb00 | 0000 0000 

  0x00007e003f036ebc: ;   {runtime_call}
  0x00007e003f036ebc: 0000 00e9 | fbff ffff 

  0x00007e003f036ec4: ;   {static_stub}
  0x00007e003f036ec4: 9048 bb00 | 0000 0000 

  0x00007e003f036ecc: ;   {runtime_call}
  0x00007e003f036ecc: 0000 00e9 | fbff ffff 

  0x00007e003f036ed4: ;   {static_stub}
  0x00007e003f036ed4: 9048 bb00 | 0000 0000 

  0x00007e003f036edc: ;   {runtime_call}
  0x00007e003f036edc: 0000 00e9 | fbff ffff 

  0x00007e003f036ee4: ;   {static_stub}
  0x00007e003f036ee4: 9048 bb00 | 0000 0000 

  0x00007e003f036eec: ;   {runtime_call}
  0x00007e003f036eec: 0000 00e9 | fbff ffff 

  0x00007e003f036ef4: ;   {static_stub}
  0x00007e003f036ef4: 9048 bb00 | 0000 0000 

  0x00007e003f036efc: ;   {runtime_call}
  0x00007e003f036efc: 0000 00e9 | fbff ffff 

  0x00007e003f036f04: ;   {static_stub}
  0x00007e003f036f04: 9048 bb00 | 0000 0000 

  0x00007e003f036f0c: ;   {runtime_call}
  0x00007e003f036f0c: 0000 00e9 | fbff ffff 

  0x00007e003f036f14: ;   {static_stub}
  0x00007e003f036f14: 9048 bb00 | 0000 0000 

  0x00007e003f036f1c: ;   {runtime_call}
  0x00007e003f036f1c: 0000 00e9 | fbff ffff 

  0x00007e003f036f24: ;   {static_stub}
  0x00007e003f036f24: 9048 bb00 | 0000 0000 

  0x00007e003f036f2c: ;   {runtime_call}
  0x00007e003f036f2c: 0000 00e9 | fbff ffff 

  0x00007e003f036f34: ;   {static_stub}
  0x00007e003f036f34: 9048 bb00 | 0000 0000 

  0x00007e003f036f3c: ;   {runtime_call}
  0x00007e003f036f3c: 0000 00e9 | fbff ffff 

  0x00007e003f036f44: ;   {static_stub}
  0x00007e003f036f44: 9048 bb00 | 0000 0000 

  0x00007e003f036f4c: ;   {runtime_call}
  0x00007e003f036f4c: 0000 00e9 | fbff ffff 

  0x00007e003f036f54: ;   {static_stub}
  0x00007e003f036f54: 9048 bb00 | 0000 0000 

  0x00007e003f036f5c: ;   {runtime_call}
  0x00007e003f036f5c: 0000 00e9 | fbff ffff 

  0x00007e003f036f64: ;   {static_stub}
  0x00007e003f036f64: 9048 bb00 | 0000 0000 

  0x00007e003f036f6c: ;   {runtime_call}
  0x00007e003f036f6c: 0000 00e9 | fbff ffff 

  0x00007e003f036f74: ;   {static_stub}
  0x00007e003f036f74: 9048 bb00 | 0000 0000 

  0x00007e003f036f7c: ;   {runtime_call}
  0x00007e003f036f7c: 0000 00e9 | fbff ffff 

  0x00007e003f036f84: ;   {static_stub}
  0x00007e003f036f84: 9048 bb00 | 0000 0000 

  0x00007e003f036f8c: ;   {runtime_call}
  0x00007e003f036f8c: 0000 00e9 | fbff ffff 

  0x00007e003f036f94: ;   {static_stub}
  0x00007e003f036f94: 9048 bb00 | 0000 0000 

  0x00007e003f036f9c: ;   {runtime_call}
  0x00007e003f036f9c: 0000 00e9 | fbff ffff 

  0x00007e003f036fa4: ;   {static_stub}
  0x00007e003f036fa4: 9048 bb00 | 0000 0000 

  0x00007e003f036fac: ;   {runtime_call}
  0x00007e003f036fac: 0000 00e9 | fbff ffff 

  0x00007e003f036fb4: ;   {static_stub}
  0x00007e003f036fb4: 9048 bb00 | 0000 0000 

  0x00007e003f036fbc: ;   {runtime_call}
  0x00007e003f036fbc: 0000 00e9 | fbff ffff 

  0x00007e003f036fc4: ;   {static_stub}
  0x00007e003f036fc4: 9048 bb00 | 0000 0000 

  0x00007e003f036fcc: ;   {runtime_call}
  0x00007e003f036fcc: 0000 00e9 | fbff ffff 

  0x00007e003f036fd4: ;   {static_stub}
  0x00007e003f036fd4: 9048 bb00 | 0000 0000 

  0x00007e003f036fdc: ;   {runtime_call}
  0x00007e003f036fdc: 0000 00e9 | fbff ffff 

  0x00007e003f036fe4: ;   {static_stub}
  0x00007e003f036fe4: 9048 bb00 | 0000 0000 

  0x00007e003f036fec: ;   {runtime_call}
  0x00007e003f036fec: 0000 00e9 | fbff ffff 

  0x00007e003f036ff4: ;   {static_stub}
  0x00007e003f036ff4: 9048 bb00 | 0000 0000 

  0x00007e003f036ffc: ;   {runtime_call}
  0x00007e003f036ffc: 0000 00e9 | fbff ffff 

  0x00007e003f037004: ;   {static_stub}
  0x00007e003f037004: 9048 bb00 | 0000 0000 

  0x00007e003f03700c: ;   {runtime_call}
  0x00007e003f03700c: 0000 00e9 | fbff ffff 

  0x00007e003f037014: ;   {static_stub}
  0x00007e003f037014: 9048 bb00 | 0000 0000 

  0x00007e003f03701c: ;   {runtime_call}
  0x00007e003f03701c: 0000 00e9 | fbff ffff 
[Exception Handler]
  0x00007e003f037024: ;   {runtime_call handle_exception_from_callee Runtime1 stub}
  0x00007e003f037024: e857 4f7f 

  0x00007e003f037028: ;   {external_word}
  0x00007e003f037028: 0548 bf52 | 37c4 5b00 | 7e00 0048 

  0x00007e003f037034: ;   {runtime_call MacroAssembler::debug64(char*, long, long*)}
  0x00007e003f037034: 83e4 f0e8 | 941a 781c 

  0x00007e003f03703c: ;   {section_word}
  0x00007e003f03703c: f449 ba3d | 7003 3f00 | 7e00 0041 

  0x00007e003f037048: ;   {runtime_call DeoptimizationBlob}
  0x00007e003f037048: 52e9 5269 | 7505 f4f4 
[/MachCode]


Compiled method (c1) 2092089 13361   !   3       java.util.concurrent.ForkJoinTask::doExec (37 bytes)
 total in heap  [0x00007e003e762090,0x00007e003e763470] = 5088
 relocation     [0x00007e003e7621f0,0x00007e003e762318] = 296
 main code      [0x00007e003e762320,0x00007e003e762fa0] = 3200
 stub code      [0x00007e003e762fa0,0x00007e003e763030] = 144
 oops           [0x00007e003e763030,0x00007e003e763058] = 40
 metadata       [0x00007e003e763058,0x00007e003e7630c0] = 104
 scopes data    [0x00007e003e7630c0,0x00007e003e7632d0] = 528
 scopes pcs     [0x00007e003e7632d0,0x00007e003e763450] = 384
 dependencies   [0x00007e003e763450,0x00007e003e763458] = 8
 handler table  [0x00007e003e763458,0x00007e003e763470] = 24

[Constant Pool (empty)]

[MachCode]
[Entry Point]
  # {method} {0x00007e000b1a9020} 'doExec' '()I' in 'java/util/concurrent/ForkJoinTask'
  #           [sp+0x130]  (sp of caller)
  0x00007e003e762320: 448b 5608 | 49bb 0000 | 000b 007e | 0000 4d03 | d34c 3bd0 

  0x00007e003e762334: ;   {runtime_call ic_miss_stub}
  0x00007e003e762334: 0f85 465a | 0206 660f | 1f44 0000 
[Verified Entry Point]
  0x00007e003e762340: 8984 2400 | c0fe ff55 | 4881 ec20 | 0100 0048 | 89b4 24f8 

  0x00007e003e762354: ;   {metadata(method data for {method} {0x00007e000b1a9020} 'doExec' '()I' in 'java/util/concurrent/ForkJoinTask')}
  0x00007e003e762354: 0000 0048 | bfd0 f2dc | 98fe 7d00 | 008b 9ff4 | 0000 0083 | c302 899f | f400 0000 | 81e3 fe07 
  0x00007e003e762374: 0000 83fb | 000f 84fa | 0900 008b | 7e0c 83ff 

  0x00007e003e762384: ;   {metadata(method data for {method} {0x00007e000b1a9020} 'doExec' '()I' in 'java/util/concurrent/ForkJoinTask')}
  0x00007e003e762384: 0048 bbd0 | f2dc 98fe | 7d00 0048 | c7c0 3801 | 0000 0f8c | 0700 0000 | 48c7 c048 | 0100 0048 
  0x00007e003e7623a4: 8b14 0348 | 8d52 0148 | 8914 030f | 8ce1 0800 | 0089 bc24 | f000 0000 

  0x00007e003e7623bc: ;   {metadata(method data for {method} {0x00007e000b1a9020} 'doExec' '()I' in 'java/util/concurrent/ForkJoinTask')}
  0x00007e003e7623bc: 488b de48 | b8d0 f2dc | 98fe 7d00 | 008b 5b08 | 49ba 0000 | 000b 007e | 0000 4903 | da48 3b98 
  0x00007e003e7623dc: 6801 0000 | 750d 4883 | 8070 0100 | 0001 e966 | 0000 0048 | 3b98 7801 | 0000 750d | 4883 8080 
  0x00007e003e7623fc: 0100 0001 | e950 0000 | 0048 81b8 | 6801 0000 | 0000 0000 | 7517 4889 | 9868 0100 | 0048 c780 
  0x00007e003e76241c: 7001 0000 | 0100 0000 | e92c 0000 | 0048 81b8 | 7801 0000 | 0000 0000 | 7517 4889 | 9878 0100 
  0x00007e003e76243c: 0048 c780 | 8001 0000 | 0100 0000 | e908 0000 | 0048 8380 | 5801 0000 | 0148 8bde | 488b f366 
  0x00007e003e76245c: 9048 b8ff | ffff ffff 

  0x00007e003e762464: ;   {virtual_call}
  0x00007e003e762464: ffff ffe8 

  0x00007e003e762468: ; ImmutableOopMap {[248]=Oop }
                      ;*invokevirtual exec {reexecute=0 rethrow=0 return_oop=0}
                      ; - java.util.concurrent.ForkJoinTask::doExec@10 (line 373)
  0x00007e003e762468: 1c2c 0d06 | 8bbc 24f0 

  0x00007e003e762470: ;   {metadata(method data for {method} {0x00007e000b1a9020} 'doExec' '()I' in 'java/util/concurrent/ForkJoinTask')}
  0x00007e003e762470: 0000 0048 | bad0 f2dc | 98fe 7d00 | 00ff 8290 | 0100 00e9 | 1401 0000 | 498b 87d0 | 0300 004d 
  0x00007e003e762490: 33d2 4d89 | 97d0 0300 | 004d 33d2 | 4d89 97d8 | 0300 0048 | 8bb4 24f8 

  0x00007e003e7624a8: ;   {metadata(method data for {method} {0x00007e000b1a9020} 'doExec' '()I' in 'java/util/concurrent/ForkJoinTask')}
  0x00007e003e7624a8: 0000 0048 | bad0 f2dc | 98fe 7d00 | 008b 7608 | 49ba 0000 | 000b 007e | 0000 4903 | f248 3bb2 
  0x00007e003e7624c8: b801 0000 | 750d 4883 | 82c0 0100 | 0001 e966 | 0000 0048 | 3bb2 c801 | 0000 750d | 4883 82d0 
  0x00007e003e7624e8: 0100 0001 | e950 0000 | 0048 81ba | b801 0000 | 0000 0000 | 7517 4889 | b2b8 0100 | 0048 c782 
  0x00007e003e762508: c001 0000 | 0100 0000 | e92c 0000 | 0048 81ba | c801 0000 | 0000 0000 | 7517 4889 | b2c8 0100 
  0x00007e003e762528: 0048 c782 | d001 0000 | 0100 0000 | e908 0000 | 0048 8382 | a801 0000 

  0x00007e003e762540: ;   {metadata(method data for {method} {0x00007e000b1a76c8} 'trySetException' '(Ljava/lang/Throwable;)I' in 'java/util/concurrent/ForkJoinTask')}
  0x00007e003e762540: 0148 ba48 | 4bdd 98fe | 7d00 008b | b2f4 0000 | 0083 c602 | 89b2 f400 | 0000 81e6 | feff 1f00 
  0x00007e003e762560: 83fe 000f | 8431 0800 | 0048 8bb4 | 24f8 0000 

  0x00007e003e762570: ;   {metadata(method data for {method} {0x00007e000b1a76c8} 'trySetException' '(Ljava/lang/Throwable;)I' in 'java/util/concurrent/ForkJoinTask')}
  0x00007e003e762570: 0048 ba48 | 4bdd 98fe | 7d00 0048 | 8382 3801 | 0000 0148 | 8bd0 488b | b424 f800 

  0x00007e003e76258c: ;   {optimized virtual_call}
  0x00007e003e76258c: 0000 90e8 

  0x00007e003e762590: ; ImmutableOopMap {[248]=Oop }
                      ;*invokevirtual trySetThrown {reexecute=0 rethrow=0 return_oop=0}
                      ; - java.util.concurrent.ForkJoinTask::trySetException@2 (line 351)
                      ; - java.util.concurrent.ForkJoinTask::doExec@20 (line 375)
  0x00007e003e762590: ec5a 0206 | 488b f8b8 | 0000 0000 

  0x00007e003e76259c: ;   {metadata(method data for {method} {0x00007e000b1a9020} 'doExec' '()I' in 'java/util/concurrent/ForkJoinTask')}
  0x00007e003e76259c: 83f8 0048 | bad0 f2dc | 98fe 7d00 | 0048 c7c1 | e001 0000 | 0f84 0700 | 0000 48c7 | c1f0 0100 
  0x00007e003e7625bc: 004c 8b04 | 0a4d 8d40 | 014c 8904 | 0a0f 84c7 | 0600 0048 | 8bb4 24f8 | 0000 0048 

  0x00007e003e7625d8: ;   {metadata(method data for {method} {0x00007e000b1a9020} 'doExec' '()I' in 'java/util/concurrent/ForkJoinTask')}
  0x00007e003e7625d8: 8bd6 48b9 | d0f2 dc98 | fe7d 0000 | 4883 8100 | 0200 0001 

  0x00007e003e7625ec: ;   {metadata(method data for {method} {0x00007e000b1a8fc8} 'setDone' '()I' in 'java/util/concurrent/ForkJoinTask')}
  0x00007e003e7625ec: 48ba 48f5 | dc98 fe7d | 0000 8b8a | f400 0000 | 83c1 0289 | 8af4 0000 | 0081 e1fe | ff1f 0083 
  0x00007e003e76260c: f900 0f84 | a707 0000 

  0x00007e003e762614: ;   {metadata(method data for {method} {0x00007e000b1a8fc8} 'setDone' '()I' in 'java/util/concurrent/ForkJoinTask')}
  0x00007e003e762614: 488b d648 | b948 f5dc | 98fe 7d00 | 0048 8381 | 3801 0000 

  0x00007e003e762628: ;   {metadata(method data for {method} {0x00007e000b1a8ec0} 'getAndBitwiseOrStatus' '(I)I' in 'java/util/concurrent/ForkJoinTask')}
  0x00007e003e762628: 0148 baa0 | 01dd 98fe | 7d00 008b | 8af4 0000 | 0083 c102 | 898a f400 | 0000 81e1 | feff 1f00 
  0x00007e003e762648: 83f9 000f | 848b 0700 

  0x00007e003e762650: ;   {metadata(method data for {method} {0x00007e000b1a8ec0} 'getAndBitwiseOrStatus' '(I)I' in 'java/util/concurrent/ForkJoinTask')}
  0x00007e003e762650: 0048 baa0 | 01dd 98fe | 7d00 0048 | 8d92 7001 | 0000 8b4e | 0849 ba00 | 0000 0b00 | 7e00 0049 
  0x00007e003e762670: 03ca 4c8b | d148 334a | 0848 f7c1 | fcff ffff | 740e 48f7 | c102 0000 | 0075 0548 | 834a 0802 
  0x00007e003e762690: ;   {metadata(method data for {method} {0x00007e000b1830e8} 'guard_LI_I' '(Ljava/lang/invoke/VarHandle;Ljava/lang/Object;ILjava/lang/invoke/VarHandle$AccessDescriptor;)I' in 'java/lang/invoke/VarHandleGuards')}
  0x00007e003e762690: 48ba 584e | 9e07 007e | 0000 488d | 9238 0400 

  0x00007e003e7626a0: ;   {oop(a 'java/lang/invoke/VarHandleInts$FieldInstanceReadWrite'{0x00000000e80bf9b8})}
  0x00007e003e7626a0: 0048 b9b8 | f90b e800 | 0000 0048 | 85c9 7510 | 48f7 0201 | 0000 0075 | 14f0 4883 | 0a01 eb0d 
  0x00007e003e7626c0: 48f7 0202 | 0000 0075 | 0448 830a | 0244 8b46 | 0849 ba00 | 0000 0b00 | 7e00 004d | 03c2 4d8b 
  0x00007e003e7626e0: d04c 3342 | 1049 f7c0 | fcff ffff | 740e 49f7 | c002 0000 | 0075 0548 | 834a 1002 

  0x00007e003e7626fc: ;   {metadata(method data for {method} {0x00007e000b1a8ec0} 'getAndBitwiseOrStatus' '(I)I' in 'java/util/concurrent/ForkJoinTask')}
  0x00007e003e7626fc: 48ba a001 | dd98 fe7d | 0000 4883 | 8238 0100 

  0x00007e003e76270c: ;   {metadata(method data for {method} {0x00007e000b1830e8} 'guard_LI_I' '(Ljava/lang/invoke/VarHandle;Ljava/lang/Object;ILjava/lang/invoke/VarHandle$AccessDescriptor;)I' in 'java/lang/invoke/VarHandleGuards')}
  0x00007e003e76270c: 0001 48ba | 584e 9e07 | 007e 0000 | 448b 82f4 | 0000 0041 | 83c0 0244 | 8982 f400 | 0000 4181 
  0x00007e003e76272c: e0fe ff1f | 0041 83f8 | 000f 84c2 

  0x00007e003e762738: ;   {metadata(method data for {method} {0x00007e000b1830e8} 'guard_LI_I' '(Ljava/lang/invoke/VarHandle;Ljava/lang/Object;ILjava/lang/invoke/VarHandle$AccessDescriptor;)I' in 'java/lang/invoke/VarHandleGuards')}
  0x00007e003e762738: 0600 0048 | ba58 4e9e | 0700 7e00 | 0048 8d92 | 7001 0000 

  0x00007e003e76274c: ;   {oop(a 'java/lang/invoke/VarHandle$AccessDescriptor'{0x00000000e80bf8e0})}
  0x00007e003e76274c: 49b8 e0f8 | 0be8 0000 | 0000 4d85 | c075 1048 | f742 0801 | 0000 0075 | 06f0 4883 

  0x00007e003e762768: ;   {metadata(method data for {method} {0x00007e000b1830e8} 'guard_LI_I' '(Ljava/lang/invoke/VarHandle;Ljava/lang/Object;ILjava/lang/invoke/VarHandle$AccessDescriptor;)I' in 'java/lang/invoke/VarHandleGuards')}
  0x00007e003e762768: 4a08 0148 | ba58 4e9e | 0700 7e00 | 0048 8382 | 3801 0000 

  0x00007e003e76277c: ;   {metadata(method data for {method} {0x00007e000b0c9848} 'checkExactAccessMode' '(Ljava/lang/invoke/VarHandle$AccessDescriptor;)V' in 'java/lang/invoke/VarHandle')}
  0x00007e003e76277c: 0148 ba40 | 5637 0700 | 7e00 008b | 8af4 0000 | 0083 c102 | 898a f400 | 0000 81e1 | feff 1f00 
  0x00007e003e76279c: 83f9 000f | 8479 0600 

  0x00007e003e7627a4: ;   {metadata(method data for {method} {0x00007e000b0c9848} 'checkExactAccessMode' '(Ljava/lang/invoke/VarHandle$AccessDescriptor;)V' in 'java/lang/invoke/VarHandle')}
  0x00007e003e7627a4: 0048 ba40 | 5637 0700 | 7e00 00ff | 8238 0100 

  0x00007e003e7627b4: ;   {oop(a 'java/lang/invoke/VarHandleInts$FieldInstanceReadWrite'{0x00000000e80bf9b8})}
  0x00007e003e7627b4: 0048 bab8 | f90b e800 

  0x00007e003e7627bc: ;   {metadata(method data for {method} {0x00007e000b1830e8} 'guard_LI_I' '(Ljava/lang/invoke/VarHandle;Ljava/lang/Object;ILjava/lang/invoke/VarHandle$AccessDescriptor;)I' in 'java/lang/invoke/VarHandleGuards')}
  0x00007e003e7627bc: 0000 0048 | b958 4e9e | 0700 7e00 | 008b 5208 | 49ba 0000 | 000b 007e | 0000 4903 | d248 3b91 
  0x00007e003e7627dc: 9801 0000 | 750d 4883 | 81a0 0100 | 0001 e966 | 0000 0048 | 3b91 a801 | 0000 750d | 4883 81b0 
  0x00007e003e7627fc: 0100 0001 | e950 0000 | 0048 81b9 | 9801 0000 | 0000 0000 | 7517 4889 | 9198 0100 | 0048 c781 
  0x00007e003e76281c: a001 0000 | 0100 0000 | e92c 0000 | 0048 81b9 | a801 0000 | 0000 0000 | 7517 4889 | 91a8 0100 
  0x00007e003e76283c: 0048 c781 | b001 0000 | 0100 0000 | e908 0000 | 0048 8381 | 8801 0000 

  0x00007e003e762854: ;   {metadata(method data for {method} {0x00007e000b0c4510} 'isDirect' '()Z' in 'java/lang/invoke/VarHandle')}
  0x00007e003e762854: 0148 ba70 | 969c 0700 | 7e00 008b | 8af4 0000 | 0083 c102 | 898a f400 | 0000 81e1 | feff 1f00 
  0x00007e003e762874: 83f9 000f | 84c2 0500 

  0x00007e003e76287c: ;   {metadata(method data for {method} {0x00007e000b1830e8} 'guard_LI_I' '(Ljava/lang/invoke/VarHandle;Ljava/lang/Object;ILjava/lang/invoke/VarHandle$AccessDescriptor;)I' in 'java/lang/invoke/VarHandleGuards')}
  0x00007e003e76287c: 0048 ba58 | 4e9e 0700 | 7e00 00ff | 82d0 0100 

  0x00007e003e76288c: ;   {metadata(method data for {method} {0x00007e000b1830e8} 'guard_LI_I' '(Ljava/lang/invoke/VarHandle;Ljava/lang/Object;ILjava/lang/invoke/VarHandle$AccessDescriptor;)I' in 'java/lang/invoke/VarHandleGuards')}
  0x00007e003e76288c: 0048 ba58 | 4e9e 0700 | 7e00 00ff | 82f0 0100 

  0x00007e003e76289c: ;   {oop(a 'java/lang/invoke/VarForm'{0x00000000e1567188})}
  0x00007e003e76289c: 0048 ba88 | 7156 e100 

  0x00007e003e7628a4: ;   {metadata(method data for {method} {0x00007e000b1830e8} 'guard_LI_I' '(Ljava/lang/invoke/VarHandle;Ljava/lang/Object;ILjava/lang/invoke/VarHandle$AccessDescriptor;)I' in 'java/lang/invoke/VarHandleGuards')}
  0x00007e003e7628a4: 0000 0048 | b958 4e9e | 0700 7e00 | 0048 8381 | 0002 0000 

  0x00007e003e7628b8: ;   {metadata(method data for {method} {0x00007e000b180be8} 'getMemberName' '(I)Ljava/lang/invoke/MemberName;' in 'java/lang/invoke/VarForm')}
  0x00007e003e7628b8: 0148 ba98 | 6237 0700 | 7e00 008b | 8af4 0000 | 0083 c102 | 898a f400 | 0000 81e1 | feff 1f00 
  0x00007e003e7628d8: 83f9 000f | 847f 0500 

  0x00007e003e7628e0: ;   {metadata(method data for {method} {0x00007e000b180be8} 'getMemberName' '(I)Ljava/lang/invoke/MemberName;' in 'java/lang/invoke/VarForm')}
  0x00007e003e7628e0: 0048 ba98 | 6237 0700 | 7e00 00ff | 8238 0100 

  0x00007e003e7628f0: ;   {metadata(method data for {method} {0x00007e000b1830e8} 'guard_LI_I' '(Ljava/lang/invoke/VarHandle;Ljava/lang/Object;ILjava/lang/invoke/VarHandle$AccessDescriptor;)I' in 'java/lang/invoke/VarHandleGuards')}
  0x00007e003e7628f0: 0048 ba58 | 4e9e 0700 | 7e00 0048 | 8d92 3802 

  0x00007e003e762900: ;   {oop(a 'java/lang/invoke/MemberName'{0x00000000e673f9e0} = {method} {0x00007e000b215f18} 'getAndBitwiseOr' '(Ljava/lang/invoke/VarHandle;Ljava/lang/Object;I)I' in 'java/lang/invoke/VarHandleInts$FieldInstanceReadWrite')}
  0x00007e003e762900: 0000 48b9 | e0f9 73e6 | 0000 0000 | 4885 c975 | 0e48 f702 | 0100 0000 | 7505 f048 

  0x00007e003e76291c: ;   {metadata(method data for {method} {0x00007e000b1830e8} 'guard_LI_I' '(Ljava/lang/invoke/VarHandle;Ljava/lang/Object;ILjava/lang/invoke/VarHandle$AccessDescriptor;)I' in 'java/lang/invoke/VarHandleGuards')}
  0x00007e003e76291c: 830a 0148 | ba58 4e9e | 0700 7e00 | 0048 8d92 | 5802 0000 

  0x00007e003e762930: ;   {oop(a 'java/lang/invoke/VarHandleInts$FieldInstanceReadWrite'{0x00000000e80bf9b8})}
  0x00007e003e762930: 48b9 b8f9 | 0be8 0000 | 0000 4885 | c975 1248 | f742 0801 | 0000 0075 | 17f0 4883 | 4a08 01eb 
  0x00007e003e762950: 0f48 f742 | 0802 0000 | 0075 0548 | 834a 0802 | 8b4e 0849 | ba00 0000 | 0b00 7e00 | 0049 03ca 
  0x00007e003e762970: 4c8b d148 | 334a 1848 | f7c1 fcff | ffff 740e | 48f7 c102 | 0000 0075 | 0548 834a 

  0x00007e003e76298c: ;   {metadata(method data for {method} {0x00007e000b1830e8} 'guard_LI_I' '(Ljava/lang/invoke/VarHandle;Ljava/lang/Object;ILjava/lang/invoke/VarHandle$AccessDescriptor;)I' in 'java/lang/invoke/VarHandleGuards')}
  0x00007e003e76298c: 1802 48ba | 584e 9e07 | 007e 0000 | 4883 8248 | 0200 0001 

  0x00007e003e7629a0: ;   {metadata(method data for {method} {0x00007e000b215f18} 'getAndBitwiseOr' '(Ljava/lang/invoke/VarHandle;Ljava/lang/Object;I)I' in 'java/lang/invoke/VarHandleInts$FieldInstanceReadWrite')}
  0x00007e003e7629a0: 48ba 7003 | dd98 fe7d | 0000 8b8a | f400 0000 | 83c1 0289 | 8af4 0000 | 0081 e1fe | ff1f 0083 
  0x00007e003e7629c0: f900 0f84 | b904 0000 

  0x00007e003e7629c8: ;   {oop(a 'java/lang/Class'{0x00000000ffe2cc38} = 'java/util/concurrent/ForkJoinTask')}
  0x00007e003e7629c8: 48ba 38cc | e2ff 0000 

  0x00007e003e7629d0: ;   {metadata(method data for {method} {0x00007e000b215f18} 'getAndBitwiseOr' '(Ljava/lang/invoke/VarHandle;Ljava/lang/Object;I)I' in 'java/lang/invoke/VarHandleInts$FieldInstanceReadWrite')}
  0x00007e003e7629d0: 0000 48b9 | 7003 dd98 | fe7d 0000 | 4883 8170 | 0100 0001 

  0x00007e003e7629e4: ;   {metadata(method data for {method} {0x00007e000b440770} 'cast' '(Ljava/lang/Object;)Ljava/lang/Object;' in 'java/lang/Class')}
  0x00007e003e7629e4: 48ba 1867 | 1f07 007e | 0000 8b8a | f400 0000 | 83c1 0289 | 8af4 0000 | 0081 e1fe | ff1f 0083 
  0x00007e003e762a04: f900 0f84 | 9604 0000 

  0x00007e003e762a0c: ;   {metadata(method data for {method} {0x00007e000b440770} 'cast' '(Ljava/lang/Object;)Ljava/lang/Object;' in 'java/lang/Class')}
  0x00007e003e762a0c: 48ba 1867 | 1f07 007e | 0000 ff82 | 4801 0000 

  0x00007e003e762a1c: ;   {oop(a 'java/lang/Class'{0x00000000ffe2cc38} = 'java/util/concurrent/ForkJoinTask')}
  0x00007e003e762a1c: 48ba 38cc | e2ff 0000 

  0x00007e003e762a24: ;   {metadata(method data for {method} {0x00007e000b440770} 'cast' '(Ljava/lang/Object;)Ljava/lang/Object;' in 'java/lang/Class')}
  0x00007e003e762a24: 0000 48b9 | 1867 1f07 | 007e 0000 | 4883 8158 | 0100 0001 | 4883 fe00 | 0f84 2a00 

  0x00007e003e762a40: ;   {metadata('java/util/concurrent/ForkJoinTask')}
  0x00007e003e762a40: 0000 49b9 | 8072 1a0b | 007e 0000 | 448b 4608 | 49ba 0000 | 000b 007e | 0000 4d03 | c24d 3b48 
  0x00007e003e762a60: 380f 8505 | 0000 00e9 | 0500 0000 | 4833 d2eb | 0a48 ba01 | 0000 0000 | 0000 0083 

  0x00007e003e762a7c: ;   {metadata(method data for {method} {0x00007e000b440770} 'cast' '(Ljava/lang/Object;)Ljava/lang/Object;' in 'java/lang/Class')}
  0x00007e003e762a7c: fa00 48ba | 1867 1f07 | 007e 0000 | 48c7 c1a0 | 0100 000f | 8407 0000 | 0048 c7c1 | 9001 0000 
  0x00007e003e762a9c: 4c8b 040a | 4d8d 4001 | 4c89 040a | 0f84 0102 

  0x00007e003e762aac: ;   {metadata(method data for {method} {0x00007e000b215f18} 'getAndBitwiseOr' '(Ljava/lang/invoke/VarHandle;Ljava/lang/Object;I)I' in 'java/lang/invoke/VarHandleInts$FieldInstanceReadWrite')}
  0x00007e003e762aac: 0000 48ba | 7003 dd98 | fe7d 0000 | 4883 82a8 | 0100 0001 

  0x00007e003e762ac0: ;   {metadata(method data for {method} {0x00007e000b074ec8} 'requireNonNull' '(Ljava/lang/Object;)Ljava/lang/Object;' in 'java/util/Objects')}
  0x00007e003e762ac0: 48ba 78e6 | 0007 007e | 0000 8b8a | f400 0000 | 83c1 0289 | 8af4 0000 | 0081 e1fe | ff1f 0083 
  0x00007e003e762ae0: f900 0f84 | db03 0000 

  0x00007e003e762ae8: ;   {metadata(method data for {method} {0x00007e000b074ec8} 'requireNonNull' '(Ljava/lang/Object;)Ljava/lang/Object;' in 'java/util/Objects')}
  0x00007e003e762ae8: 48ba 78e6 | 0007 007e | 0000 ff82 | 3801 0000 

  0x00007e003e762af8: ;   {metadata(method data for {method} {0x00007e000b215f18} 'getAndBitwiseOr' '(Ljava/lang/invoke/VarHandle;Ljava/lang/Object;I)I' in 'java/lang/invoke/VarHandleInts$FieldInstanceReadWrite')}
  0x00007e003e762af8: 48ba 7003 | dd98 fe7d | 0000 488d | 92f0 0100 | 008b 4e08 | 49ba 0000 | 000b 007e | 0000 4903 
  0x00007e003e762b18: ca4c 8bd1 | 4833 4a08 | 48f7 c1fc | ffff ff74 | 0e48 f7c1 | 0200 0000 | 7505 4883 

  0x00007e003e762b34: ;   {oop(a 'jdk/internal/misc/Unsafe'{0x00000000e08bc680})}
  0x00007e003e762b34: 4a08 0248 | ba80 c68b | e000 0000 

  0x00007e003e762b40: ;   {metadata(method data for {method} {0x00007e000b215f18} 'getAndBitwiseOr' '(Ljava/lang/invoke/VarHandle;Ljava/lang/Object;I)I' in 'java/lang/invoke/VarHandleInts$FieldInstanceReadWrite')}
  0x00007e003e762b40: 0048 b970 | 03dd 98fe | 7d00 0048 | 8381 b801 

  0x00007e003e762b50: ;   {metadata(method data for {method} {0x00007e000b41c760} 'getAndBitwiseOrInt' '(Ljava/lang/Object;JI)I' in 'jdk/internal/misc/Unsafe')}
  0x00007e003e762b50: 0000 0148 | baf0 fcdc | 98fe 7d00 | 008b 8af4 | 0000 0083 | c102 898a | f400 0000 | 81e1 feff 
  0x00007e003e762b70: 1f00 83f9 | 000f 8469 | 0300 00e9 | 0800 0000 | 488b b424 | f800 0000 | 48c7 c10c | 0000 008b 
  0x00007e003e762b90: 3c0e 488b | df81 cb00 

  0x00007e003e762b98: ;   {oop(a 'jdk/internal/misc/Unsafe'{0x00000000e08bc680})}
  0x00007e003e762b98: 0000 8048 | b880 c68b | e000 0000 | 0048 8bd0 

  0x00007e003e762ba8: ;   {metadata(method data for {method} {0x00007e000b41c760} 'getAndBitwiseOrInt' '(Ljava/lang/Object;JI)I' in 'jdk/internal/misc/Unsafe')}
  0x00007e003e762ba8: 49b8 f0fc | dc98 fe7d | 0000 4983 | 8088 0100 | 0001 488b | d64c 8bc7 | 4c8b cb48 | 8bf0 89bc 
  0x00007e003e762bc8: 2400 0100 | 0089 9c24 | f400 0000 

  0x00007e003e762bd4: ;   {optimized virtual_call}
  0x00007e003e762bd4: 6666 90e8 

  0x00007e003e762bd8: ; ImmutableOopMap {[248]=Oop }
                      ;*invokevirtual weakCompareAndSetInt {reexecute=0 rethrow=0 return_oop=0}
                      ; - jdk.internal.misc.Unsafe::getAndBitwiseOrInt@18 (line 3186)
                      ; - java.lang.invoke.VarHandleInts$FieldInstanceReadWrite::getAndBitwiseOr@24 (line 299)
                      ; - java.lang.invoke.VarHandleGuards::guard_LI_I@45 (line 163)
                      ; - java.util.concurrent.ForkJoinTask::getAndBitwiseOrStatus@5 (line 276)
                      ; - java.util.concurrent.ForkJoinTask::setDone@3 (line 303)
                      ; - java.util.concurrent.ForkJoinTask::doExec@31 (line 379)
  0x00007e003e762bd8: c447 8806 | 83f8 00be | 0200 0000 | 0f84 0500 | 0000 be00 

  0x00007e003e762bec: ;   {metadata(method data for {method} {0x00007e000b41c760} 'getAndBitwiseOrInt' '(Ljava/lang/Object;JI)I' in 'jdk/internal/misc/Unsafe')}
  0x00007e003e762bec: 0000 0048 | bff0 fcdc | 98fe 7d00 | 008b 9ff8 | 0000 0003 | de89 9ff8 | 0000 0083 | fe00 0f85 
  0x00007e003e762c0c: 0500 0000 | bb02 0000 | 0081 e3fe | 3f00 0083 | fb00 0f84 | e102 0000 | 4d8b 9748 

  0x00007e003e762c28: ; ImmutableOopMap {[248]=Oop }
                      ;*ifeq {reexecute=1 rethrow=0 return_oop=0}
                      ; - (reexecute) jdk.internal.misc.Unsafe::getAndBitwiseOrInt@21 (line 3186)
                      ; - java.lang.invoke.VarHandleInts$FieldInstanceReadWrite::getAndBitwiseOr@24 (line 299)
                      ; - java.lang.invoke.VarHandleGuards::guard_LI_I@45 (line 163)
                      ; - java.util.concurrent.ForkJoinTask::getAndBitwiseOrStatus@5 (line 276)
                      ; - java.util.concurrent.ForkJoinTask::setDone@3 (line 303)
                      ; - java.util.concurrent.ForkJoinTask::doExec@31 (line 379)
                      ;   {poll}
  0x00007e003e762c28: 0300 0041 | 8502 83f8 

  0x00007e003e762c30: ;   {metadata(method data for {method} {0x00007e000b41c760} 'getAndBitwiseOrInt' '(Ljava/lang/Object;JI)I' in 'jdk/internal/misc/Unsafe')}
  0x00007e003e762c30: 0048 bef0 | fcdc 98fe | 7d00 0048 | c7c7 c001 | 0000 0f84 | 0700 0000 | 48c7 c7d0 | 0100 0048 
  0x00007e003e762c50: 8b1c 3e48 | 8d5b 0148 | 891c 3e0f | 841f ffff | ff48 8bb4 | 24f8 0000 

  0x00007e003e762c68: ;   {metadata(method data for {method} {0x00007e000b1a8fc8} 'setDone' '()I' in 'java/util/concurrent/ForkJoinTask')}
  0x00007e003e762c68: 0048 bf48 | f5dc 98fe | 7d00 0048 | 8387 7001 | 0000 0148 | 8bb4 24f8 | 0000 000f 

  0x00007e003e762c84: ;   {optimized virtual_call}
  0x00007e003e762c84: 1f40 00e8 

  0x00007e003e762c88: ; ImmutableOopMap {}
                      ;*invokevirtual signalWaiters {reexecute=0 rethrow=0 return_oop=0}
                      ; - java.util.concurrent.ForkJoinTask::setDone@11 (line 304)
                      ; - java.util.concurrent.ForkJoinTask::doExec@31 (line 379)
  0x00007e003e762c88: d494 f9ff | 8b9c 24f4 | 0000 0048 | 8bfb 488b | c748 81c4 | 2001 0000 

  0x00007e003e762ca0: ;   {poll_return}
  0x00007e003e762ca0: 5d49 3ba7 | 4003 0000 | 0f87 7802 | 0000 c390 

  0x00007e003e762cb0: ;   {no_reloc}
  0x00007e003e762cb0: e996 0200 | 0000 0000 | 0000 488b | de49 8b87 | 0801 0000 | 488d 7828 | 493b bf18 | 0100 000f 
  0x00007e003e762cd0: 8780 0200 | 0049 89bf | 0801 0000 | 48c7 0001 | 0000 0048 | 8bca 49ba | 0000 000b | 007e 0000 
  0x00007e003e762cf0: 492b ca89 | 4808 4833 | c989 480c | 4833 c948 | 8948 1048 | 8948 1848 

  0x00007e003e762d08: ;   {oop(a 'java/lang/Class'{0x00000000ffe2cc38} = 'java/util/concurrent/ForkJoinTask')}
  0x00007e003e762d08: 8948 2048 | be38 cce2 | ff00 0000 | 0048 8bd6 

  0x00007e003e762d18: ;   {metadata(method data for {method} {0x00007e000b440770} 'cast' '(Ljava/lang/Object;)Ljava/lang/Object;' in 'java/lang/Class')}
  0x00007e003e762d18: 48bf 1867 | 1f07 007e | 0000 4883 | 87b0 0100 | 0001 488b | d348 8984 | 2408 0100 

  0x00007e003e762d34: ;   {optimized virtual_call}
  0x00007e003e762d34: 0066 90e8 

  0x00007e003e762d38: ; ImmutableOopMap {[264]=Oop [248]=Oop }
                      ;*invokevirtual cannotCastMsg {reexecute=0 rethrow=0 return_oop=0}
                      ; - java.lang.Class::cast@18 (line 3892)
                      ; - java.lang.invoke.VarHandleInts$FieldInstanceReadWrite::getAndBitwiseOr@13 (line 299)
                      ; - java.lang.invoke.VarHandleGuards::guard_LI_I@45 (line 163)
                      ; - java.util.concurrent.ForkJoinTask::getAndBitwiseOrStatus@5 (line 276)
                      ; - java.util.concurrent.ForkJoinTask::setDone@3 (line 303)
                      ; - java.util.concurrent.ForkJoinTask::doExec@31 (line 379)
  0x00007e003e762d38: 4453 0206 | 488b 9424 | 0801 0000 

  0x00007e003e762d44: ;   {metadata(method data for {method} {0x00007e000b440770} 'cast' '(Ljava/lang/Object;)Ljava/lang/Object;' in 'java/lang/Class')}
  0x00007e003e762d44: 48be 1867 | 1f07 007e | 0000 4883 | 86e8 0100 | 0001 488b | d048 8bb4 | 2408 0100 | 0066 0f1f 
  0x00007e003e762d64: ;   {optimized virtual_call}
  0x00007e003e762d64: 4400 00e8 

  0x00007e003e762d68: ; ImmutableOopMap {[264]=Oop [248]=Oop }
                      ;*invokespecial <init> {reexecute=0 rethrow=0 return_oop=0}
                      ; - java.lang.Class::cast@21 (line 3892)
                      ; - java.lang.invoke.VarHandleInts$FieldInstanceReadWrite::getAndBitwiseOr@13 (line 299)
                      ; - java.lang.invoke.VarHandleGuards::guard_LI_I@45 (line 163)
                      ; - java.util.concurrent.ForkJoinTask::getAndBitwiseOrStatus@5 (line 276)
                      ; - java.util.concurrent.ForkJoinTask::setDone@3 (line 303)
                      ; - java.util.concurrent.ForkJoinTask::doExec@31 (line 379)
  0x00007e003e762d68: 1453 0206 | 488b 8424 | 0801 0000 | e908 0200 

  0x00007e003e762d78: ;   {metadata({method} {0x00007e000b1a9020} 'doExec' '()I' in 'java/util/concurrent/ForkJoinTask')}
  0x00007e003e762d78: 0049 ba20 | 901a 0b00 | 7e00 004c | 8954 2408 | 48c7 0424 | ffff ffff 

  0x00007e003e762d90: ;   {runtime_call counter_overflow Runtime1 stub}
  0x00007e003e762d90: e8eb c70c 

  0x00007e003e762d94: ; ImmutableOopMap {rsi=Oop [248]=Oop }
                      ;*synchronization entry
                      ; - java.util.concurrent.ForkJoinTask::doExec@-1 (line 371)
  0x00007e003e762d94: 06e9 e5f5 

  0x00007e003e762d98: ;   {metadata({method} {0x00007e000b1a76c8} 'trySetException' '(Ljava/lang/Throwable;)I' in 'java/util/concurrent/ForkJoinTask')}
  0x00007e003e762d98: ffff 49ba | c876 1a0b | 007e 0000 | 4c89 5424 | 0848 c704 | 24ff ffff 

  0x00007e003e762db0: ;   {runtime_call counter_overflow Runtime1 stub}
  0x00007e003e762db0: ffe8 cac7 

  0x00007e003e762db4: ; ImmutableOopMap {[248]=Oop rax=Oop }
                      ;*synchronization entry
                      ; - java.util.concurrent.ForkJoinTask::trySetException@-1 (line 351)
                      ; - java.util.concurrent.ForkJoinTask::doExec@20 (line 375)
  0x00007e003e762db4: 0c06 e9ae 

  0x00007e003e762db8: ;   {metadata({method} {0x00007e000b1a8fc8} 'setDone' '()I' in 'java/util/concurrent/ForkJoinTask')}
  0x00007e003e762db8: f7ff ff49 | bac8 8f1a | 0b00 7e00 | 004c 8954 | 2408 48c7 | 0424 ffff 

  0x00007e003e762dd0: ;   {runtime_call counter_overflow Runtime1 stub}
  0x00007e003e762dd0: ffff e8a9 

  0x00007e003e762dd4: ; ImmutableOopMap {rsi=Oop [248]=Oop }
                      ;*synchronization entry
                      ; - java.util.concurrent.ForkJoinTask::setDone@-1 (line 303)
                      ; - java.util.concurrent.ForkJoinTask::doExec@31 (line 379)
  0x00007e003e762dd4: c70c 06e9 | 38f8 ffff 

  0x00007e003e762ddc: ;   {metadata({method} {0x00007e000b1a8ec0} 'getAndBitwiseOrStatus' '(I)I' in 'java/util/concurrent/ForkJoinTask')}
  0x00007e003e762ddc: 49ba c08e | 1a0b 007e | 0000 4c89 | 5424 0848 | c704 24ff 

  0x00007e003e762df0: ;   {runtime_call counter_overflow Runtime1 stub}
  0x00007e003e762df0: ffff ffe8 

  0x00007e003e762df4: ; ImmutableOopMap {rsi=Oop [248]=Oop }
                      ;*synchronization entry
                      ; - java.util.concurrent.ForkJoinTask::getAndBitwiseOrStatus@-1 (line 276)
                      ; - java.util.concurrent.ForkJoinTask::setDone@3 (line 303)
                      ; - java.util.concurrent.ForkJoinTask::doExec@31 (line 379)
  0x00007e003e762df4: 88c7 0c06 | e954 f8ff 

  0x00007e003e762dfc: ;   {metadata({method} {0x00007e000b1830e8} 'guard_LI_I' '(Ljava/lang/invoke/VarHandle;Ljava/lang/Object;ILjava/lang/invoke/VarHandle$AccessDescriptor;)I' in 'java/lang/invoke/VarHandleGuards')}
  0x00007e003e762dfc: ff49 bae8 | 3018 0b00 | 7e00 004c | 8954 2408 | 48c7 0424 | ffff ffff 

  0x00007e003e762e14: ;   {runtime_call counter_overflow Runtime1 stub}
  0x00007e003e762e14: e867 c70c 

  0x00007e003e762e18: ; ImmutableOopMap {rsi=Oop [248]=Oop rcx=Oop }
                      ;*synchronization entry
                      ; - java.lang.invoke.VarHandleGuards::guard_LI_I@-1 (line 161)
                      ; - java.util.concurrent.ForkJoinTask::getAndBitwiseOrStatus@5 (line 276)
                      ; - java.util.concurrent.ForkJoinTask::setDone@3 (line 303)
                      ; - java.util.concurrent.ForkJoinTask::doExec@31 (line 379)
  0x00007e003e762e18: 06e9 1df9 

  0x00007e003e762e1c: ;   {metadata({method} {0x00007e000b0c9848} 'checkExactAccessMode' '(Ljava/lang/invoke/VarHandle$AccessDescriptor;)V' in 'java/lang/invoke/VarHandle')}
  0x00007e003e762e1c: ffff 49ba | 4898 0c0b | 007e 0000 | 4c89 5424 | 0848 c704 | 24ff ffff 

  0x00007e003e762e34: ;   {runtime_call counter_overflow Runtime1 stub}
  0x00007e003e762e34: ffe8 46c7 

  0x00007e003e762e38: ; ImmutableOopMap {rsi=Oop [248]=Oop }
                      ;*synchronization entry
                      ; - java.lang.invoke.VarHandle::checkExactAccessMode@-1 (line 2042)
                      ; - java.lang.invoke.VarHandleGuards::guard_LI_I@2 (line 161)
                      ; - java.util.concurrent.ForkJoinTask::getAndBitwiseOrStatus@5 (line 276)
                      ; - java.util.concurrent.ForkJoinTask::setDone@3 (line 303)
                      ; - java.util.concurrent.ForkJoinTask::doExec@31 (line 379)
  0x00007e003e762e38: 0c06 e966 

  0x00007e003e762e3c: ;   {metadata({method} {0x00007e000b0c4510} 'isDirect' '()Z' in 'java/lang/invoke/VarHandle')}
  0x00007e003e762e3c: f9ff ff49 | ba10 450c | 0b00 7e00 | 004c 8954 | 2408 48c7 | 0424 ffff 

  0x00007e003e762e54: ;   {runtime_call counter_overflow Runtime1 stub}
  0x00007e003e762e54: ffff e825 

  0x00007e003e762e58: ; ImmutableOopMap {rsi=Oop [248]=Oop }
                      ;*synchronization entry
                      ; - java.lang.invoke.VarHandle::isDirect@-1 (line 497)
                      ; - java.lang.invoke.VarHandleGuards::guard_LI_I@6 (line 162)
                      ; - java.util.concurrent.ForkJoinTask::getAndBitwiseOrStatus@5 (line 276)
                      ; - java.util.concurrent.ForkJoinTask::setDone@3 (line 303)
                      ; - java.util.concurrent.ForkJoinTask::doExec@31 (line 379)
  0x00007e003e762e58: c70c 06e9 | 1dfa ffff 

  0x00007e003e762e60: ;   {metadata({method} {0x00007e000b180be8} 'getMemberName' '(I)Ljava/lang/invoke/MemberName;' in 'java/lang/invoke/VarForm')}
  0x00007e003e762e60: 49ba e80b | 180b 007e | 0000 4c89 | 5424 0848 | c704 24ff 

  0x00007e003e762e74: ;   {runtime_call counter_overflow Runtime1 stub}
  0x00007e003e762e74: ffff ffe8 

  0x00007e003e762e78: ; ImmutableOopMap {rsi=Oop [248]=Oop }
                      ;*synchronization entry
                      ; - java.lang.invoke.VarForm::getMemberName@-1 (line 114)
                      ; - java.lang.invoke.VarHandleGuards::guard_LI_I@42 (line 163)
                      ; - java.util.concurrent.ForkJoinTask::getAndBitwiseOrStatus@5 (line 276)
                      ; - java.util.concurrent.ForkJoinTask::setDone@3 (line 303)
                      ; - java.util.concurrent.ForkJoinTask::doExec@31 (line 379)
  0x00007e003e762e78: 04c7 0c06 | e960 faff 

  0x00007e003e762e80: ;   {metadata({method} {0x00007e000b215f18} 'getAndBitwiseOr' '(Ljava/lang/invoke/VarHandle;Ljava/lang/Object;I)I' in 'java/lang/invoke/VarHandleInts$FieldInstanceReadWrite')}
  0x00007e003e762e80: ff49 ba18 | 5f21 0b00 | 7e00 004c | 8954 2408 | 48c7 0424 | ffff ffff 

  0x00007e003e762e98: ;   {runtime_call counter_overflow Runtime1 stub}
  0x00007e003e762e98: e8e3 c60c 

  0x00007e003e762e9c: ; ImmutableOopMap {rsi=Oop [248]=Oop }
                      ;*synchronization entry
                      ; - java.lang.invoke.VarHandleInts$FieldInstanceReadWrite::getAndBitwiseOr@-1 (line 298)
                      ; - java.lang.invoke.VarHandleGuards::guard_LI_I@45 (line 163)
                      ; - java.util.concurrent.ForkJoinTask::getAndBitwiseOrStatus@5 (line 276)
                      ; - java.util.concurrent.ForkJoinTask::setDone@3 (line 303)
                      ; - java.util.concurrent.ForkJoinTask::doExec@31 (line 379)
  0x00007e003e762e9c: 06e9 26fb 

  0x00007e003e762ea0: ;   {metadata({method} {0x00007e000b440770} 'cast' '(Ljava/lang/Object;)Ljava/lang/Object;' in 'java/lang/Class')}
  0x00007e003e762ea0: ffff 49ba | 7007 440b | 007e 0000 | 4c89 5424 | 0848 c704 | 24ff ffff 

  0x00007e003e762eb8: ;   {runtime_call counter_overflow Runtime1 stub}
  0x00007e003e762eb8: ffe8 c2c6 

  0x00007e003e762ebc: ; ImmutableOopMap {rsi=Oop [248]=Oop }
                      ;*synchronization entry
                      ; - java.lang.Class::cast@-1 (line 3891)
                      ; - java.lang.invoke.VarHandleInts$FieldInstanceReadWrite::getAndBitwiseOr@13 (line 299)
                      ; - java.lang.invoke.VarHandleGuards::guard_LI_I@45 (line 163)
                      ; - java.util.concurrent.ForkJoinTask::getAndBitwiseOrStatus@5 (line 276)
                      ; - java.util.concurrent.ForkJoinTask::setDone@3 (line 303)
                      ; - java.util.concurrent.ForkJoinTask::doExec@31 (line 379)
  0x00007e003e762ebc: 0c06 e949 

  0x00007e003e762ec0: ;   {metadata({method} {0x00007e000b074ec8} 'requireNonNull' '(Ljava/lang/Object;)Ljava/lang/Object;' in 'java/util/Objects')}
  0x00007e003e762ec0: fbff ff49 | bac8 4e07 | 0b00 7e00 | 004c 8954 | 2408 48c7 | 0424 ffff 

  0x00007e003e762ed8: ;   {runtime_call counter_overflow Runtime1 stub}
  0x00007e003e762ed8: ffff e8a1 

  0x00007e003e762edc: ; ImmutableOopMap {rsi=Oop [248]=Oop }
                      ;*synchronization entry
                      ; - java.util.Objects::requireNonNull@-1 (line 208)
                      ; - java.lang.invoke.VarHandleInts$FieldInstanceReadWrite::getAndBitwiseOr@16 (line 299)
                      ; - java.lang.invoke.VarHandleGuards::guard_LI_I@45 (line 163)
                      ; - java.util.concurrent.ForkJoinTask::getAndBitwiseOrStatus@5 (line 276)
                      ; - java.util.concurrent.ForkJoinTask::setDone@3 (line 303)
                      ; - java.util.concurrent.ForkJoinTask::doExec@31 (line 379)
  0x00007e003e762edc: c60c 06e9 | 04fc ffff 

  0x00007e003e762ee4: ;   {metadata({method} {0x00007e000b41c760} 'getAndBitwiseOrInt' '(Ljava/lang/Object;JI)I' in 'jdk/internal/misc/Unsafe')}
  0x00007e003e762ee4: 49ba 60c7 | 410b 007e | 0000 4c89 | 5424 0848 | c704 24ff 

  0x00007e003e762ef8: ;   {runtime_call counter_overflow Runtime1 stub}
  0x00007e003e762ef8: ffff ffe8 

  0x00007e003e762efc: ; ImmutableOopMap {rsi=Oop [248]=Oop }
                      ;*synchronization entry
                      ; - jdk.internal.misc.Unsafe::getAndBitwiseOrInt@-1 (line 3185)
                      ; - java.lang.invoke.VarHandleInts$FieldInstanceReadWrite::getAndBitwiseOr@24 (line 299)
                      ; - java.lang.invoke.VarHandleGuards::guard_LI_I@45 (line 163)
                      ; - java.util.concurrent.ForkJoinTask::getAndBitwiseOrStatus@5 (line 276)
                      ; - java.util.concurrent.ForkJoinTask::setDone@3 (line 303)
                      ; - java.util.concurrent.ForkJoinTask::doExec@31 (line 379)
  0x00007e003e762efc: 80c6 0c06 | e976 fcff 

  0x00007e003e762f04: ;   {metadata({method} {0x00007e000b41c760} 'getAndBitwiseOrInt' '(Ljava/lang/Object;JI)I' in 'jdk/internal/misc/Unsafe')}
  0x00007e003e762f04: ff49 ba60 | c741 0b00 | 7e00 004c | 8954 2408 | 48c7 0424 | 1500 0000 

  0x00007e003e762f1c: ;   {runtime_call counter_overflow Runtime1 stub}
  0x00007e003e762f1c: e85f c60c 

  0x00007e003e762f20: ; ImmutableOopMap {[248]=Oop }
                      ;*ifeq {reexecute=1 rethrow=0 return_oop=0}
                      ; - (reexecute) jdk.internal.misc.Unsafe::getAndBitwiseOrInt@21 (line 3186)
                      ; - java.lang.invoke.VarHandleInts$FieldInstanceReadWrite::getAndBitwiseOr@24 (line 299)
                      ; - java.lang.invoke.VarHandleGuards::guard_LI_I@45 (line 163)
                      ; - java.util.concurrent.ForkJoinTask::getAndBitwiseOrStatus@5 (line 276)
                      ; - java.util.concurrent.ForkJoinTask::setDone@3 (line 303)
                      ; - java.util.concurrent.ForkJoinTask::doExec@31 (line 379)
  0x00007e003e762f20: 06e9 fefc 

  0x00007e003e762f24: ;   {internal_word}
  0x00007e003e762f24: ffff 49ba | a12c 763e | 007e 0000 | 4d89 9758 

  0x00007e003e762f34: ;   {runtime_call SafepointBlob}
  0x00007e003e762f34: 0300 00e9 | c4b7 0206 

  0x00007e003e762f3c: ;   {metadata(NULL)}
  0x00007e003e762f3c: 48ba 0000 | 0000 0000 | 0000 b800 

  0x00007e003e762f48: ;   {runtime_call load_klass_patching Runtime1 stub}
  0x00007e003e762f48: 0f05 0ae8 

  0x00007e003e762f4c: ; ImmutableOopMap {rsi=Oop [248]=Oop }
                      ;*new {reexecute=1 rethrow=0 return_oop=0}
                      ; - (reexecute) java.lang.Class::cast@12 (line 3892)
                      ; - java.lang.invoke.VarHandleInts$FieldInstanceReadWrite::getAndBitwiseOr@13 (line 299)
                      ; - java.lang.invoke.VarHandleGuards::guard_LI_I@45 (line 163)
                      ; - java.util.concurrent.ForkJoinTask::getAndBitwiseOrStatus@5 (line 276)
                      ; - java.util.concurrent.ForkJoinTask::setDone@3 (line 303)
                      ; - java.util.concurrent.ForkJoinTask::doExec@31 (line 379)
  0x00007e003e762f4c: b0b5 0c06 | e95b fdff | ff48 8bd2 

  0x00007e003e762f58: ;   {runtime_call fast_new_instance Runtime1 stub}
  0x00007e003e762f58: e823 7b0c 

  0x00007e003e762f5c: ; ImmutableOopMap {rbx=Oop [248]=Oop }
                      ;*new {reexecute=0 rethrow=0 return_oop=0}
                      ; - java.lang.Class::cast@12 (line 3892)
                      ; - java.lang.invoke.VarHandleInts$FieldInstanceReadWrite::getAndBitwiseOr@13 (line 299)
                      ; - java.lang.invoke.VarHandleGuards::guard_LI_I@45 (line 163)
                      ; - java.util.concurrent.ForkJoinTask::getAndBitwiseOrStatus@5 (line 276)
                      ; - java.util.concurrent.ForkJoinTask::setDone@3 (line 303)
                      ; - java.util.concurrent.ForkJoinTask::doExec@31 (line 379)
  0x00007e003e762f5c: 06e9 a9fd | ffff 9090 | 498b 87d0 | 0300 0049 | c787 d003 | 0000 0000 | 0000 49c7 | 87d8 0300 
  0x00007e003e762f7c: 0000 0000 | 0048 81c4 | 2001 0000 

  0x00007e003e762f88: ;   {runtime_call unwind_exception Runtime1 stub}
  0x00007e003e762f88: 5de9 f256 | 0c06 f4f4 | f4f4 f4f4 | f4f4 f4f4 | f4f4 f4f4 | f4f4 f4f4 
[Stub Code]
  0x00007e003e762fa0: ;   {no_reloc}
  0x00007e003e762fa0: 0f1f 4400 

  0x00007e003e762fa4: ;   {static_stub}
  0x00007e003e762fa4: 0048 bb00 | 0000 0000 

  0x00007e003e762fac: ;   {runtime_call}
  0x00007e003e762fac: 0000 00e9 | fbff ffff 

  0x00007e003e762fb4: ;   {static_stub}
  0x00007e003e762fb4: 9048 bb00 | 0000 0000 

  0x00007e003e762fbc: ;   {runtime_call}
  0x00007e003e762fbc: 0000 00e9 | fbff ffff 

  0x00007e003e762fc4: ;   {static_stub}
  0x00007e003e762fc4: 9048 bb00 | 0000 0000 

  0x00007e003e762fcc: ;   {runtime_call}
  0x00007e003e762fcc: 0000 00e9 | fbff ffff 

  0x00007e003e762fd4: ;   {static_stub}
  0x00007e003e762fd4: 9048 bb00 | 0000 0000 

  0x00007e003e762fdc: ;   {runtime_call}
  0x00007e003e762fdc: 0000 00e9 | fbff ffff 

  0x00007e003e762fe4: ;   {static_stub}
  0x00007e003e762fe4: 9048 bb00 | 0000 0000 

  0x00007e003e762fec: ;   {runtime_call}
  0x00007e003e762fec: 0000 00e9 | fbff ffff 

  0x00007e003e762ff4: ;   {static_stub}
  0x00007e003e762ff4: 9048 bb00 | 0000 0000 

  0x00007e003e762ffc: ;   {runtime_call}
  0x00007e003e762ffc: 0000 00e9 | fbff ffff 
[Exception Handler]
  0x00007e003e763004: ;   {runtime_call handle_exception_from_callee Runtime1 stub}
  0x00007e003e763004: e877 8f0c 

  0x00007e003e763008: ;   {external_word}
  0x00007e003e763008: 0648 bf52 | 37c4 5b00 | 7e00 0048 

  0x00007e003e763014: ;   {runtime_call MacroAssembler::debug64(char*, long, long*)}
  0x00007e003e763014: 83e4 f0e8 | b45a 051d 

  0x00007e003e76301c: ;   {section_word}
  0x00007e003e76301c: f449 ba1d | 3076 3e00 | 7e00 0041 

  0x00007e003e763028: ;   {runtime_call DeoptimizationBlob}
  0x00007e003e763028: 52e9 72a9 | 0206 f4f4 
[/MachCode]


---------------  P R O C E S S  ---------------

Threads class SMR info:
_java_thread_list=0x00007dfed00102f0, length=133, elements={
0x00007e005402ca10, 0x00007e0054160ec0, 0x00007e00541622a0, 0x00007e0054167500,
0x00007e00541688b0, 0x00007e0054169cc0, 0x00007e005416b670, 0x00007e005416cba0,
0x00007e0054176000, 0x00007e0054181620, 0x00007e005421ab40, 0x00007e005521d930,
0x00007e005527b710, 0x00007e00552c2c60, 0x00007dffac1c2400, 0x00007dffac2c35c0,
0x00007dffac34ea60, 0x00007dffac7261c0, 0x00007dffac727040, 0x00007dffaca252a0,
0x00007dffacb19890, 0x00007dffacb261d0, 0x00007dffacde3420, 0x00007dffacf70e40,
0x00007dffacf890f0, 0x00007dffacf853b0, 0x00007dffacf83af0, 0x00007dffacfa3d50,
0x00007dffacf97e10, 0x00007dffacfea630, 0x00007dffad188ac0, 0x00007dffad23e480,
0x00007dffad9615e0, 0x00007dffb8017070, 0x00007dff640089f0, 0x00007dff64001840,
0x00007dff640021d0, 0x00007dff4c00a490, 0x00007dff4c00d0b0, 0x00007dff4c00d650,
0x00007dff4c002480, 0x00007dff4c00c540, 0x00007dff4c1d9210, 0x00007dff4c1da2d0,
0x00007dff4c062eb0, 0x00007dff4c0656b0, 0x00007dff4c066630, 0x00007dff4c067130,
0x00007dff4c0681e0, 0x00007dff4c069100, 0x00007dff4c069dd0, 0x00007dff4c06acf0,
0x00007dff4c06b9d0, 0x00007dff4c06c500, 0x00007dff4c06d5e0, 0x00007dff4c06e500,
0x00007dff4c064be0, 0x00007dff4c0981a0, 0x00007dfeec004a40, 0x00007dfeec004fb0,
0x00007dfeec01a3d0, 0x00007dfeec01ae30, 0x00007dfeec01bae0, 0x00007dfee4005d40,
0x00007dfeec0062f0, 0x00007dfeec006d70, 0x00007dfeec007e30, 0x00007dfeec0013f0,
0x00007dfeec002540, 0x00007dfeec0036a0, 0x00007dfeec00bc20, 0x00007dfeec015f50,
0x00007dfeec016c50, 0x00007dfeec017ea0, 0x00007dfeec0191a0, 0x00007dfeec00cd30,
0x00007dfeec00dec0, 0x00007dfeec00f1b0, 0x00007dfeec0100b0, 0x00007dfeec0113b0,
0x00007dfeec0122c0, 0x00007dfee8042b90, 0x00007dfecc013610, 0x00007dfecc012a70,
0x00007dfecc003c40, 0x00007dfecc004610, 0x00007dfecc00f6c0, 0x00007dfecc010950,
0x00007dfecc001480, 0x00007dfecc002790, 0x00007dfecc006470, 0x00007dfecc007360,
0x00007dfecc008640, 0x00007dfecc018960, 0x00007dfecc019220, 0x00007dfecc01add0,
0x00007dfecc01ba90, 0x00007dfecc01c990, 0x00007dfecc01dd20, 0x00007dfecc01ed00,
0x00007dfecc01fcb0, 0x00007dfecc020c70, 0x00007dfecc022020, 0x00007dfecc0233e0,
0x00007dfecc027380, 0x00007dff8c0100a0, 0x00007dfed003e0a0, 0x00007dffec6ddf10,
0x00007dffec22f080, 0x00007dffec230040, 0x00007dffec231400, 0x00007dfee800fee0,
0x00007dffec232850, 0x00007dffec5aa9d0, 0x00007dffec5ac260, 0x00007dffec5adb90,
0x00007dfee8010450, 0x00007e00340508e0, 0x00007e003407d0b0, 0x00007e003400adb0,
0x00007e003407e240, 0x00007dffe0007590, 0x00007dfea83b2be0, 0x00007dfea4006390,
0x00007dfeb0042270, 0x00007dfeac002c50, 0x00007dfeb8004140, 0x00007dfeb400a7c0,
0x00007dfec0020fb0, 0x00007dfebc00aa10, 0x00007dfec80ec150, 0x00007dfec4003690,
0x00007dfed0128eb0
}

Java Threads: ( => current thread )
  0x00007e005402ca10 JavaThread "main" [_thread_blocked, id=430053, stack(0x00007e005abae000,0x00007e005acae000)]
  0x00007e0054160ec0 JavaThread "Reference Handler" daemon [_thread_blocked, id=430060, stack(0x00007e003cc2b000,0x00007e003cd2b000)]
  0x00007e00541622a0 JavaThread "Finalizer" daemon [_thread_blocked, id=430061, stack(0x00007e003cb2b000,0x00007e003cc2b000)]
  0x00007e0054167500 JavaThread "Signal Dispatcher" daemon [_thread_blocked, id=430062, stack(0x00007e003ca2b000,0x00007e003cb2b000)]
  0x00007e00541688b0 JavaThread "Service Thread" daemon [_thread_blocked, id=430063, stack(0x00007e003c100000,0x00007e003c200000)]
  0x00007e0054169cc0 JavaThread "Monitor Deflation Thread" daemon [_thread_blocked, id=430064, stack(0x00007e003c000000,0x00007e003c100000)]
  0x00007e005416b670 JavaThread "C2 CompilerThread0" daemon [_thread_blocked, id=430065, stack(0x00007e002df00000,0x00007e002e000000)]
  0x00007e005416cba0 JavaThread "C1 CompilerThread0" daemon [_thread_blocked, id=430066, stack(0x00007e002de00000,0x00007e002df00000)]
  0x00007e0054176000 JavaThread "Sweeper thread" daemon [_thread_blocked, id=430067, stack(0x00007e002dd00000,0x00007e002de00000)]
  0x00007e0054181620 JavaThread "Common-Cleaner" daemon [_thread_blocked, id=430069, stack(0x00007e002dc00000,0x00007e002dd00000)]
  0x00007e005421ab40 JavaThread "Notification Thread" daemon [_thread_blocked, id=430070, stack(0x00007e002db00000,0x00007e002dc00000)]
  0x00007e005521d930 JavaThread "Daemon health stats" [_thread_blocked, id=430086, stack(0x00007e002cafe000,0x00007e002cbfe000)]
  0x00007e005527b710 JavaThread "Incoming local TCP Connector on port 35961" [_thread_in_native, id=430087, stack(0x00007e002c9fe000,0x00007e002cafe000)]
  0x00007e00552c2c60 JavaThread "Daemon periodic checks" [_thread_blocked, id=430088, stack(0x00007e002c8fe000,0x00007e002c9fe000)]
  0x00007dffac1c2400 JavaThread "Cache worker for journal cache (/home/vialatol/.gradle/caches/journal-1)" [_thread_blocked, id=430098, stack(0x00007e0006cf9000,0x00007e0006df9000)]
  0x00007dffac2c35c0 JavaThread "File lock request listener" [_thread_in_native, id=430099, stack(0x00007e0006bf9000,0x00007e0006cf9000)]
  0x00007dffac34ea60 JavaThread "Cache worker for file hash cache (/home/vialatol/.gradle/caches/8.7/fileHashes)" [_thread_blocked, id=430100, stack(0x00007e002c0fe000,0x00007e002c1fe000)]
  0x00007dffac7261c0 JavaThread "File watcher server" daemon [_thread_in_native, id=430107, stack(0x00007e0006e00000,0x00007e0006f00000)]
  0x00007dffac727040 JavaThread "File watcher consumer" daemon [_thread_blocked, id=430108, stack(0x00007e0006af9000,0x00007e0006bf9000)]
  0x00007dffaca252a0 JavaThread "Cache worker for file content cache (/home/vialatol/.gradle/caches/8.7/fileContent)" [_thread_blocked, id=430120, stack(0x00007e0005ff3000,0x00007e00060f3000)]
  0x00007dffacb19890 JavaThread "jar transforms" [_thread_blocked, id=430121, stack(0x00007e0005ef3000,0x00007e0005ff3000)]
  0x00007dffacb261d0 JavaThread "jar transforms Thread 2" [_thread_blocked, id=430122, stack(0x00007e0005df3000,0x00007e0005ef3000)]
  0x00007dffacde3420 JavaThread "jar transforms Thread 3" [_thread_blocked, id=430123, stack(0x00007e0005cf3000,0x00007e0005df3000)]
  0x00007dffacf70e40 JavaThread "jar transforms Thread 4" [_thread_blocked, id=430128, stack(0x00007e00057f3000,0x00007e00058f3000)]
  0x00007dffacf890f0 JavaThread "jar transforms Thread 5" [_thread_blocked, id=430129, stack(0x00007e00056f3000,0x00007e00057f3000)]
  0x00007dffacf853b0 JavaThread "jar transforms Thread 6" [_thread_blocked, id=430130, stack(0x00007e00055f3000,0x00007e00056f3000)]
  0x00007dffacf83af0 JavaThread "jar transforms Thread 7" [_thread_blocked, id=430131, stack(0x00007e00054f3000,0x00007e00055f3000)]
  0x00007dffacfa3d50 JavaThread "jar transforms Thread 8" [_thread_blocked, id=430132, stack(0x00007e00053f3000,0x00007e00054f3000)]
  0x00007dffacf97e10 JavaThread "jar transforms Thread 9" [_thread_blocked, id=430133, stack(0x00007e00052f3000,0x00007e00053f3000)]
  0x00007dffacfea630 JavaThread "jar transforms Thread 10" [_thread_blocked, id=430134, stack(0x00007e00051f3000,0x00007e00052f3000)]
  0x00007dffad188ac0 JavaThread "jar transforms Thread 11" [_thread_blocked, id=430136, stack(0x00007e0004ff3000,0x00007e00050f3000)]
  0x00007dffad23e480 JavaThread "jar transforms Thread 12" [_thread_blocked, id=430159, stack(0x00007dfedf800000,0x00007dfedf900000)]
  0x00007dffad9615e0 JavaThread "Memory manager" [_thread_blocked, id=430166, stack(0x00007dfedf1fc000,0x00007dfedf2fc000)]
  0x00007dffb8017070 JavaThread "Daemon Thread 2" [_thread_blocked, id=442723, stack(0x00007dfe97100000,0x00007dfe97200000)]
  0x00007dff640089f0 JavaThread "Handler for socket connection from /127.0.0.1:35961 to /127.0.0.1:55140" [_thread_in_native, id=442724, stack(0x00007dfe97300000,0x00007dfe97400000)]
  0x00007dff64001840 JavaThread "Cancel handler" [_thread_blocked, id=442725, stack(0x00007dfe97500000,0x00007dfe97600000)]
  0x00007dff640021d0 JavaThread "Daemon worker Thread 2" [_thread_blocked, id=442726, stack(0x00007dfe96a00000,0x00007dfe96b00000)]
  0x00007dff4c00a490 JavaThread "Asynchronous log dispatcher for DefaultDaemonConnection: socket connection from /127.0.0.1:35961 to /127.0.0.1:55140" [_thread_blocked, id=442729, stack(0x00007dfe97400000,0x00007dfe97500000)]
  0x00007dff4c00d0b0 JavaThread "Stdin handler" [_thread_blocked, id=442730, stack(0x00007dfe96e00000,0x00007dfe96f00000)]
  0x00007dff4c00d650 JavaThread "Daemon client event forwarder" [_thread_blocked, id=442731, stack(0x00007dfe97200000,0x00007dfe97300000)]
  0x00007dff4c002480 JavaThread "Cache worker for file hash cache (/home/vialatol/StudioProjects/fakedawn/.gradle/8.7/fileHashes)" [_thread_blocked, id=442732, stack(0x00007dfe96c00000,0x00007dfe96d00000)]
  0x00007dff4c00c540 JavaThread "Cache worker for checksums cache (/home/vialatol/StudioProjects/fakedawn/.gradle/8.7/checksums)" [_thread_blocked, id=442733, stack(0x00007dfe97000000,0x00007dfe97100000)]
  0x00007dff4c1d9210 JavaThread "Cache worker for cache directory md-supplier (/home/vialatol/.gradle/caches/8.7/md-supplier)" [_thread_blocked, id=442734, stack(0x00007e002c7fe000,0x00007e002c8fe000)]
  0x00007dff4c1da2d0 JavaThread "Cache worker for cache directory md-rule (/home/vialatol/.gradle/caches/8.7/md-rule)" [_thread_blocked, id=442735, stack(0x00007e002c3fe000,0x00007e002c4fe000)]
  0x00007dff4c062eb0 JavaThread "Cache worker for Build Output Cleanup Cache (/home/vialatol/StudioProjects/fakedawn/.gradle/buildOutputCleanup)" [_thread_blocked, id=442740, stack(0x00007e002c4fe000,0x00007e002c5fe000)]
  0x00007dff4c0656b0 JavaThread "Unconstrained build operations" [_thread_blocked, id=442741, stack(0x00007dfedf0fc000,0x00007dfedf1fc000)]
  0x00007dff4c066630 JavaThread "Unconstrained build operations Thread 2" [_thread_blocked, id=442742, stack(0x00007dfe96f00000,0x00007dfe97000000)]
  0x00007dff4c067130 JavaThread "Unconstrained build operations Thread 3" [_thread_blocked, id=442743, stack(0x00007e00069f9000,0x00007e0006af9000)]
  0x00007dff4c0681e0 JavaThread "Unconstrained build operations Thread 4" [_thread_blocked, id=442744, stack(0x00007e002c6fe000,0x00007e002c7fe000)]
  0x00007dff4c069100 JavaThread "Unconstrained build operations Thread 5" [_thread_blocked, id=442745, stack(0x00007e002c5fe000,0x00007e002c6fe000)]
  0x00007dff4c069dd0 JavaThread "Unconstrained build operations Thread 6" [_thread_blocked, id=442746, stack(0x00007e002c2fe000,0x00007e002c3fe000)]
  0x00007dff4c06acf0 JavaThread "Unconstrained build operations Thread 7" [_thread_blocked, id=442747, stack(0x00007e002c1fe000,0x00007e002c2fe000)]
  0x00007dff4c06b9d0 JavaThread "Unconstrained build operations Thread 8" [_thread_blocked, id=442748, stack(0x00007dfedd0fc000,0x00007dfedd1fc000)]
  0x00007dff4c06c500 JavaThread "Unconstrained build operations Thread 9" [_thread_blocked, id=442749, stack(0x00007dfea1900000,0x00007dfea1a00000)]
  0x00007dff4c06d5e0 JavaThread "Unconstrained build operations Thread 10" [_thread_blocked, id=442750, stack(0x00007dfea3800000,0x00007dfea3900000)]
  0x00007dff4c06e500 JavaThread "Unconstrained build operations Thread 11" [_thread_blocked, id=442751, stack(0x00007dfeddbfc000,0x00007dfeddcfc000)]
  0x00007dff4c064be0 JavaThread "build event listener" [_thread_blocked, id=442752, stack(0x00007dfedd1fc000,0x00007dfedd2fc000)]
  0x00007dff4c0981a0 JavaThread "included builds" [_thread_blocked, id=442753, stack(0x00007dfea1200000,0x00007dfea1300000)]
  0x00007dfeec004a40 JavaThread "Execution worker" [_thread_blocked, id=442754, stack(0x00007dfedd9fc000,0x00007dfeddafc000)]
  0x00007dfeec004fb0 JavaThread "Execution worker Thread 2" [_thread_blocked, id=442755, stack(0x00007dfea3700000,0x00007dfea3800000)]
  0x00007dfeec01a3d0 JavaThread "Execution worker Thread 3" [_thread_blocked, id=442756, stack(0x00007e00059f3000,0x00007e0005af3000)]
  0x00007dfeec01ae30 JavaThread "Execution worker Thread 4" [_thread_blocked, id=442757, stack(0x00007dfedcffc000,0x00007dfedd0fc000)]
  0x00007dfeec01bae0 JavaThread "Execution worker Thread 5" [_thread_blocked, id=442758, stack(0x00007dfea0900000,0x00007dfea0a00000)]
  0x00007dfee4005d40 JavaThread "Cache worker for execution history cache (/home/vialatol/StudioProjects/fakedawn/.gradle/8.7/executionHistory)" [_thread_blocked, id=442759, stack(0x00007e00040f3000,0x00007e00041f3000)]
  0x00007dfeec0062f0 JavaThread "Execution worker Thread 6" [_thread_blocked, id=442760, stack(0x00007e00049f3000,0x00007e0004af3000)]
  0x00007dfeec006d70 JavaThread "Execution worker Thread 7" [_thread_blocked, id=442761, stack(0x00007dfea2b00000,0x00007dfea2c00000)]
  0x00007dfeec007e30 JavaThread "Execution worker Thread 8" [_thread_blocked, id=442762, stack(0x00007dfedfc00000,0x00007dfedfd00000)]
  0x00007dfeec0013f0 JavaThread "Execution worker Thread 9" [_thread_blocked, id=442763, stack(0x00007dfedd4fc000,0x00007dfedd5fc000)]
  0x00007dfeec002540 JavaThread "Execution worker Thread 10" [_thread_blocked, id=442764, stack(0x00007dfea2f00000,0x00007dfea3000000)]
  0x00007dfeec0036a0 JavaThread "Execution worker Thread 11" [_thread_blocked, id=442765, stack(0x00007dfea3e00000,0x00007dfea3f00000)]
  0x00007dfeec00bc20 JavaThread "Unconstrained build operations Thread 12" [_thread_blocked, id=442768, stack(0x00007dfeddafc000,0x00007dfeddbfc000)]
  0x00007dfeec015f50 JavaThread "Unconstrained build operations Thread 13" [_thread_blocked, id=442769, stack(0x00007dfedff00000,0x00007dfee0000000)]
  0x00007dfeec016c50 JavaThread "Unconstrained build operations Thread 14" [_thread_blocked, id=442770, stack(0x00007e0006f00000,0x00007e0007000000)]
  0x00007dfeec017ea0 JavaThread "Unconstrained build operations Thread 15" [_thread_blocked, id=442771, stack(0x00007e00062f3000,0x00007e00063f3000)]
  0x00007dfeec0191a0 JavaThread "Unconstrained build operations Thread 16" [_thread_blocked, id=442772, stack(0x00007e00061f3000,0x00007e00062f3000)]
  0x00007dfeec00cd30 JavaThread "Unconstrained build operations Thread 17" [_thread_blocked, id=442773, stack(0x00007e00060f3000,0x00007e00061f3000)]
  0x00007dfeec00dec0 JavaThread "Unconstrained build operations Thread 18" [_thread_blocked, id=442774, stack(0x00007e0005bf3000,0x00007e0005cf3000)]
  0x00007dfeec00f1b0 JavaThread "Unconstrained build operations Thread 19" [_thread_blocked, id=442775, stack(0x00007e0005af3000,0x00007e0005bf3000)]
  0x00007dfeec0100b0 JavaThread "Unconstrained build operations Thread 20" [_thread_blocked, id=442776, stack(0x00007e00058f3000,0x00007e00059f3000)]
  0x00007dfeec0113b0 JavaThread "Unconstrained build operations Thread 21" [_thread_blocked, id=442777, stack(0x00007e00050f3000,0x00007e00051f3000)]
  0x00007dfeec0122c0 JavaThread "Unconstrained build operations Thread 22" [_thread_blocked, id=442778, stack(0x00007e0004ef3000,0x00007e0004ff3000)]
  0x00007dfee8042b90 JavaThread "WorkerExecutor Queue" [_thread_blocked, id=442781, stack(0x00007e0004df3000,0x00007e0004ef3000)]
  0x00007dfecc013610 JavaThread "Unconstrained build operations Thread 23" [_thread_blocked, id=442782, stack(0x00007e0004cf3000,0x00007e0004df3000)]
  0x00007dfecc012a70 JavaThread "Unconstrained build operations Thread 24" [_thread_blocked, id=442783, stack(0x00007e0004bf3000,0x00007e0004cf3000)]
  0x00007dfecc003c40 JavaThread "Unconstrained build operations Thread 25" [_thread_blocked, id=442784, stack(0x00007e0004af3000,0x00007e0004bf3000)]
  0x00007dfecc004610 JavaThread "Unconstrained build operations Thread 26" [_thread_blocked, id=442785, stack(0x00007e00048f3000,0x00007e00049f3000)]
  0x00007dfecc00f6c0 JavaThread "Unconstrained build operations Thread 27" [_thread_blocked, id=442786, stack(0x00007e00047f3000,0x00007e00048f3000)]
  0x00007dfecc010950 JavaThread "Unconstrained build operations Thread 28" [_thread_blocked, id=442787, stack(0x00007e00046f3000,0x00007e00047f3000)]
  0x00007dfecc001480 JavaThread "Unconstrained build operations Thread 29" [_thread_blocked, id=442788, stack(0x00007e00045f3000,0x00007e00046f3000)]
  0x00007dfecc002790 JavaThread "Unconstrained build operations Thread 30" [_thread_blocked, id=442789, stack(0x00007e00044f3000,0x00007e00045f3000)]
  0x00007dfecc006470 JavaThread "Unconstrained build operations Thread 31" [_thread_blocked, id=442790, stack(0x00007e00043f3000,0x00007e00044f3000)]
  0x00007dfecc007360 JavaThread "Unconstrained build operations Thread 32" [_thread_blocked, id=442791, stack(0x00007e00042f3000,0x00007e00043f3000)]
  0x00007dfecc008640 JavaThread "Unconstrained build operations Thread 33" [_thread_blocked, id=442792, stack(0x00007e00041f3000,0x00007e00042f3000)]
  0x00007dfecc018960 JavaThread "Unconstrained build operations Thread 34" [_thread_blocked, id=442796, stack(0x00007dfedfe00000,0x00007dfedff00000)]
  0x00007dfecc019220 JavaThread "Unconstrained build operations Thread 35" [_thread_blocked, id=442797, stack(0x00007dfedfd00000,0x00007dfedfe00000)]
  0x00007dfecc01add0 JavaThread "Unconstrained build operations Thread 36" [_thread_blocked, id=442798, stack(0x00007dfedfb00000,0x00007dfedfc00000)]
  0x00007dfecc01ba90 JavaThread "Unconstrained build operations Thread 37" [_thread_blocked, id=442799, stack(0x00007dfedfa00000,0x00007dfedfb00000)]
  0x00007dfecc01c990 JavaThread "Unconstrained build operations Thread 38" [_thread_blocked, id=442800, stack(0x00007dfedf900000,0x00007dfedfa00000)]
  0x00007dfecc01dd20 JavaThread "Unconstrained build operations Thread 39" [_thread_blocked, id=442801, stack(0x00007dfedf2fc000,0x00007dfedf3fc000)]
  0x00007dfecc01ed00 JavaThread "Unconstrained build operations Thread 40" [_thread_blocked, id=442802, stack(0x00007dfedeffc000,0x00007dfedf0fc000)]
  0x00007dfecc01fcb0 JavaThread "Unconstrained build operations Thread 41" [_thread_blocked, id=442803, stack(0x00007dfedeefc000,0x00007dfedeffc000)]
  0x00007dfecc020c70 JavaThread "Unconstrained build operations Thread 42" [_thread_blocked, id=442804, stack(0x00007dfededfc000,0x00007dfedeefc000)]
  0x00007dfecc022020 JavaThread "Unconstrained build operations Thread 43" [_thread_blocked, id=442805, stack(0x00007dfedecfc000,0x00007dfededfc000)]
  0x00007dfecc0233e0 JavaThread "Unconstrained build operations Thread 44" [_thread_blocked, id=442806, stack(0x00007dfedebfc000,0x00007dfedecfc000)]
  0x00007dfecc027380 JavaThread "WorkerExecutor Queue Thread 2" [_thread_blocked, id=442807, stack(0x00007dfedeafc000,0x00007dfedebfc000)]
  0x00007dff8c0100a0 JavaThread "WorkerExecutor Queue Thread 3" [_thread_blocked, id=442808, stack(0x00007dfede9fc000,0x00007dfedeafc000)]
  0x00007dfed003e0a0 JavaThread "WorkerExecutor Queue Thread 4" [_thread_blocked, id=442809, stack(0x00007dfede8fc000,0x00007dfede9fc000)]
  0x00007dffec6ddf10 JavaThread "WorkerExecutor Queue Thread 5" [_thread_blocked, id=442810, stack(0x00007dfede7fc000,0x00007dfede8fc000)]
  0x00007dffec22f080 JavaThread "WorkerExecutor Queue Thread 6" [_thread_blocked, id=442811, stack(0x00007dfede6fc000,0x00007dfede7fc000)]
  0x00007dffec230040 JavaThread "WorkerExecutor Queue Thread 7" [_thread_blocked, id=442812, stack(0x00007dfede5fc000,0x00007dfede6fc000)]
  0x00007dffec231400 JavaThread "WorkerExecutor Queue Thread 8" [_thread_blocked, id=442813, stack(0x00007dfede4fc000,0x00007dfede5fc000)]
  0x00007dfee800fee0 JavaThread "WorkerExecutor Queue Thread 9" [_thread_blocked, id=442814, stack(0x00007dfede3fc000,0x00007dfede4fc000)]
  0x00007dffec232850 JavaThread "WorkerExecutor Queue Thread 10" [_thread_blocked, id=442815, stack(0x00007dfede2fc000,0x00007dfede3fc000)]
  0x00007dffec5aa9d0 JavaThread "WorkerExecutor Queue Thread 11" [_thread_blocked, id=442816, stack(0x00007dfede1fc000,0x00007dfede2fc000)]
  0x00007dffec5ac260 JavaThread "WorkerExecutor Queue Thread 12" [_thread_blocked, id=442817, stack(0x00007dfede0fc000,0x00007dfede1fc000)]
  0x00007dffec5adb90 JavaThread "WorkerExecutor Queue Thread 13" [_thread_blocked, id=442818, stack(0x00007dfeddffc000,0x00007dfede0fc000)]
  0x00007dfee8010450 JavaThread "Unconstrained build operations Thread 45" [_thread_blocked, id=442820, stack(0x00007dfeddefc000,0x00007dfeddffc000)]
  0x00007e00340508e0 JavaThread "pool-7-thread-1" [_thread_blocked, id=442821, stack(0x00007dfedddfc000,0x00007dfeddefc000)]
  0x00007e003407d0b0 JavaThread "process reaper (pid 442822)" daemon [_thread_in_native, id=442823, stack(0x00007e004c213000,0x00007e004c235000)]
  0x00007e003400adb0 JavaThread "stderr" [_thread_blocked, id=442824, stack(0x00007dfeddcfc000,0x00007dfedddfc000)]
  0x00007e003407e240 JavaThread "stdout" [_thread_in_native, id=442826, stack(0x00007dfedd8fc000,0x00007dfedd9fc000)]
  0x00007dffe0007590 JavaThread "ForkJoinPool-2-worker-1" daemon [_thread_blocked, id=442827, stack(0x00007dfedd7fc000,0x00007dfedd8fc000)]
  0x00007dfea83b2be0 JavaThread "ForkJoinPool-2-worker-2" daemon [_thread_blocked, id=442828, stack(0x00007dfedd6fc000,0x00007dfedd7fc000)]
  0x00007dfea4006390 JavaThread "ForkJoinPool-2-worker-3" daemon [_thread_blocked, id=442829, stack(0x00007dfedd5fc000,0x00007dfedd6fc000)]
  0x00007dfeb0042270 JavaThread "ForkJoinPool-2-worker-4" daemon [_thread_blocked, id=442830, stack(0x00007dfedd3fc000,0x00007dfedd4fc000)]
  0x00007dfeac002c50 JavaThread "ForkJoinPool-2-worker-5" daemon [_thread_blocked, id=442831, stack(0x00007dfedd2fc000,0x00007dfedd3fc000)]
  0x00007dfeb8004140 JavaThread "ForkJoinPool-2-worker-6" daemon [_thread_blocked, id=442832, stack(0x00007dfedcefc000,0x00007dfedcffc000)]
  0x00007dfeb400a7c0 JavaThread "ForkJoinPool-2-worker-7" daemon [_thread_blocked, id=442833, stack(0x00007dfedcdfc000,0x00007dfedcefc000)]
  0x00007dfec0020fb0 JavaThread "ForkJoinPool-2-worker-8" daemon [_thread_blocked, id=442834, stack(0x00007dfedccfc000,0x00007dfedcdfc000)]
=>0x00007dfebc00aa10 JavaThread "ForkJoinPool-2-worker-9" daemon [_thread_in_Java, id=442835, stack(0x00007dfedcbfc000,0x00007dfedccfc000)]
  0x00007dfec80ec150 JavaThread "ForkJoinPool-2-worker-10" daemon [_thread_blocked, id=442836, stack(0x00007dfedcafc000,0x00007dfedcbfc000)]
  0x00007dfec4003690 JavaThread "ForkJoinPool-2-worker-11" daemon [_thread_blocked, id=442837, stack(0x00007dfedc9fc000,0x00007dfedcafc000)]
  0x00007dfed0128eb0 JavaThread "ForkJoinPool-2-worker-12" daemon [_thread_blocked, id=442838, stack(0x00007dfedc8fc000,0x00007dfedc9fc000)]

Other Threads:
  0x00007e005415cb60 VMThread "VM Thread" [stack: 0x00007e003cd2c000,0x00007e003ce2c000] [id=430059] _threads_hazard_ptr=0x00007dfed00102f0
  0x00007e005402f280 WatcherThread [stack: 0x00007e002da00000,0x00007e002db00000] [id=430071]
  0x00007e005405bc80 GCTaskThread "GC Thread#0" [stack: 0x00007e0058b00000,0x00007e0058c00000] [id=430054]
  0x00007e0024006a00 GCTaskThread "GC Thread#1" [stack: 0x00007e002d8ff000,0x00007e002d9ff000] [id=430077]
  0x00007e0024007420 GCTaskThread "GC Thread#2" [stack: 0x00007e002d500000,0x00007e002d600000] [id=430078]
  0x00007e0024008230 GCTaskThread "GC Thread#3" [stack: 0x00007e002d100000,0x00007e002d200000] [id=430079]
  0x00007e0024009040 GCTaskThread "GC Thread#4" [stack: 0x00007e002cd00000,0x00007e002ce00000] [id=430080]
  0x00007e0024009e50 GCTaskThread "GC Thread#5" [stack: 0x00007e002cbff000,0x00007e002ccff000] [id=430081]
  0x00007e002400d730 GCTaskThread "GC Thread#6" [stack: 0x00007e00068f9000,0x00007e00069f9000] [id=430111]
  0x00007e002400ded0 GCTaskThread "GC Thread#7" [stack: 0x00007e00067f8000,0x00007e00068f8000] [id=430112]
  0x00007e002400ece0 GCTaskThread "GC Thread#8" [stack: 0x00007e00066f7000,0x00007e00067f7000] [id=430113]
  0x00007e002400faf0 GCTaskThread "GC Thread#9" [stack: 0x00007e00065f6000,0x00007e00066f6000] [id=430114]
  0x00007e00540612a0 ConcurrentGCThread "G1 Main Marker" [stack: 0x00007e00589ff000,0x00007e0058aff000] [id=430055]
  0x00007e0054062210 ConcurrentGCThread "G1 Conc#0" [stack: 0x00007e00588fe000,0x00007e00589fe000] [id=430056]
  0x00007e0030000eb0 ConcurrentGCThread "G1 Conc#1" [stack: 0x00007e00064f5000,0x00007e00065f5000] [id=430115]
  0x00007e0030001d00 ConcurrentGCThread "G1 Conc#2" [stack: 0x00007e00063f4000,0x00007e00064f4000] [id=430116]
  0x00007e0054137d20 ConcurrentGCThread "G1 Refine#0" [stack: 0x00007e003cfff000,0x00007e003d0ff000] [id=430057]
  0x00007e0028000eb0 ConcurrentGCThread "G1 Refine#1" [stack: 0x00007dfedf700000,0x00007dfedf800000] [id=430160]
  0x00007dfeb8000eb0 ConcurrentGCThread "G1 Refine#2" [stack: 0x00007dfedf5ff000,0x00007dfedf6ff000] [id=430161]
  0x00007dfeac000eb0 ConcurrentGCThread "G1 Refine#3" [stack: 0x00007dfedf4fe000,0x00007dfedf5fe000] [id=430162]
  0x00007dfeb0000eb0 ConcurrentGCThread "G1 Refine#4" [stack: 0x00007dfedf3fd000,0x00007dfedf4fd000] [id=430163]
  0x00007e0054138c20 ConcurrentGCThread "G1 Service" [stack: 0x00007e003cefe000,0x00007e003cffe000] [id=430058]

Threads with active compile tasks:
C2 CompilerThread0  2092152 20698   !   4       com.android.tools.r8.dex.a::b (3881 bytes)

VM state: synchronizing (normal execution)

VM Mutex/Monitor currently owned by a thread:  ([mutex/lock_event])
[0x00007e0054029820] Threads_lock - owner thread: 0x00007e005415cb60
[0x00007e0054029fd0] Heap_lock - owner thread: 0x00007dfec0020fb0

Heap address: 0x00000000e0000000, size: 512 MB, Compressed Oops mode: 32-bit

CDS archive(s) mapped at: [0x00007e000b000000-0x00007e000bbc7000-0x00007e000bbc7000), size 12349440, SharedBaseAddress: 0x00007e000b000000, ArchiveRelocationMode: 1.
Compressed class space mapped at: 0x00007e000c000000-0x00007e0020000000, reserved size: 335544320
Narrow klass base: 0x00007e000b000000, Narrow klass shift: 0, Narrow klass range: 0x100000000

GC Precious Log:
 CPUs: 12 total, 12 available
 Memory: 7625M
 Large Page Support: Disabled
 NUMA Support: Disabled
 Compressed Oops: Enabled (32-bit)
 Heap Region Size: 1M
 Heap Min Capacity: 256M
 Heap Initial Capacity: 256M
 Heap Max Capacity: 512M
 Pre-touch: Disabled
 Parallel Workers: 10
 Concurrent Workers: 3
 Concurrent Refinement Workers: 10
 Periodic GC: Disabled

Heap:
 garbage-first heap   total 415744K, used 359725K [0x00000000e0000000, 0x0000000100000000)
  region size 1024K, 167 young (171008K), 8 survivors (8192K)
 Metaspace       used 116516K, committed 117632K, reserved 458752K
  class space    used 16142K, committed 16640K, reserved 327680K

Heap Regions: E=young(eden), S=young(survivor), O=old, HS=humongous(starts), HC=humongous(continues), CS=collection set, F=free, OA=open archive, CA=closed archive, TAMS=top-at-mark-start (previous, next)
|   0|0x00000000e0000000, 0x00000000e0100000, 0x00000000e0100000|100%|HS|  |TAMS 0x00000000e0100000, 0x00000000e0000000| Complete 
|   1|0x00000000e0100000, 0x00000000e0200000, 0x00000000e0200000|100%|HC|  |TAMS 0x00000000e0200000, 0x00000000e0100000| Complete 
|   2|0x00000000e0200000, 0x00000000e0300000, 0x00000000e0300000|100%|HC|  |TAMS 0x00000000e0300000, 0x00000000e0200000| Complete 
|   3|0x00000000e0300000, 0x00000000e0400000, 0x00000000e0400000|100%|HC|  |TAMS 0x00000000e0400000, 0x00000000e0300000| Complete 
|   4|0x00000000e0400000, 0x00000000e0500000, 0x00000000e0500000|100%| O|  |TAMS 0x00000000e0500000, 0x00000000e0400000| Untracked 
|   5|0x00000000e0500000, 0x00000000e0600000, 0x00000000e0600000|100%| O|  |TAMS 0x00000000e0600000, 0x00000000e0500000| Untracked 
|   6|0x00000000e0600000, 0x00000000e0700000, 0x00000000e0700000|100%| O|  |TAMS 0x00000000e0700000, 0x00000000e0600000| Untracked 
|   7|0x00000000e0700000, 0x00000000e0800000, 0x00000000e0800000|100%| O|  |TAMS 0x00000000e0800000, 0x00000000e0700000| Untracked 
|   8|0x00000000e0800000, 0x00000000e0900000, 0x00000000e0900000|100%| O|  |TAMS 0x00000000e0900000, 0x00000000e0800000| Untracked 
|   9|0x00000000e0900000, 0x00000000e0a00000, 0x00000000e0a00000|100%| O|  |TAMS 0x00000000e0a00000, 0x00000000e0900000| Untracked 
|  10|0x00000000e0a00000, 0x00000000e0b00000, 0x00000000e0b00000|100%| O|  |TAMS 0x00000000e0b00000, 0x00000000e0a00000| Untracked 
|  11|0x00000000e0b00000, 0x00000000e0c00000, 0x00000000e0c00000|100%|HS|  |TAMS 0x00000000e0b00000, 0x00000000e0b00000| Complete 
|  12|0x00000000e0c00000, 0x00000000e0d00000, 0x00000000e0d00000|100%|HS|  |TAMS 0x00000000e0d00000, 0x00000000e0c00000| Complete 
|  13|0x00000000e0d00000, 0x00000000e0e00000, 0x00000000e0e00000|100%|HS|  |TAMS 0x00000000e0e00000, 0x00000000e0d00000| Complete 
|  14|0x00000000e0e00000, 0x00000000e0f00000, 0x00000000e0f00000|100%|HS|  |TAMS 0x00000000e0f00000, 0x00000000e0e00000| Complete 
|  15|0x00000000e0f00000, 0x00000000e1000000, 0x00000000e1000000|100%|HS|  |TAMS 0x00000000e1000000, 0x00000000e0f00000| Complete 
|  16|0x00000000e1000000, 0x00000000e1100000, 0x00000000e1100000|100%| O|  |TAMS 0x00000000e1100000, 0x00000000e1000000| Untracked 
|  17|0x00000000e1100000, 0x00000000e1200000, 0x00000000e1200000|100%| O|  |TAMS 0x00000000e1200000, 0x00000000e1100000| Untracked 
|  18|0x00000000e1200000, 0x00000000e1300000, 0x00000000e1300000|100%| O|  |TAMS 0x00000000e1300000, 0x00000000e1200000| Untracked 
|  19|0x00000000e1300000, 0x00000000e1400000, 0x00000000e1400000|100%| O|  |TAMS 0x00000000e1400000, 0x00000000e1300000| Untracked 
|  20|0x00000000e1400000, 0x00000000e1500000, 0x00000000e1500000|100%| O|  |TAMS 0x00000000e1500000, 0x00000000e1400000| Untracked 
|  21|0x00000000e1500000, 0x00000000e1600000, 0x00000000e1600000|100%| O|  |TAMS 0x00000000e1600000, 0x00000000e1500000| Untracked 
|  22|0x00000000e1600000, 0x00000000e1700000, 0x00000000e1700000|100%| O|  |TAMS 0x00000000e1700000, 0x00000000e1600000| Untracked 
|  23|0x00000000e1700000, 0x00000000e1800000, 0x00000000e1800000|100%| O|  |TAMS 0x00000000e1800000, 0x00000000e1700000| Untracked 
|  24|0x00000000e1800000, 0x00000000e1900000, 0x00000000e1900000|100%| O|  |TAMS 0x00000000e1900000, 0x00000000e1800000| Untracked 
|  25|0x00000000e1900000, 0x00000000e1a00000, 0x00000000e1a00000|100%| O|  |TAMS 0x00000000e1a00000, 0x00000000e1900000| Untracked 
|  26|0x00000000e1a00000, 0x00000000e1b00000, 0x00000000e1b00000|100%| O|  |TAMS 0x00000000e1b00000, 0x00000000e1a00000| Untracked 
|  27|0x00000000e1b00000, 0x00000000e1c00000, 0x00000000e1c00000|100%| O|  |TAMS 0x00000000e1c00000, 0x00000000e1b00000| Untracked 
|  28|0x00000000e1c00000, 0x00000000e1d00000, 0x00000000e1d00000|100%| O|  |TAMS 0x00000000e1d00000, 0x00000000e1c00000| Untracked 
|  29|0x00000000e1d00000, 0x00000000e1e00000, 0x00000000e1e00000|100%|HS|  |TAMS 0x00000000e1e00000, 0x00000000e1d00000| Complete 
|  30|0x00000000e1e00000, 0x00000000e1f00000, 0x00000000e1f00000|100%| O|  |TAMS 0x00000000e1f00000, 0x00000000e1e00000| Untracked 
|  31|0x00000000e1f00000, 0x00000000e2000000, 0x00000000e2000000|100%| O|  |TAMS 0x00000000e2000000, 0x00000000e1f00000| Untracked 
|  32|0x00000000e2000000, 0x00000000e2100000, 0x00000000e2100000|100%| O|  |TAMS 0x00000000e2100000, 0x00000000e2000000| Untracked 
|  33|0x00000000e2100000, 0x00000000e2200000, 0x00000000e2200000|100%| O|  |TAMS 0x00000000e2200000, 0x00000000e2100000| Untracked 
|  34|0x00000000e2200000, 0x00000000e2300000, 0x00000000e2300000|100%| O|  |TAMS 0x00000000e2300000, 0x00000000e2200000| Untracked 
|  35|0x00000000e2300000, 0x00000000e2400000, 0x00000000e2400000|100%| O|  |TAMS 0x00000000e2400000, 0x00000000e2300000| Untracked 
|  36|0x00000000e2400000, 0x00000000e2500000, 0x00000000e2500000|100%| O|  |TAMS 0x00000000e2500000, 0x00000000e2400000| Untracked 
|  37|0x00000000e2500000, 0x00000000e2600000, 0x00000000e2600000|100%| O|  |TAMS 0x00000000e2600000, 0x00000000e2500000| Untracked 
|  38|0x00000000e2600000, 0x00000000e2700000, 0x00000000e2700000|100%| O|  |TAMS 0x00000000e2700000, 0x00000000e2600000| Untracked 
|  39|0x00000000e2700000, 0x00000000e2800000, 0x00000000e2800000|100%| O|  |TAMS 0x00000000e2800000, 0x00000000e2700000| Untracked 
|  40|0x00000000e2800000, 0x00000000e2900000, 0x00000000e2900000|100%| O|  |TAMS 0x00000000e2900000, 0x00000000e2800000| Untracked 
|  41|0x00000000e2900000, 0x00000000e2a00000, 0x00000000e2a00000|100%| O|  |TAMS 0x00000000e2a00000, 0x00000000e2900000| Untracked 
|  42|0x00000000e2a00000, 0x00000000e2b00000, 0x00000000e2b00000|100%| O|  |TAMS 0x00000000e2b00000, 0x00000000e2a00000| Untracked 
|  43|0x00000000e2b00000, 0x00000000e2c00000, 0x00000000e2c00000|100%| O|  |TAMS 0x00000000e2c00000, 0x00000000e2b00000| Untracked 
|  44|0x00000000e2c00000, 0x00000000e2d00000, 0x00000000e2d00000|100%| O|  |TAMS 0x00000000e2d00000, 0x00000000e2c00000| Untracked 
|  45|0x00000000e2d00000, 0x00000000e2e00000, 0x00000000e2e00000|100%| O|  |TAMS 0x00000000e2e00000, 0x00000000e2d00000| Untracked 
|  46|0x00000000e2e00000, 0x00000000e2f00000, 0x00000000e2f00000|100%| O|  |TAMS 0x00000000e2f00000, 0x00000000e2e00000| Untracked 
|  47|0x00000000e2f00000, 0x00000000e3000000, 0x00000000e3000000|100%| O|  |TAMS 0x00000000e3000000, 0x00000000e2f00000| Untracked 
|  48|0x00000000e3000000, 0x00000000e3100000, 0x00000000e3100000|100%| O|  |TAMS 0x00000000e3100000, 0x00000000e3000000| Untracked 
|  49|0x00000000e3100000, 0x00000000e3200000, 0x00000000e3200000|100%| O|  |TAMS 0x00000000e3200000, 0x00000000e3100000| Untracked 
|  50|0x00000000e3200000, 0x00000000e3300000, 0x00000000e3300000|100%| O|  |TAMS 0x00000000e3300000, 0x00000000e3200000| Untracked 
|  51|0x00000000e3300000, 0x00000000e3400000, 0x00000000e3400000|100%| O|  |TAMS 0x00000000e3400000, 0x00000000e3300000| Untracked 
|  52|0x00000000e3400000, 0x00000000e3500000, 0x00000000e3500000|100%| O|  |TAMS 0x00000000e3500000, 0x00000000e3400000| Untracked 
|  53|0x00000000e3500000, 0x00000000e3600000, 0x00000000e3600000|100%| O|  |TAMS 0x00000000e3600000, 0x00000000e3500000| Untracked 
|  54|0x00000000e3600000, 0x00000000e3700000, 0x00000000e3700000|100%| O|  |TAMS 0x00000000e3700000, 0x00000000e3600000| Complete 
|  55|0x00000000e3700000, 0x00000000e3800000, 0x00000000e3800000|100%| O|  |TAMS 0x00000000e3800000, 0x00000000e3700000| Untracked 
|  56|0x00000000e3800000, 0x00000000e3900000, 0x00000000e3900000|100%| O|  |TAMS 0x00000000e3900000, 0x00000000e3800000| Complete 
|  57|0x00000000e3900000, 0x00000000e3a00000, 0x00000000e3a00000|100%| O|  |TAMS 0x00000000e3a00000, 0x00000000e3900000| Complete 
|  58|0x00000000e3a00000, 0x00000000e3b00000, 0x00000000e3b00000|100%| O|  |TAMS 0x00000000e3b00000, 0x00000000e3a00000| Complete 
|  59|0x00000000e3b00000, 0x00000000e3c00000, 0x00000000e3c00000|100%| O|  |TAMS 0x00000000e3c00000, 0x00000000e3b00000| Complete 
|  60|0x00000000e3c00000, 0x00000000e3d00000, 0x00000000e3d00000|100%| O|  |TAMS 0x00000000e3d00000, 0x00000000e3c00000| Untracked 
|  61|0x00000000e3d00000, 0x00000000e3e00000, 0x00000000e3e00000|100%| O|  |TAMS 0x00000000e3e00000, 0x00000000e3d00000| Untracked 
|  62|0x00000000e3e00000, 0x00000000e3f00000, 0x00000000e3f00000|100%| O|  |TAMS 0x00000000e3f00000, 0x00000000e3e00000| Untracked 
|  63|0x00000000e3f00000, 0x00000000e4000000, 0x00000000e4000000|100%| O|  |TAMS 0x00000000e4000000, 0x00000000e3f00000| Untracked 
|  64|0x00000000e4000000, 0x00000000e4100000, 0x00000000e4100000|100%| O|  |TAMS 0x00000000e4100000, 0x00000000e4000000| Untracked 
|  65|0x00000000e4100000, 0x00000000e4200000, 0x00000000e4200000|100%| O|  |TAMS 0x00000000e4200000, 0x00000000e4100000| Untracked 
|  66|0x00000000e4200000, 0x00000000e4300000, 0x00000000e4300000|100%| O|  |TAMS 0x00000000e4300000, 0x00000000e4200000| Untracked 
|  67|0x00000000e4300000, 0x00000000e4400000, 0x00000000e4400000|100%| O|  |TAMS 0x00000000e4400000, 0x00000000e4300000| Untracked 
|  68|0x00000000e4400000, 0x00000000e4500000, 0x00000000e4500000|100%| O|  |TAMS 0x00000000e4500000, 0x00000000e4400000| Untracked 
|  69|0x00000000e4500000, 0x00000000e4600000, 0x00000000e4600000|100%| O|  |TAMS 0x00000000e4600000, 0x00000000e4500000| Complete 
|  70|0x00000000e4600000, 0x00000000e4700000, 0x00000000e4700000|100%| O|  |TAMS 0x00000000e4700000, 0x00000000e4600000| Untracked 
|  71|0x00000000e4700000, 0x00000000e4800000, 0x00000000e4800000|100%| O|  |TAMS 0x00000000e4800000, 0x00000000e4700000| Untracked 
|  72|0x00000000e4800000, 0x00000000e4900000, 0x00000000e4900000|100%| O|  |TAMS 0x00000000e4900000, 0x00000000e4800000| Untracked 
|  73|0x00000000e4900000, 0x00000000e4a00000, 0x00000000e4a00000|100%| O|  |TAMS 0x00000000e4a00000, 0x00000000e4900000| Untracked 
|  74|0x00000000e4a00000, 0x00000000e4b00000, 0x00000000e4b00000|100%| O|  |TAMS 0x00000000e4b00000, 0x00000000e4a00000| Untracked 
|  75|0x00000000e4b00000, 0x00000000e4c00000, 0x00000000e4c00000|100%| O|  |TAMS 0x00000000e4c00000, 0x00000000e4b00000| Untracked 
|  76|0x00000000e4c00000, 0x00000000e4d00000, 0x00000000e4d00000|100%| O|  |TAMS 0x00000000e4d00000, 0x00000000e4c00000| Untracked 
|  77|0x00000000e4d00000, 0x00000000e4e00000, 0x00000000e4e00000|100%| O|  |TAMS 0x00000000e4e00000, 0x00000000e4d00000| Untracked 
|  78|0x00000000e4e00000, 0x00000000e4f00000, 0x00000000e4f00000|100%| O|  |TAMS 0x00000000e4f00000, 0x00000000e4e00000| Untracked 
|  79|0x00000000e4f00000, 0x00000000e5000000, 0x00000000e5000000|100%| O|  |TAMS 0x00000000e5000000, 0x00000000e4f00000| Untracked 
|  80|0x00000000e5000000, 0x00000000e5100000, 0x00000000e5100000|100%| O|  |TAMS 0x00000000e5100000, 0x00000000e5000000| Untracked 
|  81|0x00000000e5100000, 0x00000000e5200000, 0x00000000e5200000|100%| O|  |TAMS 0x00000000e5200000, 0x00000000e5100000| Untracked 
|  82|0x00000000e5200000, 0x00000000e5300000, 0x00000000e5300000|100%| O|  |TAMS 0x00000000e5300000, 0x00000000e5200000| Untracked 
|  83|0x00000000e5300000, 0x00000000e5400000, 0x00000000e5400000|100%| O|  |TAMS 0x00000000e5400000, 0x00000000e5300000| Untracked 
|  84|0x00000000e5400000, 0x00000000e5500000, 0x00000000e5500000|100%| O|  |TAMS 0x00000000e5500000, 0x00000000e5400000| Untracked 
|  85|0x00000000e5500000, 0x00000000e5600000, 0x00000000e5600000|100%| O|  |TAMS 0x00000000e5600000, 0x00000000e5500000| Untracked 
|  86|0x00000000e5600000, 0x00000000e5700000, 0x00000000e5700000|100%| O|  |TAMS 0x00000000e5700000, 0x00000000e5600000| Complete 
|  87|0x00000000e5700000, 0x00000000e5800000, 0x00000000e5800000|100%|HS|  |TAMS 0x00000000e5700000, 0x00000000e5700000| Complete 
|  88|0x00000000e5800000, 0x00000000e5900000, 0x00000000e5900000|100%| O|  |TAMS 0x00000000e5900000, 0x00000000e5800000| Untracked 
|  89|0x00000000e5900000, 0x00000000e5a00000, 0x00000000e5a00000|100%| O|  |TAMS 0x00000000e5a00000, 0x00000000e5900000| Complete 
|  90|0x00000000e5a00000, 0x00000000e5b00000, 0x00000000e5b00000|100%| O|  |TAMS 0x00000000e5b00000, 0x00000000e5a00000| Complete 
|  91|0x00000000e5b00000, 0x00000000e5c00000, 0x00000000e5c00000|100%| O|  |TAMS 0x00000000e5c00000, 0x00000000e5b00000| Complete 
|  92|0x00000000e5c00000, 0x00000000e5d00000, 0x00000000e5d00000|100%| O|  |TAMS 0x00000000e5d00000, 0x00000000e5c00000| Complete 
|  93|0x00000000e5d00000, 0x00000000e5e00000, 0x00000000e5e00000|100%|HS|  |TAMS 0x00000000e5d00000, 0x00000000e5d00000| Complete 
|  94|0x00000000e5e00000, 0x00000000e5f00000, 0x00000000e5f00000|100%| O|  |TAMS 0x00000000e5f00000, 0x00000000e5e00000| Complete 
|  95|0x00000000e5f00000, 0x00000000e6000000, 0x00000000e6000000|100%|HS|  |TAMS 0x00000000e5f00000, 0x00000000e5f00000| Complete 
|  96|0x00000000e6000000, 0x00000000e6100000, 0x00000000e6100000|100%| O|  |TAMS 0x00000000e6100000, 0x00000000e6000000| Complete 
|  97|0x00000000e6100000, 0x00000000e6200000, 0x00000000e6200000|100%| O|  |TAMS 0x00000000e6200000, 0x00000000e6100000| Complete 
|  98|0x00000000e6200000, 0x00000000e6300000, 0x00000000e6300000|100%| O|  |TAMS 0x00000000e6300000, 0x00000000e6200000| Complete 
|  99|0x00000000e6300000, 0x00000000e6400000, 0x00000000e6400000|100%| O|  |TAMS 0x00000000e6400000, 0x00000000e6300000| Complete 
| 100|0x00000000e6400000, 0x00000000e6500000, 0x00000000e6500000|100%| O|  |TAMS 0x00000000e6500000, 0x00000000e6400000| Complete 
| 101|0x00000000e6500000, 0x00000000e6600000, 0x00000000e6600000|100%| O|  |TAMS 0x00000000e6600000, 0x00000000e6500000| Complete 
| 102|0x00000000e6600000, 0x00000000e6700000, 0x00000000e6700000|100%| O|  |TAMS 0x00000000e6700000, 0x00000000e6600000| Untracked 
| 103|0x00000000e6700000, 0x00000000e6800000, 0x00000000e6800000|100%| O|  |TAMS 0x00000000e6800000, 0x00000000e6700000| Complete 
| 104|0x00000000e6800000, 0x00000000e6900000, 0x00000000e6900000|100%| O|  |TAMS 0x00000000e6900000, 0x00000000e6800000| Complete 
| 105|0x00000000e6900000, 0x00000000e6a00000, 0x00000000e6a00000|100%| O|  |TAMS 0x00000000e6a00000, 0x00000000e6900000| Complete 
| 106|0x00000000e6a00000, 0x00000000e6b00000, 0x00000000e6b00000|100%| O|  |TAMS 0x00000000e6b00000, 0x00000000e6a00000| Complete 
| 107|0x00000000e6b00000, 0x00000000e6c00000, 0x00000000e6c00000|100%|HS|  |TAMS 0x00000000e6b00000, 0x00000000e6b00000| Complete 
| 108|0x00000000e6c00000, 0x00000000e6d00000, 0x00000000e6d00000|100%| O|  |TAMS 0x00000000e6d00000, 0x00000000e6c00000| Complete 
| 109|0x00000000e6d00000, 0x00000000e6e00000, 0x00000000e6e00000|100%| O|  |TAMS 0x00000000e6e00000, 0x00000000e6d00000| Complete 
| 110|0x00000000e6e00000, 0x00000000e6f00000, 0x00000000e6f00000|100%| O|  |TAMS 0x00000000e6f00000, 0x00000000e6e00000| Complete 
| 111|0x00000000e6f00000, 0x00000000e6f00000, 0x00000000e7000000|  0%| F|  |TAMS 0x00000000e6f00000, 0x00000000e6f00000| Untracked 
| 112|0x00000000e7000000, 0x00000000e7100000, 0x00000000e7100000|100%| O|  |TAMS 0x00000000e7100000, 0x00000000e7000000| Untracked 
| 113|0x00000000e7100000, 0x00000000e7200000, 0x00000000e7200000|100%| O|  |TAMS 0x00000000e7200000, 0x00000000e7100000| Untracked 
| 114|0x00000000e7200000, 0x00000000e7300000, 0x00000000e7300000|100%| O|  |TAMS 0x00000000e7300000, 0x00000000e7200000| Untracked 
| 115|0x00000000e7300000, 0x00000000e7400000, 0x00000000e7400000|100%| O|  |TAMS 0x00000000e7400000, 0x00000000e7300000| Untracked 
| 116|0x00000000e7400000, 0x00000000e7500000, 0x00000000e7500000|100%| O|  |TAMS 0x00000000e7500000, 0x00000000e7400000| Complete 
| 117|0x00000000e7500000, 0x00000000e7600000, 0x00000000e7600000|100%| O|  |TAMS 0x00000000e7600000, 0x00000000e7500000| Complete 
| 118|0x00000000e7600000, 0x00000000e7700000, 0x00000000e7700000|100%| O|  |TAMS 0x00000000e7700000, 0x00000000e7600000| Complete 
| 119|0x00000000e7700000, 0x00000000e7800000, 0x00000000e7800000|100%| O|  |TAMS 0x00000000e7800000, 0x00000000e7700000| Complete 
| 120|0x00000000e7800000, 0x00000000e7900000, 0x00000000e7900000|100%| O|  |TAMS 0x00000000e7900000, 0x00000000e7800000| Complete 
| 121|0x00000000e7900000, 0x00000000e7a00000, 0x00000000e7a00000|100%| O|  |TAMS 0x00000000e7a00000, 0x00000000e7900000| Complete 
| 122|0x00000000e7a00000, 0x00000000e7b00000, 0x00000000e7b00000|100%| O|  |TAMS 0x00000000e7b00000, 0x00000000e7a00000| Untracked 
| 123|0x00000000e7b00000, 0x00000000e7c00000, 0x00000000e7c00000|100%| O|  |TAMS 0x00000000e7c00000, 0x00000000e7b00000| Complete 
| 124|0x00000000e7c00000, 0x00000000e7d00000, 0x00000000e7d00000|100%| O|  |TAMS 0x00000000e7d00000, 0x00000000e7c00000| Untracked 
| 125|0x00000000e7d00000, 0x00000000e7d00000, 0x00000000e7e00000|  0%| F|  |TAMS 0x00000000e7d00000, 0x00000000e7d00000| Untracked 
| 126|0x00000000e7e00000, 0x00000000e7e00000, 0x00000000e7f00000|  0%| F|  |TAMS 0x00000000e7e00000, 0x00000000e7e00000| Untracked 
| 127|0x00000000e7f00000, 0x00000000e8000000, 0x00000000e8000000|100%| O|  |TAMS 0x00000000e8000000, 0x00000000e7f00000| Complete 
| 128|0x00000000e8000000, 0x00000000e8100000, 0x00000000e8100000|100%| O|  |TAMS 0x00000000e8100000, 0x00000000e8000000| Complete 
| 129|0x00000000e8100000, 0x00000000e8100000, 0x00000000e8200000|  0%| F|  |TAMS 0x00000000e8100000, 0x00000000e8100000| Untracked 
| 130|0x00000000e8200000, 0x00000000e8200000, 0x00000000e8300000|  0%| F|  |TAMS 0x00000000e8200000, 0x00000000e8200000| Untracked 
| 131|0x00000000e8300000, 0x00000000e8400000, 0x00000000e8400000|100%| O|  |TAMS 0x00000000e8400000, 0x00000000e8300000| Complete 
| 132|0x00000000e8400000, 0x00000000e8500000, 0x00000000e8500000|100%| O|  |TAMS 0x00000000e8500000, 0x00000000e8400000| Complete 
| 133|0x00000000e8500000, 0x00000000e8600000, 0x00000000e8600000|100%| O|  |TAMS 0x00000000e8600000, 0x00000000e8500000| Complete 
| 134|0x00000000e8600000, 0x00000000e8700000, 0x00000000e8700000|100%| O|  |TAMS 0x00000000e8700000, 0x00000000e8600000| Complete 
| 135|0x00000000e8700000, 0x00000000e8800000, 0x00000000e8800000|100%| O|  |TAMS 0x00000000e8800000, 0x00000000e8700000| Complete 
| 136|0x00000000e8800000, 0x00000000e8900000, 0x00000000e8900000|100%| O|  |TAMS 0x00000000e8900000, 0x00000000e8800000| Complete 
| 137|0x00000000e8900000, 0x00000000e8a00000, 0x00000000e8a00000|100%| O|  |TAMS 0x00000000e8a00000, 0x00000000e8900000| Complete 
| 138|0x00000000e8a00000, 0x00000000e8b00000, 0x00000000e8b00000|100%|HS|  |TAMS 0x00000000e8a00000, 0x00000000e8a00000| Complete 
| 139|0x00000000e8b00000, 0x00000000e8c00000, 0x00000000e8c00000|100%| O|  |TAMS 0x00000000e8c00000, 0x00000000e8b00000| Complete 
| 140|0x00000000e8c00000, 0x00000000e8d00000, 0x00000000e8d00000|100%|HS|  |TAMS 0x00000000e8c00000, 0x00000000e8c00000| Complete 
| 141|0x00000000e8d00000, 0x00000000e8e00000, 0x00000000e8e00000|100%| O|  |TAMS 0x00000000e8e00000, 0x00000000e8d00000| Complete 
| 142|0x00000000e8e00000, 0x00000000e8f00000, 0x00000000e8f00000|100%|HS|  |TAMS 0x00000000e8e00000, 0x00000000e8e00000| Complete 
| 143|0x00000000e8f00000, 0x00000000e9000000, 0x00000000e9000000|100%|HC|  |TAMS 0x00000000e8f00000, 0x00000000e8f00000| Complete 
| 144|0x00000000e9000000, 0x00000000e9100000, 0x00000000e9100000|100%| O|  |TAMS 0x00000000e9100000, 0x00000000e9000000| Untracked 
| 145|0x00000000e9100000, 0x00000000e9200000, 0x00000000e9200000|100%| O|  |TAMS 0x00000000e9200000, 0x00000000e9100000| Complete 
| 146|0x00000000e9200000, 0x00000000e9300000, 0x00000000e9300000|100%| O|  |TAMS 0x00000000e9300000, 0x00000000e9200000| Complete 
| 147|0x00000000e9300000, 0x00000000e9400000, 0x00000000e9400000|100%| O|  |TAMS 0x00000000e9400000, 0x00000000e9300000| Complete 
| 148|0x00000000e9400000, 0x00000000e9500000, 0x00000000e9500000|100%| O|  |TAMS 0x00000000e9500000, 0x00000000e9400000| Complete 
| 149|0x00000000e9500000, 0x00000000e9500000, 0x00000000e9600000|  0%| F|  |TAMS 0x00000000e9500000, 0x00000000e9500000| Untracked 
| 150|0x00000000e9600000, 0x00000000e9700000, 0x00000000e9700000|100%| O|  |TAMS 0x00000000e9700000, 0x00000000e9600000| Complete 
| 151|0x00000000e9700000, 0x00000000e9800000, 0x00000000e9800000|100%|HS|  |TAMS 0x00000000e9700000, 0x00000000e9700000| Complete 
| 152|0x00000000e9800000, 0x00000000e9900000, 0x00000000e9900000|100%|HC|  |TAMS 0x00000000e9800000, 0x00000000e9800000| Complete 
| 153|0x00000000e9900000, 0x00000000e9a00000, 0x00000000e9a00000|100%|HS|  |TAMS 0x00000000e9900000, 0x00000000e9900000| Complete 
| 154|0x00000000e9a00000, 0x00000000e9b00000, 0x00000000e9b00000|100%|HC|  |TAMS 0x00000000e9a00000, 0x00000000e9a00000| Complete 
| 155|0x00000000e9b00000, 0x00000000e9c00000, 0x00000000e9c00000|100%|HS|  |TAMS 0x00000000e9b00000, 0x00000000e9b00000| Complete 
| 156|0x00000000e9c00000, 0x00000000e9d00000, 0x00000000e9d00000|100%|HC|  |TAMS 0x00000000e9c00000, 0x00000000e9c00000| Complete 
| 157|0x00000000e9d00000, 0x00000000e9e00000, 0x00000000e9e00000|100%|HC|  |TAMS 0x00000000e9d00000, 0x00000000e9d00000| Complete 
| 158|0x00000000e9e00000, 0x00000000e9f00000, 0x00000000e9f00000|100%|HS|  |TAMS 0x00000000e9e00000, 0x00000000e9e00000| Complete 
| 159|0x00000000e9f00000, 0x00000000ea000000, 0x00000000ea000000|100%|HC|  |TAMS 0x00000000e9f00000, 0x00000000e9f00000| Complete 
| 160|0x00000000ea000000, 0x00000000ea100000, 0x00000000ea100000|100%|HS|  |TAMS 0x00000000ea000000, 0x00000000ea000000| Complete 
| 161|0x00000000ea100000, 0x00000000ea200000, 0x00000000ea200000|100%|HC|  |TAMS 0x00000000ea100000, 0x00000000ea100000| Complete 
| 162|0x00000000ea200000, 0x00000000ea300000, 0x00000000ea300000|100%|HS|  |TAMS 0x00000000ea200000, 0x00000000ea200000| Complete 
| 163|0x00000000ea300000, 0x00000000ea400000, 0x00000000ea400000|100%|HS|  |TAMS 0x00000000ea300000, 0x00000000ea300000| Complete 
| 164|0x00000000ea400000, 0x00000000ea500000, 0x00000000ea500000|100%|HS|  |TAMS 0x00000000ea400000, 0x00000000ea400000| Complete 
| 165|0x00000000ea500000, 0x00000000ea600000, 0x00000000ea600000|100%| O|  |TAMS 0x00000000ea600000, 0x00000000ea500000| Complete 
| 166|0x00000000ea600000, 0x00000000ea700000, 0x00000000ea700000|100%|HS|  |TAMS 0x00000000ea600000, 0x00000000ea600000| Complete 
| 167|0x00000000ea700000, 0x00000000ea800000, 0x00000000ea800000|100%|HC|  |TAMS 0x00000000ea700000, 0x00000000ea700000| Complete 
| 168|0x00000000ea800000, 0x00000000ea900000, 0x00000000ea900000|100%|HS|  |TAMS 0x00000000ea800000, 0x00000000ea800000| Complete 
| 169|0x00000000ea900000, 0x00000000eaa00000, 0x00000000eaa00000|100%|HC|  |TAMS 0x00000000ea900000, 0x00000000ea900000| Complete 
| 170|0x00000000eaa00000, 0x00000000eab00000, 0x00000000eab00000|100%|HS|  |TAMS 0x00000000eaa00000, 0x00000000eaa00000| Complete 
| 171|0x00000000eab00000, 0x00000000eac00000, 0x00000000eac00000|100%| O|  |TAMS 0x00000000eac00000, 0x00000000eab00000| Complete 
| 172|0x00000000eac00000, 0x00000000ead00000, 0x00000000ead00000|100%| O|  |TAMS 0x00000000ead00000, 0x00000000eac00000| Complete 
| 173|0x00000000ead00000, 0x00000000eae00000, 0x00000000eae00000|100%| O|  |TAMS 0x00000000eae00000, 0x00000000ead00000| Complete 
| 174|0x00000000eae00000, 0x00000000eae00000, 0x00000000eaf00000|  0%| F|  |TAMS 0x00000000eae00000, 0x00000000eae00000| Untracked 
| 175|0x00000000eaf00000, 0x00000000eb000000, 0x00000000eb000000|100%|HS|  |TAMS 0x00000000eaf00000, 0x00000000eaf00000| Complete 
| 176|0x00000000eb000000, 0x00000000eb100000, 0x00000000eb100000|100%|HC|  |TAMS 0x00000000eb000000, 0x00000000eb000000| Complete 
| 177|0x00000000eb100000, 0x00000000eb200000, 0x00000000eb200000|100%|HS|  |TAMS 0x00000000eb100000, 0x00000000eb100000| Complete 
| 178|0x00000000eb200000, 0x00000000eb300000, 0x00000000eb300000|100%|HC|  |TAMS 0x00000000eb200000, 0x00000000eb200000| Complete 
| 179|0x00000000eb300000, 0x00000000eb400000, 0x00000000eb400000|100%|HS|  |TAMS 0x00000000eb300000, 0x00000000eb300000| Complete 
| 180|0x00000000eb400000, 0x00000000eb500000, 0x00000000eb500000|100%|HS|  |TAMS 0x00000000eb400000, 0x00000000eb400000| Complete 
| 181|0x00000000eb500000, 0x00000000eb600000, 0x00000000eb600000|100%|HC|  |TAMS 0x00000000eb500000, 0x00000000eb500000| Complete 
| 182|0x00000000eb600000, 0x00000000eb700000, 0x00000000eb700000|100%|HS|  |TAMS 0x00000000eb600000, 0x00000000eb600000| Complete 
| 183|0x00000000eb700000, 0x00000000eb800000, 0x00000000eb800000|100%|HC|  |TAMS 0x00000000eb700000, 0x00000000eb700000| Complete 
| 184|0x00000000eb800000, 0x00000000eb900000, 0x00000000eb900000|100%|HC|  |TAMS 0x00000000eb800000, 0x00000000eb800000| Complete 
| 185|0x00000000eb900000, 0x00000000eb900000, 0x00000000eba00000|  0%| F|  |TAMS 0x00000000eb900000, 0x00000000eb900000| Untracked 
| 186|0x00000000eba00000, 0x00000000eba00000, 0x00000000ebb00000|  0%| F|  |TAMS 0x00000000eba00000, 0x00000000eba00000| Untracked 
| 187|0x00000000ebb00000, 0x00000000ebc00000, 0x00000000ebc00000|100%| O|  |TAMS 0x00000000ebc00000, 0x00000000ebb00000| Complete 
| 188|0x00000000ebc00000, 0x00000000ebd00000, 0x00000000ebd00000|100%| O|  |TAMS 0x00000000ebd00000, 0x00000000ebc00000| Complete 
| 189|0x00000000ebd00000, 0x00000000ebd00000, 0x00000000ebe00000|  0%| F|  |TAMS 0x00000000ebd00000, 0x00000000ebd00000| Untracked 
| 190|0x00000000ebe00000, 0x00000000ebf00000, 0x00000000ebf00000|100%|HS|  |TAMS 0x00000000ebe00000, 0x00000000ebe00000| Complete 
| 191|0x00000000ebf00000, 0x00000000ec000000, 0x00000000ec000000|100%|HC|  |TAMS 0x00000000ebf00000, 0x00000000ebf00000| Complete 
| 192|0x00000000ec000000, 0x00000000ec100000, 0x00000000ec100000|100%|HC|  |TAMS 0x00000000ec000000, 0x00000000ec000000| Complete 
| 193|0x00000000ec100000, 0x00000000ec100000, 0x00000000ec200000|  0%| F|  |TAMS 0x00000000ec100000, 0x00000000ec100000| Untracked 
| 194|0x00000000ec200000, 0x00000000ec200000, 0x00000000ec300000|  0%| F|  |TAMS 0x00000000ec200000, 0x00000000ec200000| Untracked 
| 195|0x00000000ec300000, 0x00000000ec300000, 0x00000000ec400000|  0%| F|  |TAMS 0x00000000ec300000, 0x00000000ec300000| Untracked 
| 196|0x00000000ec400000, 0x00000000ec400000, 0x00000000ec500000|  0%| F|  |TAMS 0x00000000ec400000, 0x00000000ec400000| Untracked 
| 197|0x00000000ec500000, 0x00000000ec600000, 0x00000000ec600000|100%| O|  |TAMS 0x00000000ec600000, 0x00000000ec500000| Complete 
| 198|0x00000000ec600000, 0x00000000ec600000, 0x00000000ec700000|  0%| F|  |TAMS 0x00000000ec600000, 0x00000000ec600000| Untracked 
| 199|0x00000000ec700000, 0x00000000ec700000, 0x00000000ec800000|  0%| F|  |TAMS 0x00000000ec700000, 0x00000000ec700000| Untracked 
| 200|0x00000000ec800000, 0x00000000ec800000, 0x00000000ec900000|  0%| F|  |TAMS 0x00000000ec800000, 0x00000000ec800000| Untracked 
| 201|0x00000000ec900000, 0x00000000ec900000, 0x00000000eca00000|  0%| F|  |TAMS 0x00000000ec900000, 0x00000000ec900000| Untracked 
| 202|0x00000000eca00000, 0x00000000eca00000, 0x00000000ecb00000|  0%| F|  |TAMS 0x00000000eca00000, 0x00000000eca00000| Untracked 
| 203|0x00000000ecb00000, 0x00000000ecb00000, 0x00000000ecc00000|  0%| F|  |TAMS 0x00000000ecb00000, 0x00000000ecb00000| Untracked 
| 204|0x00000000ecc00000, 0x00000000ecc00000, 0x00000000ecd00000|  0%| F|  |TAMS 0x00000000ecc00000, 0x00000000ecc00000| Untracked 
| 205|0x00000000ecd00000, 0x00000000ecd00000, 0x00000000ece00000|  0%| F|  |TAMS 0x00000000ecd00000, 0x00000000ecd00000| Untracked 
| 206|0x00000000ece00000, 0x00000000ece00000, 0x00000000ecf00000|  0%| F|  |TAMS 0x00000000ece00000, 0x00000000ece00000| Untracked 
| 207|0x00000000ecf00000, 0x00000000ecf00000, 0x00000000ed000000|  0%| F|  |TAMS 0x00000000ecf00000, 0x00000000ecf00000| Untracked 
| 208|0x00000000ed000000, 0x00000000ed000000, 0x00000000ed100000|  0%| F|  |TAMS 0x00000000ed000000, 0x00000000ed000000| Untracked 
| 209|0x00000000ed100000, 0x00000000ed100000, 0x00000000ed200000|  0%| F|  |TAMS 0x00000000ed100000, 0x00000000ed100000| Untracked 
| 210|0x00000000ed200000, 0x00000000ed200000, 0x00000000ed300000|  0%| F|  |TAMS 0x00000000ed200000, 0x00000000ed200000| Untracked 
| 211|0x00000000ed300000, 0x00000000ed300000, 0x00000000ed400000|  0%| F|  |TAMS 0x00000000ed300000, 0x00000000ed300000| Untracked 
| 212|0x00000000ed400000, 0x00000000ed400000, 0x00000000ed500000|  0%| F|  |TAMS 0x00000000ed400000, 0x00000000ed400000| Untracked 
| 213|0x00000000ed500000, 0x00000000ed500000, 0x00000000ed600000|  0%| F|  |TAMS 0x00000000ed500000, 0x00000000ed500000| Untracked 
| 214|0x00000000ed600000, 0x00000000ed600000, 0x00000000ed700000|  0%| F|  |TAMS 0x00000000ed600000, 0x00000000ed600000| Untracked 
| 215|0x00000000ed700000, 0x00000000ed700000, 0x00000000ed800000|  0%| F|  |TAMS 0x00000000ed700000, 0x00000000ed700000| Untracked 
| 216|0x00000000ed800000, 0x00000000ed800000, 0x00000000ed900000|  0%| F|  |TAMS 0x00000000ed800000, 0x00000000ed800000| Untracked 
| 217|0x00000000ed900000, 0x00000000ed900000, 0x00000000eda00000|  0%| F|  |TAMS 0x00000000ed900000, 0x00000000ed900000| Untracked 
| 218|0x00000000eda00000, 0x00000000eda00000, 0x00000000edb00000|  0%| F|  |TAMS 0x00000000eda00000, 0x00000000eda00000| Untracked 
| 219|0x00000000edb00000, 0x00000000edb00000, 0x00000000edc00000|  0%| F|  |TAMS 0x00000000edb00000, 0x00000000edb00000| Untracked 
| 220|0x00000000edc00000, 0x00000000edc00000, 0x00000000edd00000|  0%| F|  |TAMS 0x00000000edc00000, 0x00000000edc00000| Untracked 
| 221|0x00000000edd00000, 0x00000000edd00000, 0x00000000ede00000|  0%| F|  |TAMS 0x00000000edd00000, 0x00000000edd00000| Untracked 
| 222|0x00000000ede00000, 0x00000000ede00000, 0x00000000edf00000|  0%| F|  |TAMS 0x00000000ede00000, 0x00000000ede00000| Untracked 
| 223|0x00000000edf00000, 0x00000000edf00000, 0x00000000ee000000|  0%| F|  |TAMS 0x00000000edf00000, 0x00000000edf00000| Untracked 
| 224|0x00000000ee000000, 0x00000000ee000000, 0x00000000ee100000|  0%| F|  |TAMS 0x00000000ee000000, 0x00000000ee000000| Untracked 
| 225|0x00000000ee100000, 0x00000000ee100000, 0x00000000ee200000|  0%| F|  |TAMS 0x00000000ee100000, 0x00000000ee100000| Untracked 
| 226|0x00000000ee200000, 0x00000000ee200000, 0x00000000ee300000|  0%| F|  |TAMS 0x00000000ee200000, 0x00000000ee200000| Untracked 
| 227|0x00000000ee300000, 0x00000000ee300000, 0x00000000ee400000|  0%| F|  |TAMS 0x00000000ee300000, 0x00000000ee300000| Untracked 
| 228|0x00000000ee400000, 0x00000000ee400000, 0x00000000ee500000|  0%| F|  |TAMS 0x00000000ee400000, 0x00000000ee400000| Untracked 
| 229|0x00000000ee500000, 0x00000000ee500000, 0x00000000ee600000|  0%| F|  |TAMS 0x00000000ee500000, 0x00000000ee500000| Untracked 
| 230|0x00000000ee600000, 0x00000000ee600000, 0x00000000ee700000|  0%| F|  |TAMS 0x00000000ee600000, 0x00000000ee600000| Untracked 
| 231|0x00000000ee700000, 0x00000000ee700000, 0x00000000ee800000|  0%| F|  |TAMS 0x00000000ee700000, 0x00000000ee700000| Untracked 
| 232|0x00000000ee800000, 0x00000000ee800000, 0x00000000ee900000|  0%| F|  |TAMS 0x00000000ee800000, 0x00000000ee800000| Untracked 
| 233|0x00000000ee900000, 0x00000000ee900000, 0x00000000eea00000|  0%| F|  |TAMS 0x00000000ee900000, 0x00000000ee900000| Untracked 
| 234|0x00000000eea00000, 0x00000000eea00000, 0x00000000eeb00000|  0%| F|  |TAMS 0x00000000eea00000, 0x00000000eea00000| Untracked 
| 235|0x00000000eeb00000, 0x00000000eeb00000, 0x00000000eec00000|  0%| F|  |TAMS 0x00000000eeb00000, 0x00000000eeb00000| Untracked 
| 236|0x00000000eec00000, 0x00000000eed00000, 0x00000000eed00000|100%| E|CS|TAMS 0x00000000eec00000, 0x00000000eec00000| Complete 
| 237|0x00000000eed00000, 0x00000000eee00000, 0x00000000eee00000|100%| E|CS|TAMS 0x00000000eed00000, 0x00000000eed00000| Complete 
| 238|0x00000000eee00000, 0x00000000eef00000, 0x00000000eef00000|100%| E|CS|TAMS 0x00000000eee00000, 0x00000000eee00000| Complete 
| 239|0x00000000eef00000, 0x00000000ef000000, 0x00000000ef000000|100%| E|CS|TAMS 0x00000000eef00000, 0x00000000eef00000| Complete 
| 240|0x00000000ef000000, 0x00000000ef100000, 0x00000000ef100000|100%| E|CS|TAMS 0x00000000ef000000, 0x00000000ef000000| Complete 
| 241|0x00000000ef100000, 0x00000000ef200000, 0x00000000ef200000|100%| E|CS|TAMS 0x00000000ef100000, 0x00000000ef100000| Complete 
| 242|0x00000000ef200000, 0x00000000ef300000, 0x00000000ef300000|100%| O|  |TAMS 0x00000000ef300000, 0x00000000ef200000| Untracked 
| 243|0x00000000ef300000, 0x00000000ef400000, 0x00000000ef400000|100%| E|CS|TAMS 0x00000000ef300000, 0x00000000ef300000| Complete 
| 244|0x00000000ef400000, 0x00000000ef500000, 0x00000000ef500000|100%| E|CS|TAMS 0x00000000ef400000, 0x00000000ef400000| Complete 
| 245|0x00000000ef500000, 0x00000000ef600000, 0x00000000ef600000|100%| E|CS|TAMS 0x00000000ef500000, 0x00000000ef500000| Complete 
| 246|0x00000000ef600000, 0x00000000ef700000, 0x00000000ef700000|100%| E|CS|TAMS 0x00000000ef600000, 0x00000000ef600000| Complete 
| 247|0x00000000ef700000, 0x00000000ef800000, 0x00000000ef800000|100%| E|CS|TAMS 0x00000000ef700000, 0x00000000ef700000| Complete 
| 248|0x00000000ef800000, 0x00000000ef900000, 0x00000000ef900000|100%| E|CS|TAMS 0x00000000ef800000, 0x00000000ef800000| Complete 
| 249|0x00000000ef900000, 0x00000000efa00000, 0x00000000efa00000|100%| E|CS|TAMS 0x00000000ef900000, 0x00000000ef900000| Complete 
| 250|0x00000000efa00000, 0x00000000efb00000, 0x00000000efb00000|100%| E|CS|TAMS 0x00000000efa00000, 0x00000000efa00000| Complete 
| 251|0x00000000efb00000, 0x00000000efc00000, 0x00000000efc00000|100%| E|CS|TAMS 0x00000000efb00000, 0x00000000efb00000| Complete 
| 252|0x00000000efc00000, 0x00000000efd00000, 0x00000000efd00000|100%| E|CS|TAMS 0x00000000efc00000, 0x00000000efc00000| Complete 
| 253|0x00000000efd00000, 0x00000000efe00000, 0x00000000efe00000|100%| E|CS|TAMS 0x00000000efd00000, 0x00000000efd00000| Complete 
| 254|0x00000000efe00000, 0x00000000eff00000, 0x00000000eff00000|100%| E|CS|TAMS 0x00000000efe00000, 0x00000000efe00000| Complete 
| 255|0x00000000eff00000, 0x00000000f0000000, 0x00000000f0000000|100%| E|CS|TAMS 0x00000000eff00000, 0x00000000eff00000| Complete 
| 256|0x00000000f0000000, 0x00000000f0100000, 0x00000000f0100000|100%| E|CS|TAMS 0x00000000f0000000, 0x00000000f0000000| Complete 
| 257|0x00000000f0100000, 0x00000000f0200000, 0x00000000f0200000|100%| E|CS|TAMS 0x00000000f0100000, 0x00000000f0100000| Complete 
| 258|0x00000000f0200000, 0x00000000f0300000, 0x00000000f0300000|100%| E|  |TAMS 0x00000000f0200000, 0x00000000f0200000| Complete 
| 259|0x00000000f0300000, 0x00000000f0400000, 0x00000000f0400000|100%| E|CS|TAMS 0x00000000f0300000, 0x00000000f0300000| Complete 
| 260|0x00000000f0400000, 0x00000000f0500000, 0x00000000f0500000|100%| E|CS|TAMS 0x00000000f0400000, 0x00000000f0400000| Complete 
| 261|0x00000000f0500000, 0x00000000f0600000, 0x00000000f0600000|100%| E|CS|TAMS 0x00000000f0500000, 0x00000000f0500000| Complete 
| 262|0x00000000f0600000, 0x00000000f0700000, 0x00000000f0700000|100%| E|CS|TAMS 0x00000000f0600000, 0x00000000f0600000| Complete 
| 263|0x00000000f0700000, 0x00000000f0800000, 0x00000000f0800000|100%| E|CS|TAMS 0x00000000f0700000, 0x00000000f0700000| Complete 
| 264|0x00000000f0800000, 0x00000000f0900000, 0x00000000f0900000|100%| E|CS|TAMS 0x00000000f0800000, 0x00000000f0800000| Complete 
| 265|0x00000000f0900000, 0x00000000f0a00000, 0x00000000f0a00000|100%| E|CS|TAMS 0x00000000f0900000, 0x00000000f0900000| Complete 
| 266|0x00000000f0a00000, 0x00000000f0b00000, 0x00000000f0b00000|100%| E|CS|TAMS 0x00000000f0a00000, 0x00000000f0a00000| Complete 
| 267|0x00000000f0b00000, 0x00000000f0c00000, 0x00000000f0c00000|100%| E|CS|TAMS 0x00000000f0b00000, 0x00000000f0b00000| Complete 
| 268|0x00000000f0c00000, 0x00000000f0d00000, 0x00000000f0d00000|100%| E|CS|TAMS 0x00000000f0c00000, 0x00000000f0c00000| Complete 
| 269|0x00000000f0d00000, 0x00000000f0e00000, 0x00000000f0e00000|100%| E|CS|TAMS 0x00000000f0d00000, 0x00000000f0d00000| Complete 
| 270|0x00000000f0e00000, 0x00000000f0f00000, 0x00000000f0f00000|100%| E|CS|TAMS 0x00000000f0e00000, 0x00000000f0e00000| Complete 
| 271|0x00000000f0f00000, 0x00000000f1000000, 0x00000000f1000000|100%| E|CS|TAMS 0x00000000f0f00000, 0x00000000f0f00000| Complete 
| 272|0x00000000f1000000, 0x00000000f1100000, 0x00000000f1100000|100%| E|CS|TAMS 0x00000000f1000000, 0x00000000f1000000| Complete 
| 273|0x00000000f1100000, 0x00000000f1200000, 0x00000000f1200000|100%| E|CS|TAMS 0x00000000f1100000, 0x00000000f1100000| Complete 
| 274|0x00000000f1200000, 0x00000000f1300000, 0x00000000f1300000|100%| E|CS|TAMS 0x00000000f1200000, 0x00000000f1200000| Complete 
| 275|0x00000000f1300000, 0x00000000f1400000, 0x00000000f1400000|100%| E|CS|TAMS 0x00000000f1300000, 0x00000000f1300000| Complete 
| 276|0x00000000f1400000, 0x00000000f1500000, 0x00000000f1500000|100%| E|CS|TAMS 0x00000000f1400000, 0x00000000f1400000| Complete 
| 277|0x00000000f1500000, 0x00000000f1600000, 0x00000000f1600000|100%| E|CS|TAMS 0x00000000f1500000, 0x00000000f1500000| Complete 
| 278|0x00000000f1600000, 0x00000000f1700000, 0x00000000f1700000|100%| E|CS|TAMS 0x00000000f1600000, 0x00000000f1600000| Complete 
| 279|0x00000000f1700000, 0x00000000f1800000, 0x00000000f1800000|100%| E|CS|TAMS 0x00000000f1700000, 0x00000000f1700000| Complete 
| 280|0x00000000f1800000, 0x00000000f1900000, 0x00000000f1900000|100%| E|CS|TAMS 0x00000000f1800000, 0x00000000f1800000| Complete 
| 281|0x00000000f1900000, 0x00000000f1a00000, 0x00000000f1a00000|100%| E|CS|TAMS 0x00000000f1900000, 0x00000000f1900000| Complete 
| 282|0x00000000f1a00000, 0x00000000f1b00000, 0x00000000f1b00000|100%| E|CS|TAMS 0x00000000f1a00000, 0x00000000f1a00000| Complete 
| 283|0x00000000f1b00000, 0x00000000f1c00000, 0x00000000f1c00000|100%| E|CS|TAMS 0x00000000f1b00000, 0x00000000f1b00000| Complete 
| 284|0x00000000f1c00000, 0x00000000f1d00000, 0x00000000f1d00000|100%| E|CS|TAMS 0x00000000f1c00000, 0x00000000f1c00000| Complete 
| 285|0x00000000f1d00000, 0x00000000f1e00000, 0x00000000f1e00000|100%| E|CS|TAMS 0x00000000f1d00000, 0x00000000f1d00000| Complete 
| 286|0x00000000f1e00000, 0x00000000f1f00000, 0x00000000f1f00000|100%| E|CS|TAMS 0x00000000f1e00000, 0x00000000f1e00000| Complete 
| 287|0x00000000f1f00000, 0x00000000f2000000, 0x00000000f2000000|100%| E|CS|TAMS 0x00000000f1f00000, 0x00000000f1f00000| Complete 
| 288|0x00000000f2000000, 0x00000000f2100000, 0x00000000f2100000|100%| E|CS|TAMS 0x00000000f2000000, 0x00000000f2000000| Complete 
| 289|0x00000000f2100000, 0x00000000f2200000, 0x00000000f2200000|100%| E|CS|TAMS 0x00000000f2100000, 0x00000000f2100000| Complete 
| 290|0x00000000f2200000, 0x00000000f2300000, 0x00000000f2300000|100%| E|CS|TAMS 0x00000000f2200000, 0x00000000f2200000| Complete 
| 291|0x00000000f2300000, 0x00000000f2400000, 0x00000000f2400000|100%| E|CS|TAMS 0x00000000f2300000, 0x00000000f2300000| Complete 
| 292|0x00000000f2400000, 0x00000000f2500000, 0x00000000f2500000|100%| E|CS|TAMS 0x00000000f2400000, 0x00000000f2400000| Complete 
| 293|0x00000000f2500000, 0x00000000f2600000, 0x00000000f2600000|100%| E|CS|TAMS 0x00000000f2500000, 0x00000000f2500000| Complete 
| 294|0x00000000f2600000, 0x00000000f2700000, 0x00000000f2700000|100%| E|CS|TAMS 0x00000000f2600000, 0x00000000f2600000| Complete 
| 295|0x00000000f2700000, 0x00000000f2800000, 0x00000000f2800000|100%| E|CS|TAMS 0x00000000f2700000, 0x00000000f2700000| Complete 
| 296|0x00000000f2800000, 0x00000000f2900000, 0x00000000f2900000|100%| E|CS|TAMS 0x00000000f2800000, 0x00000000f2800000| Complete 
| 297|0x00000000f2900000, 0x00000000f2a00000, 0x00000000f2a00000|100%| E|CS|TAMS 0x00000000f2900000, 0x00000000f2900000| Complete 
| 298|0x00000000f2a00000, 0x00000000f2b00000, 0x00000000f2b00000|100%| E|CS|TAMS 0x00000000f2a00000, 0x00000000f2a00000| Complete 
| 299|0x00000000f2b00000, 0x00000000f2c00000, 0x00000000f2c00000|100%| E|CS|TAMS 0x00000000f2b00000, 0x00000000f2b00000| Complete 
| 300|0x00000000f2c00000, 0x00000000f2d00000, 0x00000000f2d00000|100%| E|CS|TAMS 0x00000000f2c00000, 0x00000000f2c00000| Complete 
| 301|0x00000000f2d00000, 0x00000000f2e00000, 0x00000000f2e00000|100%| E|CS|TAMS 0x00000000f2d00000, 0x00000000f2d00000| Complete 
| 302|0x00000000f2e00000, 0x00000000f2f00000, 0x00000000f2f00000|100%| E|CS|TAMS 0x00000000f2e00000, 0x00000000f2e00000| Complete 
| 303|0x00000000f2f00000, 0x00000000f3000000, 0x00000000f3000000|100%| E|CS|TAMS 0x00000000f2f00000, 0x00000000f2f00000| Complete 
| 304|0x00000000f3000000, 0x00000000f3100000, 0x00000000f3100000|100%| E|CS|TAMS 0x00000000f3000000, 0x00000000f3000000| Complete 
| 305|0x00000000f3100000, 0x00000000f3200000, 0x00000000f3200000|100%| E|CS|TAMS 0x00000000f3100000, 0x00000000f3100000| Complete 
| 306|0x00000000f3200000, 0x00000000f3300000, 0x00000000f3300000|100%| E|CS|TAMS 0x00000000f3200000, 0x00000000f3200000| Complete 
| 307|0x00000000f3300000, 0x00000000f3400000, 0x00000000f3400000|100%| E|CS|TAMS 0x00000000f3300000, 0x00000000f3300000| Complete 
| 308|0x00000000f3400000, 0x00000000f3500000, 0x00000000f3500000|100%| E|CS|TAMS 0x00000000f3400000, 0x00000000f3400000| Complete 
| 309|0x00000000f3500000, 0x00000000f3600000, 0x00000000f3600000|100%| E|CS|TAMS 0x00000000f3500000, 0x00000000f3500000| Complete 
| 310|0x00000000f3600000, 0x00000000f3700000, 0x00000000f3700000|100%| E|CS|TAMS 0x00000000f3600000, 0x00000000f3600000| Complete 
| 311|0x00000000f3700000, 0x00000000f3800000, 0x00000000f3800000|100%| E|CS|TAMS 0x00000000f3700000, 0x00000000f3700000| Complete 
| 312|0x00000000f3800000, 0x00000000f3900000, 0x00000000f3900000|100%| E|CS|TAMS 0x00000000f3800000, 0x00000000f3800000| Complete 
| 313|0x00000000f3900000, 0x00000000f3a00000, 0x00000000f3a00000|100%| E|CS|TAMS 0x00000000f3900000, 0x00000000f3900000| Complete 
| 314|0x00000000f3a00000, 0x00000000f3b00000, 0x00000000f3b00000|100%| E|CS|TAMS 0x00000000f3a00000, 0x00000000f3a00000| Complete 
| 315|0x00000000f3b00000, 0x00000000f3c00000, 0x00000000f3c00000|100%| E|CS|TAMS 0x00000000f3b00000, 0x00000000f3b00000| Complete 
| 316|0x00000000f3c00000, 0x00000000f3d00000, 0x00000000f3d00000|100%| E|CS|TAMS 0x00000000f3c00000, 0x00000000f3c00000| Complete 
| 317|0x00000000f3d00000, 0x00000000f3d5e678, 0x00000000f3e00000| 36%| S|CS|TAMS 0x00000000f3d00000, 0x00000000f3d00000| Complete 
| 318|0x00000000f3e00000, 0x00000000f3f00000, 0x00000000f3f00000|100%| S|CS|TAMS 0x00000000f3e00000, 0x00000000f3e00000| Complete 
| 319|0x00000000f3f00000, 0x00000000f4000000, 0x00000000f4000000|100%| S|CS|TAMS 0x00000000f3f00000, 0x00000000f3f00000| Complete 
| 320|0x00000000f4000000, 0x00000000f4100000, 0x00000000f4100000|100%| S|CS|TAMS 0x00000000f4000000, 0x00000000f4000000| Complete 
| 321|0x00000000f4100000, 0x00000000f4200000, 0x00000000f4200000|100%| S|CS|TAMS 0x00000000f4100000, 0x00000000f4100000| Complete 
| 322|0x00000000f4200000, 0x00000000f4300000, 0x00000000f4300000|100%| S|CS|TAMS 0x00000000f4200000, 0x00000000f4200000| Complete 
| 323|0x00000000f4300000, 0x00000000f4400000, 0x00000000f4400000|100%| S|CS|TAMS 0x00000000f4300000, 0x00000000f4300000| Complete 
| 324|0x00000000f4400000, 0x00000000f4500000, 0x00000000f4500000|100%| S|CS|TAMS 0x00000000f4400000, 0x00000000f4400000| Complete 
| 325|0x00000000f4500000, 0x00000000f4600000, 0x00000000f4600000|100%| E|CS|TAMS 0x00000000f4500000, 0x00000000f4500000| Complete 
| 326|0x00000000f4600000, 0x00000000f4700000, 0x00000000f4700000|100%| E|CS|TAMS 0x00000000f4600000, 0x00000000f4600000| Complete 
| 327|0x00000000f4700000, 0x00000000f4800000, 0x00000000f4800000|100%| E|CS|TAMS 0x00000000f4700000, 0x00000000f4700000| Complete 
| 328|0x00000000f4800000, 0x00000000f4900000, 0x00000000f4900000|100%| E|CS|TAMS 0x00000000f4800000, 0x00000000f4800000| Complete 
| 329|0x00000000f4900000, 0x00000000f4a00000, 0x00000000f4a00000|100%| E|CS|TAMS 0x00000000f4900000, 0x00000000f4900000| Complete 
| 330|0x00000000f4a00000, 0x00000000f4b00000, 0x00000000f4b00000|100%| E|CS|TAMS 0x00000000f4a00000, 0x00000000f4a00000| Complete 
| 331|0x00000000f4b00000, 0x00000000f4c00000, 0x00000000f4c00000|100%| E|CS|TAMS 0x00000000f4b00000, 0x00000000f4b00000| Complete 
| 332|0x00000000f4c00000, 0x00000000f4d00000, 0x00000000f4d00000|100%| E|CS|TAMS 0x00000000f4c00000, 0x00000000f4c00000| Complete 
| 333|0x00000000f4d00000, 0x00000000f4e00000, 0x00000000f4e00000|100%| E|CS|TAMS 0x00000000f4d00000, 0x00000000f4d00000| Complete 
| 334|0x00000000f4e00000, 0x00000000f4f00000, 0x00000000f4f00000|100%| E|CS|TAMS 0x00000000f4e00000, 0x00000000f4e00000| Complete 
| 335|0x00000000f4f00000, 0x00000000f5000000, 0x00000000f5000000|100%| E|CS|TAMS 0x00000000f4f00000, 0x00000000f4f00000| Complete 
| 336|0x00000000f5000000, 0x00000000f5100000, 0x00000000f5100000|100%| E|CS|TAMS 0x00000000f5000000, 0x00000000f5000000| Complete 
| 337|0x00000000f5100000, 0x00000000f5200000, 0x00000000f5200000|100%| E|CS|TAMS 0x00000000f5100000, 0x00000000f5100000| Complete 
| 338|0x00000000f5200000, 0x00000000f5300000, 0x00000000f5300000|100%| E|CS|TAMS 0x00000000f5200000, 0x00000000f5200000| Complete 
| 339|0x00000000f5300000, 0x00000000f5400000, 0x00000000f5400000|100%| E|CS|TAMS 0x00000000f5300000, 0x00000000f5300000| Complete 
| 340|0x00000000f5400000, 0x00000000f5500000, 0x00000000f5500000|100%| E|CS|TAMS 0x00000000f5400000, 0x00000000f5400000| Complete 
| 341|0x00000000f5500000, 0x00000000f5600000, 0x00000000f5600000|100%| E|CS|TAMS 0x00000000f5500000, 0x00000000f5500000| Complete 
| 342|0x00000000f5600000, 0x00000000f5700000, 0x00000000f5700000|100%| E|CS|TAMS 0x00000000f5600000, 0x00000000f5600000| Complete 
| 343|0x00000000f5700000, 0x00000000f5800000, 0x00000000f5800000|100%| E|CS|TAMS 0x00000000f5700000, 0x00000000f5700000| Complete 
| 344|0x00000000f5800000, 0x00000000f5900000, 0x00000000f5900000|100%| E|CS|TAMS 0x00000000f5800000, 0x00000000f5800000| Complete 
| 345|0x00000000f5900000, 0x00000000f5a00000, 0x00000000f5a00000|100%| E|CS|TAMS 0x00000000f5900000, 0x00000000f5900000| Complete 
| 346|0x00000000f5a00000, 0x00000000f5b00000, 0x00000000f5b00000|100%| E|CS|TAMS 0x00000000f5a00000, 0x00000000f5a00000| Complete 
| 347|0x00000000f5b00000, 0x00000000f5c00000, 0x00000000f5c00000|100%| E|CS|TAMS 0x00000000f5b00000, 0x00000000f5b00000| Complete 
| 348|0x00000000f5c00000, 0x00000000f5d00000, 0x00000000f5d00000|100%| E|CS|TAMS 0x00000000f5c00000, 0x00000000f5c00000| Complete 
| 349|0x00000000f5d00000, 0x00000000f5e00000, 0x00000000f5e00000|100%| E|CS|TAMS 0x00000000f5d00000, 0x00000000f5d00000| Complete 
| 350|0x00000000f5e00000, 0x00000000f5f00000, 0x00000000f5f00000|100%| E|CS|TAMS 0x00000000f5e00000, 0x00000000f5e00000| Complete 
| 351|0x00000000f5f00000, 0x00000000f6000000, 0x00000000f6000000|100%| E|CS|TAMS 0x00000000f5f00000, 0x00000000f5f00000| Complete 
| 352|0x00000000f6000000, 0x00000000f6100000, 0x00000000f6100000|100%| E|CS|TAMS 0x00000000f6000000, 0x00000000f6000000| Complete 
| 353|0x00000000f6100000, 0x00000000f6200000, 0x00000000f6200000|100%| E|CS|TAMS 0x00000000f6100000, 0x00000000f6100000| Complete 
| 354|0x00000000f6200000, 0x00000000f6300000, 0x00000000f6300000|100%| E|CS|TAMS 0x00000000f6200000, 0x00000000f6200000| Complete 
| 355|0x00000000f6300000, 0x00000000f6400000, 0x00000000f6400000|100%| E|CS|TAMS 0x00000000f6300000, 0x00000000f6300000| Complete 
| 356|0x00000000f6400000, 0x00000000f6500000, 0x00000000f6500000|100%| E|CS|TAMS 0x00000000f6400000, 0x00000000f6400000| Complete 
| 357|0x00000000f6500000, 0x00000000f6600000, 0x00000000f6600000|100%| E|CS|TAMS 0x00000000f6500000, 0x00000000f6500000| Complete 
| 358|0x00000000f6600000, 0x00000000f6700000, 0x00000000f6700000|100%| E|CS|TAMS 0x00000000f6600000, 0x00000000f6600000| Complete 
| 359|0x00000000f6700000, 0x00000000f6800000, 0x00000000f6800000|100%| E|CS|TAMS 0x00000000f6700000, 0x00000000f6700000| Complete 
| 360|0x00000000f6800000, 0x00000000f6900000, 0x00000000f6900000|100%| E|CS|TAMS 0x00000000f6800000, 0x00000000f6800000| Complete 
| 361|0x00000000f6900000, 0x00000000f6a00000, 0x00000000f6a00000|100%| E|CS|TAMS 0x00000000f6900000, 0x00000000f6900000| Complete 
| 362|0x00000000f6a00000, 0x00000000f6b00000, 0x00000000f6b00000|100%| E|CS|TAMS 0x00000000f6a00000, 0x00000000f6a00000| Complete 
| 363|0x00000000f6b00000, 0x00000000f6c00000, 0x00000000f6c00000|100%| E|CS|TAMS 0x00000000f6b00000, 0x00000000f6b00000| Complete 
| 364|0x00000000f6c00000, 0x00000000f6d00000, 0x00000000f6d00000|100%| E|CS|TAMS 0x00000000f6c00000, 0x00000000f6c00000| Complete 
| 365|0x00000000f6d00000, 0x00000000f6e00000, 0x00000000f6e00000|100%| E|CS|TAMS 0x00000000f6d00000, 0x00000000f6d00000| Complete 
| 366|0x00000000f6e00000, 0x00000000f6f00000, 0x00000000f6f00000|100%| E|CS|TAMS 0x00000000f6e00000, 0x00000000f6e00000| Complete 
| 367|0x00000000f6f00000, 0x00000000f7000000, 0x00000000f7000000|100%| E|CS|TAMS 0x00000000f6f00000, 0x00000000f6f00000| Complete 
| 368|0x00000000f7000000, 0x00000000f7100000, 0x00000000f7100000|100%| E|CS|TAMS 0x00000000f7000000, 0x00000000f7000000| Complete 
| 369|0x00000000f7100000, 0x00000000f7200000, 0x00000000f7200000|100%| E|CS|TAMS 0x00000000f7100000, 0x00000000f7100000| Complete 
| 370|0x00000000f7200000, 0x00000000f7300000, 0x00000000f7300000|100%| E|CS|TAMS 0x00000000f7200000, 0x00000000f7200000| Complete 
| 371|0x00000000f7300000, 0x00000000f7400000, 0x00000000f7400000|100%| E|CS|TAMS 0x00000000f7300000, 0x00000000f7300000| Complete 
| 372|0x00000000f7400000, 0x00000000f7500000, 0x00000000f7500000|100%| E|CS|TAMS 0x00000000f7400000, 0x00000000f7400000| Complete 
| 373|0x00000000f7500000, 0x00000000f7600000, 0x00000000f7600000|100%| E|CS|TAMS 0x00000000f7500000, 0x00000000f7500000| Complete 
| 374|0x00000000f7600000, 0x00000000f7700000, 0x00000000f7700000|100%| E|CS|TAMS 0x00000000f7600000, 0x00000000f7600000| Complete 
| 375|0x00000000f7700000, 0x00000000f7800000, 0x00000000f7800000|100%| E|CS|TAMS 0x00000000f7700000, 0x00000000f7700000| Complete 
| 376|0x00000000f7800000, 0x00000000f7900000, 0x00000000f7900000|100%| E|CS|TAMS 0x00000000f7800000, 0x00000000f7800000| Complete 
| 377|0x00000000f7900000, 0x00000000f7a00000, 0x00000000f7a00000|100%| E|CS|TAMS 0x00000000f7900000, 0x00000000f7900000| Complete 
| 378|0x00000000f7a00000, 0x00000000f7b00000, 0x00000000f7b00000|100%| E|CS|TAMS 0x00000000f7a00000, 0x00000000f7a00000| Complete 
| 379|0x00000000f7b00000, 0x00000000f7c00000, 0x00000000f7c00000|100%| E|CS|TAMS 0x00000000f7b00000, 0x00000000f7b00000| Complete 
| 380|0x00000000f7c00000, 0x00000000f7d00000, 0x00000000f7d00000|100%| E|CS|TAMS 0x00000000f7c00000, 0x00000000f7c00000| Complete 
| 381|0x00000000f7d00000, 0x00000000f7e00000, 0x00000000f7e00000|100%| E|CS|TAMS 0x00000000f7d00000, 0x00000000f7d00000| Complete 
| 382|0x00000000f7e00000, 0x00000000f7f00000, 0x00000000f7f00000|100%| E|CS|TAMS 0x00000000f7e00000, 0x00000000f7e00000| Complete 
| 383|0x00000000f7f00000, 0x00000000f8000000, 0x00000000f8000000|100%| E|CS|TAMS 0x00000000f7f00000, 0x00000000f7f00000| Complete 
| 384|0x00000000f8000000, 0x00000000f8100000, 0x00000000f8100000|100%| E|CS|TAMS 0x00000000f8000000, 0x00000000f8000000| Complete 
| 385|0x00000000f8100000, 0x00000000f8200000, 0x00000000f8200000|100%| E|CS|TAMS 0x00000000f8100000, 0x00000000f8100000| Complete 
| 386|0x00000000f8200000, 0x00000000f8300000, 0x00000000f8300000|100%| E|CS|TAMS 0x00000000f8200000, 0x00000000f8200000| Complete 
| 387|0x00000000f8300000, 0x00000000f8400000, 0x00000000f8400000|100%| E|CS|TAMS 0x00000000f8300000, 0x00000000f8300000| Complete 
| 388|0x00000000f8400000, 0x00000000f8500000, 0x00000000f8500000|100%| E|CS|TAMS 0x00000000f8400000, 0x00000000f8400000| Complete 
| 389|0x00000000f8500000, 0x00000000f8600000, 0x00000000f8600000|100%| E|CS|TAMS 0x00000000f8500000, 0x00000000f8500000| Complete 
| 390|0x00000000f8600000, 0x00000000f8700000, 0x00000000f8700000|100%| E|CS|TAMS 0x00000000f8600000, 0x00000000f8600000| Complete 
| 391|0x00000000f8700000, 0x00000000f8800000, 0x00000000f8800000|100%| E|CS|TAMS 0x00000000f8700000, 0x00000000f8700000| Complete 
| 392|0x00000000f8800000, 0x00000000f8900000, 0x00000000f8900000|100%| E|CS|TAMS 0x00000000f8800000, 0x00000000f8800000| Complete 
| 393|0x00000000f8900000, 0x00000000f8a00000, 0x00000000f8a00000|100%| E|CS|TAMS 0x00000000f8900000, 0x00000000f8900000| Complete 
| 394|0x00000000f8a00000, 0x00000000f8b00000, 0x00000000f8b00000|100%| E|CS|TAMS 0x00000000f8a00000, 0x00000000f8a00000| Complete 
| 395|0x00000000f8b00000, 0x00000000f8c00000, 0x00000000f8c00000|100%| E|CS|TAMS 0x00000000f8b00000, 0x00000000f8b00000| Complete 
| 396|0x00000000f8c00000, 0x00000000f8d00000, 0x00000000f8d00000|100%| E|CS|TAMS 0x00000000f8c00000, 0x00000000f8c00000| Complete 
| 397|0x00000000f8d00000, 0x00000000f8e00000, 0x00000000f8e00000|100%| E|CS|TAMS 0x00000000f8d00000, 0x00000000f8d00000| Complete 
| 398|0x00000000f8e00000, 0x00000000f8f00000, 0x00000000f8f00000|100%| E|CS|TAMS 0x00000000f8e00000, 0x00000000f8e00000| Complete 
| 399|0x00000000f8f00000, 0x00000000f9000000, 0x00000000f9000000|100%| E|CS|TAMS 0x00000000f8f00000, 0x00000000f8f00000| Complete 
| 400|0x00000000f9000000, 0x00000000f9100000, 0x00000000f9100000|100%| E|CS|TAMS 0x00000000f9000000, 0x00000000f9000000| Complete 
| 401|0x00000000f9100000, 0x00000000f9200000, 0x00000000f9200000|100%| E|CS|TAMS 0x00000000f9100000, 0x00000000f9100000| Complete 
| 402|0x00000000f9200000, 0x00000000f9300000, 0x00000000f9300000|100%| E|CS|TAMS 0x00000000f9200000, 0x00000000f9200000| Complete 
| 403|0x00000000f9300000, 0x00000000f9400000, 0x00000000f9400000|100%| E|CS|TAMS 0x00000000f9300000, 0x00000000f9300000| Complete 
| 510|0x00000000ffe00000, 0x00000000ffe75000, 0x00000000fff00000| 45%|OA|  |TAMS 0x00000000ffe75000, 0x00000000ffe00000| Untracked 
| 511|0x00000000fff00000, 0x00000000fff78000, 0x0000000100000000| 46%|CA|  |TAMS 0x00000000fff78000, 0x00000000fff00000| Untracked 

Card table byte_map: [0x00007e0059d78000,0x00007e0059e78000] _byte_map_base: 0x00007e0059678000

Marking Bits (Prev, Next): (CMBitMap*) 0x00007e005405c750, (CMBitMap*) 0x00007e005405c710
 Prev Bits: [0x00007e0058c00000, 0x00007e0059400000)
 Next Bits: [0x00007e0059400000, 0x00007e0059c00000)

Polling page: 0x00007e005c33c000

Metaspace:

Usage:
  Non-class:     98,02 MB used.
      Class:     15,76 MB used.
       Both:    113,79 MB used.

Virtual space:
  Non-class space:      128,00 MB reserved,      98,62 MB ( 77%) committed,  2 nodes.
      Class space:      320,00 MB reserved,      16,25 MB (  5%) committed,  1 nodes.
             Both:      448,00 MB reserved,     114,88 MB ( 26%) committed. 

Chunk freelists:
   Non-Class:  12,69 MB
       Class:  15,69 MB
        Both:  28,38 MB

MaxMetaspaceSize: 384,00 MB
CompressedClassSpaceSize: 320,00 MB
Initial GC threshold: 21,00 MB
Current GC threshold: 191,38 MB
CDS: on
MetaspaceReclaimPolicy: balanced
 - commit_granule_bytes: 65536.
 - commit_granule_words: 8192.
 - virtual_space_node_default_size: 8388608.
 - enlarge_chunks_in_place: 1.
 - new_chunks_are_fully_committed: 0.
 - uncommit_free_chunks: 1.
 - use_allocation_guard: 0.
 - handle_deallocations: 1.


Internal statistics:

num_allocs_failed_limit: 11.
num_arena_births: 1416.
num_arena_deaths: 250.
num_vsnodes_births: 3.
num_vsnodes_deaths: 0.
num_space_committed: 1837.
num_space_uncommitted: 0.
num_chunks_returned_to_freelist: 305.
num_chunks_taken_from_freelist: 6365.
num_chunk_merges: 109.
num_chunk_splits: 4081.
num_chunks_enlarged: 2667.
num_inconsistent_stats: 0.

CodeHeap 'non-profiled nmethods': size=120028Kb used=9370Kb max_used=9412Kb free=110657Kb
 bounds [0x00007e0044cc9000, 0x00007e0045609000, 0x00007e004c200000]
CodeHeap 'profiled nmethods': size=120028Kb used=31062Kb max_used=31062Kb free=88965Kb
 bounds [0x00007e003d200000, 0x00007e003f060000, 0x00007e0044737000]
CodeHeap 'non-nmethods': size=5704Kb used=2465Kb max_used=2503Kb free=3238Kb
 bounds [0x00007e0044737000, 0x00007e00449b7000, 0x00007e0044cc9000]
 total_blobs=17808 nmethods=16799 adapters=921
 compilation: enabled
              stopped_count=0, restarted_count=0
 full_count=0

Compilation events (20 events):
Event: 2091,372 Thread 0x00007e005416cba0 nmethod 20954 0x00007e003f04d890 code [0x00007e003f04da40, 0x00007e003f04dcb0]
Event: 2091,372 Thread 0x00007e005416cba0 20953       3       com.android.tools.r8.graph.F0$b$$Lambda$1885/0x00007e000cd067e8::apply (8 bytes)
Event: 2091,373 Thread 0x00007e005416cba0 nmethod 20953 0x00007e003f04de10 code [0x00007e003f04dfc0, 0x00007e003f04e1d0]
Event: 2091,373 Thread 0x00007e005416cba0 20956       3       com.android.tools.r8.dex.code.c1::<init> (6 bytes)
Event: 2091,373 Thread 0x00007e005416cba0 nmethod 20956 0x00007e003f04e290 code [0x00007e003f04e460, 0x00007e003f04e7c0]
Event: 2091,373 Thread 0x00007e005416cba0 20957       2       com.android.tools.r8.dex.code.N3::hashCode (35 bytes)
Event: 2091,373 Thread 0x00007e005416cba0 nmethod 20957 0x00007e003f04e990 code [0x00007e003f04eb40, 0x00007e003f04ecb0]
Event: 2091,374 Thread 0x00007e005416cba0 20958       2       com.android.tools.r8.dex.code.W3::<init> (7 bytes)
Event: 2091,374 Thread 0x00007e005416cba0 nmethod 20958 0x00007e003f04ed90 code [0x00007e003f04ef40, 0x00007e003f04f060]
Event: 2091,382 Thread 0x00007e005416cba0 20959       3       com.android.tools.r8.internal.jK::<init> (88 bytes)
Event: 2091,383 Thread 0x00007e005416cba0 nmethod 20959 0x00007e003f04f110 code [0x00007e003f04f360, 0x00007e003f04fbc0]
Event: 2091,384 Thread 0x00007e005416cba0 20960       2       java.lang.Float::compare (46 bytes)
Event: 2091,385 Thread 0x00007e005416cba0 nmethod 20960 0x00007e003f04fe90 code [0x00007e003f050040, 0x00007e003f0502d0]
Event: 2091,386 Thread 0x00007e005416cba0 20961       2       com.android.tools.r8.dex.code.L2::<init> (7 bytes)
Event: 2091,386 Thread 0x00007e005416cba0 nmethod 20961 0x00007e003f050390 code [0x00007e003f050540, 0x00007e003f050660]
Event: 2091,392 Thread 0x00007e005416cba0 20962       2       com.android.tools.r8.dex.code.O3::<init> (13 bytes)
Event: 2091,392 Thread 0x00007e005416cba0 nmethod 20962 0x00007e003f050710 code [0x00007e003f0508c0, 0x00007e003f0509e0]
Event: 2091,398 Thread 0x00007e005416cba0 20963       3       com.android.tools.r8.dex.code.X0::hashCode (21 bytes)
Event: 2091,399 Thread 0x00007e005416cba0 nmethod 20963 0x00007e003f050b10 code [0x00007e003f050cc0, 0x00007e003f050ec0]
Event: 2091,403 Thread 0x00007e005416cba0 20964       3       com.android.tools.r8.internal.To::b (146 bytes)

GC Heap History (20 events):
Event: 11,736 GC heap before
{Heap before GC invocations=31 (full 0):
 garbage-first heap   total 415744K, used 325931K [0x00000000e0000000, 0x0000000100000000)
  region size 1024K, 110 young (112640K), 3 survivors (3072K)
 Metaspace       used 106124K, committed 107008K, reserved 458752K
  class space    used 15002K, committed 15424K, reserved 327680K
}
Event: 11,745 GC heap after
{Heap after GC invocations=32 (full 0):
 garbage-first heap   total 415744K, used 227883K [0x00000000e0000000, 0x0000000100000000)
  region size 1024K, 14 young (14336K), 14 survivors (14336K)
 Metaspace       used 106124K, committed 107008K, reserved 458752K
  class space    used 15002K, committed 15424K, reserved 327680K
}
Event: 12,338 GC heap before
{Heap before GC invocations=32 (full 0):
 garbage-first heap   total 415744K, used 344619K [0x00000000e0000000, 0x0000000100000000)
  region size 1024K, 111 young (113664K), 14 survivors (14336K)
 Metaspace       used 106317K, committed 107200K, reserved 458752K
  class space    used 15011K, committed 15424K, reserved 327680K
}
Event: 12,346 GC heap after
{Heap after GC invocations=33 (full 0):
 garbage-first heap   total 415744K, used 242108K [0x00000000e0000000, 0x0000000100000000)
  region size 1024K, 11 young (11264K), 11 survivors (11264K)
 Metaspace       used 106317K, committed 107200K, reserved 458752K
  class space    used 15011K, committed 15424K, reserved 327680K
}
Event: 12,622 GC heap before
{Heap before GC invocations=33 (full 0):
 garbage-first heap   total 415744K, used 342460K [0x00000000e0000000, 0x0000000100000000)
  region size 1024K, 99 young (101376K), 11 survivors (11264K)
 Metaspace       used 106398K, committed 107264K, reserved 458752K
  class space    used 15011K, committed 15424K, reserved 327680K
}
Event: 12,626 GC heap after
{Heap after GC invocations=34 (full 0):
 garbage-first heap   total 415744K, used 251000K [0x00000000e0000000, 0x0000000100000000)
  region size 1024K, 2 young (2048K), 2 survivors (2048K)
 Metaspace       used 106398K, committed 107264K, reserved 458752K
  class space    used 15011K, committed 15424K, reserved 327680K
}
Event: 12,720 GC heap before
{Heap before GC invocations=34 (full 0):
 garbage-first heap   total 415744K, used 265336K [0x00000000e0000000, 0x0000000100000000)
  region size 1024K, 17 young (17408K), 2 survivors (2048K)
 Metaspace       used 106419K, committed 107264K, reserved 458752K
  class space    used 15011K, committed 15424K, reserved 327680K
}
Event: 12,723 GC heap after
{Heap after GC invocations=35 (full 0):
 garbage-first heap   total 415744K, used 250810K [0x00000000e0000000, 0x0000000100000000)
  region size 1024K, 2 young (2048K), 2 survivors (2048K)
 Metaspace       used 106419K, committed 107264K, reserved 458752K
  class space    used 15011K, committed 15424K, reserved 327680K
}
Event: 13,054 GC heap before
{Heap before GC invocations=35 (full 0):
 garbage-first heap   total 415744K, used 287674K [0x00000000e0000000, 0x0000000100000000)
  region size 1024K, 21 young (21504K), 2 survivors (2048K)
 Metaspace       used 108022K, committed 108928K, reserved 458752K
  class space    used 15216K, committed 15680K, reserved 327680K
}
Event: 13,056 GC heap after
{Heap after GC invocations=36 (full 0):
 garbage-first heap   total 415744K, used 241581K [0x00000000e0000000, 0x0000000100000000)
  region size 1024K, 3 young (3072K), 3 survivors (3072K)
 Metaspace       used 108022K, committed 108928K, reserved 458752K
  class space    used 15216K, committed 15680K, reserved 327680K
}
Event: 13,059 GC heap before
{Heap before GC invocations=36 (full 0):
 garbage-first heap   total 415744K, used 252845K [0x00000000e0000000, 0x0000000100000000)
  region size 1024K, 4 young (4096K), 3 survivors (3072K)
 Metaspace       used 108036K, committed 108928K, reserved 458752K
  class space    used 15218K, committed 15680K, reserved 327680K
}
Event: 13,061 GC heap after
{Heap after GC invocations=37 (full 0):
 garbage-first heap   total 415744K, used 253000K [0x00000000e0000000, 0x0000000100000000)
  region size 1024K, 3 young (3072K), 3 survivors (3072K)
 Metaspace       used 108036K, committed 108928K, reserved 458752K
  class space    used 15218K, committed 15680K, reserved 327680K
}
Event: 2088,281 GC heap before
{Heap before GC invocations=38 (full 0):
 garbage-first heap   total 415744K, used 341064K [0x00000000e0000000, 0x0000000100000000)
  region size 1024K, 98 young (100352K), 3 survivors (3072K)
 Metaspace       used 113408K, committed 114304K, reserved 458752K
  class space    used 15869K, committed 16320K, reserved 327680K
}
Event: 2088,343 GC heap after
{Heap after GC invocations=39 (full 0):
 garbage-first heap   total 415744K, used 213417K [0x00000000e0000000, 0x0000000100000000)
  region size 1024K, 6 young (6144K), 6 survivors (6144K)
 Metaspace       used 113408K, committed 114304K, reserved 458752K
  class space    used 15869K, committed 16320K, reserved 327680K
}
Event: 2088,972 GC heap before
{Heap before GC invocations=39 (full 0):
 garbage-first heap   total 415744K, used 227753K [0x00000000e0000000, 0x0000000100000000)
  region size 1024K, 20 young (20480K), 6 survivors (6144K)
 Metaspace       used 115838K, committed 116736K, reserved 458752K
  class space    used 16176K, committed 16640K, reserved 327680K
}
Event: 2089,105 GC heap after
{Heap after GC invocations=40 (full 0):
 garbage-first heap   total 415744K, used 181472K [0x00000000e0000000, 0x0000000100000000)
  region size 1024K, 3 young (3072K), 3 survivors (3072K)
 Metaspace       used 115838K, committed 116736K, reserved 458752K
  class space    used 16176K, committed 16640K, reserved 327680K
}
Event: 2089,531 GC heap before
{Heap before GC invocations=40 (full 0):
 garbage-first heap   total 415744K, used 198880K [0x00000000e0000000, 0x0000000100000000)
  region size 1024K, 20 young (20480K), 3 survivors (3072K)
 Metaspace       used 116178K, committed 117056K, reserved 458752K
  class space    used 16185K, committed 16640K, reserved 327680K
}
Event: 2089,572 GC heap after
{Heap after GC invocations=41 (full 0):
 garbage-first heap   total 415744K, used 168006K [0x00000000e0000000, 0x0000000100000000)
  region size 1024K, 3 young (3072K), 3 survivors (3072K)
 Metaspace       used 116178K, committed 117056K, reserved 458752K
  class space    used 16185K, committed 16640K, reserved 327680K
}
Event: 2090,719 GC heap before
{Heap before GC invocations=41 (full 0):
 garbage-first heap   total 415744K, used 244806K [0x00000000e0000000, 0x0000000100000000)
  region size 1024K, 79 young (80896K), 3 survivors (3072K)
 Metaspace       used 116634K, committed 117568K, reserved 458752K
  class space    used 16196K, committed 16640K, reserved 327680K
}
Event: 2090,734 GC heap after
{Heap after GC invocations=42 (full 0):
 garbage-first heap   total 415744K, used 172510K [0x00000000e0000000, 0x0000000100000000)
  region size 1024K, 8 young (8192K), 8 survivors (8192K)
 Metaspace       used 116634K, committed 117568K, reserved 458752K
  class space    used 16196K, committed 16640K, reserved 327680K
}

Dll operation events (14 events):
Event: 0,017 Loaded shared library /home/vialatol/.jdks/temurin-17.0.18/lib/libjava.so
Event: 0,070 Loaded shared library /home/vialatol/.jdks/temurin-17.0.18/lib/libjsvml.so
Event: 0,114 Loaded shared library /home/vialatol/.jdks/temurin-17.0.18/lib/libzip.so
Event: 0,117 Loaded shared library /home/vialatol/.jdks/temurin-17.0.18/lib/libinstrument.so
Event: 0,122 Loaded shared library /home/vialatol/.jdks/temurin-17.0.18/lib/libnio.so
Event: 0,126 Loaded shared library /home/vialatol/.jdks/temurin-17.0.18/lib/libzip.so
Event: 0,230 Loaded shared library /home/vialatol/.jdks/temurin-17.0.18/lib/libjimage.so
Event: 0,289 Loaded shared library /home/vialatol/.jdks/temurin-17.0.18/lib/libverify.so
Event: 0,475 Loaded shared library /home/vialatol/.jdks/temurin-17.0.18/lib/libnet.so
Event: 0,479 Loaded shared library /home/vialatol/.gradle/native/c067742578af261105cb4f569cf0c3c89f3d7b1fecec35dd04571415982c5e48/linux-amd64/libnative-platform.so
Event: 0,488 Loaded shared library /home/vialatol/.gradle/native/38dada09dfb8b06ba9b0570ebf7e218e3eb74d4ef43ca46872605cf95ebc2f47/linux-amd64/libnative-platform-file-events.so
Event: 1,126 Loaded shared library /home/vialatol/.jdks/temurin-17.0.18/lib/libmanagement.so
Event: 1,131 Loaded shared library /home/vialatol/.jdks/temurin-17.0.18/lib/libmanagement_ext.so
Event: 1,234 Loaded shared library /home/vialatol/.jdks/temurin-17.0.18/lib/libextnet.so

Deoptimization events (20 events):
Event: 2091,377 Thread 0x00007dfea4006390 DEOPT PACKING pc=0x00007e003e5e4a81 sp=0x00007dfedd6f9f70
Event: 2091,377 Thread 0x00007dfea4006390 DEOPT UNPACKING pc=0x00007e004478de2f sp=0x00007dfedd6f9510 mode 0
Event: 2091,379 Thread 0x00007dfec80ec150 DEOPT PACKING pc=0x00007e003e5e4a81 sp=0x00007dfedcbf9f70
Event: 2091,379 Thread 0x00007dfec80ec150 DEOPT UNPACKING pc=0x00007e004478de2f sp=0x00007dfedcbf9510 mode 0
Event: 2091,380 Thread 0x00007dfec80ec150 Uncommon trap: trap_request=0xffffffbe fr.pc=0x00007e00453f4b90 relative=0x0000000000006ff0
Event: 2091,380 Thread 0x00007dfec80ec150 Uncommon trap: reason=profile_predicate action=maybe_recompile pc=0x00007e00453f4b90 method=com.android.tools.r8.dex.C.a(I[Lcom/android/tools/r8/graph/p2;[Lcom/android/tools/r8/graph/q2;Z)[Lcom/android/tools/r8/graph/f1; @ 619 c2
Event: 2091,380 Thread 0x00007dfec80ec150 DEOPT PACKING pc=0x00007e00453f4b90 sp=0x00007dfedcbfa040
Event: 2091,380 Thread 0x00007dfec80ec150 DEOPT UNPACKING pc=0x00007e004478d699 sp=0x00007dfedcbfa010 mode 2
Event: 2091,381 Thread 0x00007dfebc00aa10 DEOPT PACKING pc=0x00007e003e5e4a81 sp=0x00007dfedccf9f70
Event: 2091,381 Thread 0x00007dfebc00aa10 DEOPT UNPACKING pc=0x00007e004478de2f sp=0x00007dfedccf9510 mode 0
Event: 2091,382 Thread 0x00007dfebc00aa10 Uncommon trap: trap_request=0xffffffbe fr.pc=0x00007e00453f4b90 relative=0x0000000000006ff0
Event: 2091,382 Thread 0x00007dfebc00aa10 Uncommon trap: reason=profile_predicate action=maybe_recompile pc=0x00007e00453f4b90 method=com.android.tools.r8.dex.C.a(I[Lcom/android/tools/r8/graph/p2;[Lcom/android/tools/r8/graph/q2;Z)[Lcom/android/tools/r8/graph/f1; @ 619 c2
Event: 2091,382 Thread 0x00007dfebc00aa10 DEOPT PACKING pc=0x00007e00453f4b90 sp=0x00007dfedccfa040
Event: 2091,382 Thread 0x00007dfebc00aa10 DEOPT UNPACKING pc=0x00007e004478d699 sp=0x00007dfedccfa010 mode 2
Event: 2091,386 Thread 0x00007dfec0020fb0 DEOPT PACKING pc=0x00007e003e5e4a81 sp=0x00007dfedcdf9f70
Event: 2091,386 Thread 0x00007dfec0020fb0 DEOPT UNPACKING pc=0x00007e004478de2f sp=0x00007dfedcdf9510 mode 0
Event: 2091,393 Thread 0x00007dfec80ec150 DEOPT PACKING pc=0x00007e003e5e4a81 sp=0x00007dfedcbf9f70
Event: 2091,393 Thread 0x00007dfec80ec150 DEOPT UNPACKING pc=0x00007e004478de2f sp=0x00007dfedcbf9510 mode 0
Event: 2091,402 Thread 0x00007dffe0007590 DEOPT PACKING pc=0x00007e003e5e4a81 sp=0x00007dfedd8fa0e0
Event: 2091,402 Thread 0x00007dffe0007590 DEOPT UNPACKING pc=0x00007e004478de2f sp=0x00007dfedd8f96a8 mode 0

Classes loaded (20 events):
Event: 2088,711 Loading class com/sun/crypto/provider/GaloisCounterMode$GCTRGHASH
Event: 2088,711 Loading class com/sun/crypto/provider/GaloisCounterMode$GCTRGHASH done
Event: 2088,713 Loading class javax/net/ssl/SSLEngineResult$HandshakeStatus
Event: 2088,713 Loading class javax/net/ssl/SSLEngineResult$HandshakeStatus done
Event: 2088,713 Loading class jdk/internal/event/TLSHandshakeEvent
Event: 2088,713 Loading class jdk/internal/event/TLSHandshakeEvent done
Event: 2088,848 Loading class sun/security/ssl/PostHandshakeContext
Event: 2088,848 Loading class sun/security/ssl/PostHandshakeContext done
Event: 2088,848 Loading class sun/security/ssl/NewSessionTicket$T13NewSessionTicketMessage
Event: 2088,848 Loading class sun/security/ssl/NewSessionTicket$NewSessionTicketMessage
Event: 2088,848 Loading class sun/security/ssl/NewSessionTicket$NewSessionTicketMessage done
Event: 2088,848 Loading class sun/security/ssl/NewSessionTicket$T13NewSessionTicketMessage done
Event: 2088,865 Loading class java/nio/charset/UnsupportedCharsetException
Event: 2088,866 Loading class java/nio/charset/UnsupportedCharsetException done
Event: 2091,069 Loading class sun/security/ssl/Alert
Event: 2091,069 Loading class sun/security/ssl/Alert done
Event: 2091,069 Loading class sun/security/ssl/Alert$AlertConsumer
Event: 2091,070 Loading class sun/security/ssl/Alert$AlertConsumer done
Event: 2091,070 Loading class sun/security/ssl/Alert$Level
Event: 2091,070 Loading class sun/security/ssl/Alert$Level done

Classes unloaded (20 events):
Event: 2090,945 Thread 0x00007e005415cb60 Unloading class 0x00007e000c1d5c00 'java/lang/invoke/LambdaForm$MH+0x00007e000c1d5c00'
Event: 2090,945 Thread 0x00007e005415cb60 Unloading class 0x00007e000c1d5800 'java/lang/invoke/LambdaForm$MH+0x00007e000c1d5800'
Event: 2090,945 Thread 0x00007e005415cb60 Unloading class 0x00007e000c1d4800 'java/lang/invoke/LambdaForm$MH+0x00007e000c1d4800'
Event: 2090,945 Thread 0x00007e005415cb60 Unloading class 0x00007e000c1d4400 'java/lang/invoke/LambdaForm$BMH+0x00007e000c1d4400'
Event: 2090,945 Thread 0x00007e005415cb60 Unloading class 0x00007e000c109800 'java/lang/invoke/LambdaForm$MH+0x00007e000c109800'
Event: 2090,945 Thread 0x00007e005415cb60 Unloading class 0x00007e000c109400 'java/lang/invoke/LambdaForm$MH+0x00007e000c109400'
Event: 2090,945 Thread 0x00007e005415cb60 Unloading class 0x00007e000c109000 'java/lang/invoke/LambdaForm$MH+0x00007e000c109000'
Event: 2090,945 Thread 0x00007e005415cb60 Unloading class 0x00007e000c108c00 'java/lang/invoke/LambdaForm$MH+0x00007e000c108c00'
Event: 2090,945 Thread 0x00007e005415cb60 Unloading class 0x00007e000c108800 'java/lang/invoke/LambdaForm$MH+0x00007e000c108800'
Event: 2090,945 Thread 0x00007e005415cb60 Unloading class 0x00007e000c108400 'java/lang/invoke/LambdaForm$MH+0x00007e000c108400'
Event: 2090,945 Thread 0x00007e005415cb60 Unloading class 0x00007e000c108000 'java/lang/invoke/LambdaForm$MH+0x00007e000c108000'
Event: 2090,945 Thread 0x00007e005415cb60 Unloading class 0x00007e000c0de400 'java/lang/invoke/LambdaForm$MH+0x00007e000c0de400'
Event: 2090,945 Thread 0x00007e005415cb60 Unloading class 0x00007e000c0ddc00 'java/lang/invoke/LambdaForm$MH+0x00007e000c0ddc00'
Event: 2090,945 Thread 0x00007e005415cb60 Unloading class 0x00007e000c0dd800 'java/lang/invoke/LambdaForm$MH+0x00007e000c0dd800'
Event: 2090,945 Thread 0x00007e005415cb60 Unloading class 0x00007e000c0dd400 'java/lang/invoke/LambdaForm$MH+0x00007e000c0dd400'
Event: 2090,945 Thread 0x00007e005415cb60 Unloading class 0x00007e000c0dd000 'java/lang/invoke/LambdaForm$MH+0x00007e000c0dd000'
Event: 2090,945 Thread 0x00007e005415cb60 Unloading class 0x00007e000c0dc800 'java/lang/invoke/LambdaForm$MH+0x00007e000c0dc800'
Event: 2090,945 Thread 0x00007e005415cb60 Unloading class 0x00007e000c02ac00 'java/lang/invoke/LambdaForm$MH+0x00007e000c02ac00'
Event: 2090,945 Thread 0x00007e005415cb60 Unloading class 0x00007e000c02a800 'java/lang/invoke/LambdaForm$MH+0x00007e000c02a800'
Event: 2090,945 Thread 0x00007e005415cb60 Unloading class 0x00007e000c028400 'java/lang/invoke/LambdaForm$MH+0x00007e000c028400'

Classes redefined (0 events):
No events

Internal exceptions (20 events):
Event: 2090,388 Thread 0x00007dfeec0036a0 Exception <a 'sun/nio/fs/UnixException'{0x00000000f8d05848}> (0x00000000f8d05848) 
thrown [src/hotspot/share/prims/jni.cpp, line 516]
Event: 2090,488 Thread 0x00007dfeec0036a0 Exception <a 'sun/nio/fs/UnixException'{0x00000000f648d7b0}> (0x00000000f648d7b0) 
thrown [src/hotspot/share/prims/jni.cpp, line 516]
Event: 2090,744 Thread 0x00007dfeec01ae30 Exception <a 'sun/nio/fs/UnixException'{0x00000000f9219160}> (0x00000000f9219160) 
thrown [src/hotspot/share/prims/jni.cpp, line 516]
Event: 2090,766 Thread 0x00007dfeec01ae30 Exception <a 'sun/nio/fs/UnixException'{0x00000000f8d45d30}> (0x00000000f8d45d30) 
thrown [src/hotspot/share/prims/jni.cpp, line 516]
Event: 2091,089 Thread 0x00007dfeec004fb0 Implicit null exception at 0x00007e0044e29f28 to 0x00007e0044e2ca6c
Event: 2091,174 Thread 0x00007dfeec004fb0 Implicit null exception at 0x00007e0044dcd105 to 0x00007e0044dcfc7c
Event: 2091,225 Thread 0x00007dfeec004fb0 Exception <a 'sun/nio/fs/UnixException'{0x00000000f5125e60}> (0x00000000f5125e60) 
thrown [src/hotspot/share/prims/jni.cpp, line 516]
Event: 2091,225 Thread 0x00007dfeec004fb0 Exception <a 'sun/nio/fs/UnixException'{0x00000000f51260b0}> (0x00000000f51260b0) 
thrown [src/hotspot/share/prims/jni.cpp, line 516]
Event: 2091,225 Thread 0x00007dfeec004fb0 Exception <a 'sun/nio/fs/UnixException'{0x00000000f5126298}> (0x00000000f5126298) 
thrown [src/hotspot/share/prims/jni.cpp, line 516]
Event: 2091,225 Thread 0x00007dfeec004fb0 Exception <a 'sun/nio/fs/UnixException'{0x00000000f5126468}> (0x00000000f5126468) 
thrown [src/hotspot/share/prims/jni.cpp, line 516]
Event: 2091,225 Thread 0x00007dfeec004fb0 Exception <a 'sun/nio/fs/UnixException'{0x00000000f51265b0}> (0x00000000f51265b0) 
thrown [src/hotspot/share/prims/jni.cpp, line 516]
Event: 2091,225 Thread 0x00007dfeec004fb0 Implicit null exception at 0x00007e0044e97e19 to 0x00007e0044e98384
Event: 2091,226 Thread 0x00007dfeec004fb0 Implicit null exception at 0x00007e0044e9a518 to 0x00007e0044e9a888
Event: 2091,227 Thread 0x00007dfeec004fb0 Exception <a 'java/lang/NoSuchMethodError'{0x00000000f513a098}: static Lcom/android/builder/internal/aapt/AaptOptions;.<clinit>()V> (0x00000000f513a098) 
thrown [src/hotspot/share/prims/jni.cpp, line 1112]
Event: 2091,232 Thread 0x00007dfeec004fb0 Exception <a 'java/lang/NoSuchMethodError'{0x00000000f5052f48}: static Ljava/lang/Object;.<clinit>()V> (0x00000000f5052f48) 
thrown [src/hotspot/share/prims/jni.cpp, line 1112]
Event: 2091,234 Thread 0x00007dfeec004fb0 Exception <a 'java/lang/NoSuchMethodError'{0x00000000f506bff8}: static Lcom/android/build/api/variant/impl/SerializableApplicationMultiOutputHandler;.<clinit>()V> (0x00000000f506bff8) 
thrown [src/hotspot/share/prims/jni.cpp, line 1112]
Event: 2091,235 Thread 0x00007dfeec004fb0 Exception <a 'java/lang/NoSuchMethodError'{0x00000000f4f48040}: static Lcom/android/build/api/variant/impl/VariantOutputImpl$SerializedForm;.<clinit>()V> (0x00000000f4f48040) 
thrown [src/hotspot/share/prims/jni.cpp, line 1112]
Event: 2091,236 Thread 0x00007dfeec004fb0 Exception <a 'java/lang/NoSuchMethodError'{0x00000000f4f5c1b8}: static Lcom/android/build/api/variant/impl/VariantOutputConfigurationImpl;.<clinit>()V> (0x00000000f4f5c1b8) 
thrown [src/hotspot/share/prims/jni.cpp, line 1112]
Event: 2091,238 Thread 0x00007dffec5adb90 Implicit null exception at 0x00007e00450910c6 to 0x00007e0045095428
Event: 2091,238 Thread 0x00007dffec5adb90 Implicit null exception at 0x00007e0044f4f6ba to 0x00007e0044f4fd28

VM Operations (20 events):
Event: 2089,425 Executing VM operation: ICBufferFull
Event: 2089,425 Executing VM operation: ICBufferFull done
Event: 2089,425 Executing VM operation: ICBufferFull
Event: 2089,425 Executing VM operation: ICBufferFull done
Event: 2089,531 Executing VM operation: G1CollectForAllocation
Event: 2089,572 Executing VM operation: G1CollectForAllocation done
Event: 2090,058 Executing VM operation: ICBufferFull
Event: 2090,058 Executing VM operation: ICBufferFull done
Event: 2090,454 Executing VM operation: ICBufferFull
Event: 2090,454 Executing VM operation: ICBufferFull done
Event: 2090,575 Executing VM operation: HandshakeAllThreads
Event: 2090,576 Executing VM operation: HandshakeAllThreads done
Event: 2090,596 Executing VM operation: HandshakeAllThreads
Event: 2090,596 Executing VM operation: HandshakeAllThreads done
Event: 2090,719 Executing VM operation: G1TryInitiateConcMark
Event: 2090,734 Executing VM operation: G1TryInitiateConcMark done
Event: 2090,937 Executing VM operation: G1PauseRemark
Event: 2091,067 Executing VM operation: G1PauseRemark done
Event: 2091,100 Executing VM operation: G1PauseCleanup
Event: 2091,101 Executing VM operation: G1PauseCleanup done

Memory protections (20 events):
Event: 2090,745 Protecting memory [0x00007dfede1fc000,0x00007dfede200000] with protection modes 0
Event: 2090,745 Protecting memory [0x00007dfede0fc000,0x00007dfede100000] with protection modes 0
Event: 2090,752 Protecting memory [0x00007dfeddffc000,0x00007dfede000000] with protection modes 0
Event: 2090,840 Protecting memory [0x00007dfeddefc000,0x00007dfeddf00000] with protection modes 0
Event: 2091,240 Protecting memory [0x00007dfedddfc000,0x00007dfedde00000] with protection modes 0
Event: 2091,247 Protecting memory [0x00007e004c213000,0x00007e004c217000] with protection modes 0
Event: 2091,248 Protecting memory [0x00007dfeddcfc000,0x00007dfeddd00000] with protection modes 0
Event: 2091,248 Protecting memory [0x00007dfedd8fc000,0x00007dfedd900000] with protection modes 0
Event: 2091,268 Protecting memory [0x00007dfedd7fc000,0x00007dfedd800000] with protection modes 0
Event: 2091,270 Protecting memory [0x00007dfedd6fc000,0x00007dfedd700000] with protection modes 0
Event: 2091,271 Protecting memory [0x00007dfedd5fc000,0x00007dfedd600000] with protection modes 0
Event: 2091,271 Protecting memory [0x00007dfedd3fc000,0x00007dfedd400000] with protection modes 0
Event: 2091,272 Protecting memory [0x00007dfedd2fc000,0x00007dfedd300000] with protection modes 0
Event: 2091,272 Protecting memory [0x00007dfedcefc000,0x00007dfedcf00000] with protection modes 0
Event: 2091,272 Protecting memory [0x00007dfedcdfc000,0x00007dfedce00000] with protection modes 0
Event: 2091,274 Protecting memory [0x00007dfedccfc000,0x00007dfedcd00000] with protection modes 0
Event: 2091,275 Protecting memory [0x00007dfedcbfc000,0x00007dfedcc00000] with protection modes 0
Event: 2091,279 Protecting memory [0x00007dfedcafc000,0x00007dfedcb00000] with protection modes 0
Event: 2091,289 Protecting memory [0x00007dfedc9fc000,0x00007dfedca00000] with protection modes 0
Event: 2091,289 Protecting memory [0x00007dfedc8fc000,0x00007dfedc900000] with protection modes 0

Nmethod flushes (20 events):
Event: 2089,444 Thread 0x00007e0054176000 flushing  nmethod 0x00007e003ed92090
Event: 2089,444 Thread 0x00007e0054176000 flushing  nmethod 0x00007e003ed98510
Event: 2089,444 Thread 0x00007e0054176000 flushing  nmethod 0x00007e003ed99090
Event: 2089,444 Thread 0x00007e0054176000 flushing  nmethod 0x00007e003ed9c810
Event: 2089,444 Thread 0x00007e0054176000 flushing  nmethod 0x00007e003ed9ce10
Event: 2089,444 Thread 0x00007e0054176000 flushing  nmethod 0x00007e003ed9d290
Event: 2089,444 Thread 0x00007e0054176000 flushing  nmethod 0x00007e003ed9f090
Event: 2089,444 Thread 0x00007e0054176000 flushing  nmethod 0x00007e003eda0090
Event: 2089,444 Thread 0x00007e0054176000 flushing  nmethod 0x00007e003eda8090
Event: 2089,444 Thread 0x00007e0054176000 flushing  nmethod 0x00007e003edaae90
Event: 2089,444 Thread 0x00007e0054176000 flushing  nmethod 0x00007e003edab590
Event: 2089,444 Thread 0x00007e0054176000 flushing  nmethod 0x00007e003edbbb90
Event: 2089,444 Thread 0x00007e0054176000 flushing  nmethod 0x00007e003edbc590
Event: 2089,444 Thread 0x00007e0054176000 flushing  nmethod 0x00007e003edbf190
Event: 2089,444 Thread 0x00007e0054176000 flushing  nmethod 0x00007e003edc8090
Event: 2089,444 Thread 0x00007e0054176000 flushing  nmethod 0x00007e003edd8f90
Event: 2089,444 Thread 0x00007e0054176000 flushing  nmethod 0x00007e003edda190
Event: 2089,444 Thread 0x00007e0054176000 flushing  nmethod 0x00007e003edddb90
Event: 2089,444 Thread 0x00007e0054176000 flushing  nmethod 0x00007e003edde490
Event: 2089,444 Thread 0x00007e0054176000 flushing  nmethod 0x00007e003ee49610

Events (20 events):
Event: 2090,743 Thread 0x00007dff8c0100a0 Thread added: 0x00007dffec5aa9d0
Event: 2090,745 Thread 0x00007dff8c0100a0 Thread added: 0x00007dffec5ac260
Event: 2090,752 Thread 0x00007dff8c0100a0 Thread added: 0x00007dffec5adb90
Event: 2090,840 Thread 0x00007dfeec004fb0 Thread added: 0x00007dfee8010450
Event: 2091,240 Thread 0x00007dffec5adb90 Thread added: 0x00007e00340508e0
Event: 2091,246 Thread 0x00007dffec5adb90 Thread added: 0x00007e003407d0b0
Event: 2091,248 Thread 0x00007dffec5adb90 Thread added: 0x00007e003400adb0
Event: 2091,248 Thread 0x00007dffec5adb90 Thread added: 0x00007e003407e240
Event: 2091,268 Thread 0x00007dfecc027380 Thread added: 0x00007dffe0007590
Event: 2091,270 Thread 0x00007dffe0007590 Thread added: 0x00007dfea83b2be0
Event: 2091,271 Thread 0x00007dfea83b2be0 Thread added: 0x00007dfea4006390
Event: 2091,271 Thread 0x00007dfea4006390 Thread added: 0x00007dfeb0042270
Event: 2091,272 Thread 0x00007dfeb0042270 Thread added: 0x00007dfeac002c50
Event: 2091,272 Thread 0x00007dfeac002c50 Thread added: 0x00007dfeb8004140
Event: 2091,272 Thread 0x00007dfeb8004140 Thread added: 0x00007dfeb400a7c0
Event: 2091,273 Thread 0x00007dfeb400a7c0 Thread added: 0x00007dfec0020fb0
Event: 2091,275 Thread 0x00007dfec0020fb0 Thread added: 0x00007dfebc00aa10
Event: 2091,276 Thread 0x00007dfebc00aa10 Thread added: 0x00007dfec80ec150
Event: 2091,286 Thread 0x00007dfec80ec150 Thread added: 0x00007dfec4003690
Event: 2091,289 Thread 0x00007dfec4003690 Thread added: 0x00007dfed0128eb0


Dynamic libraries:
e0000000-f9400000 rw-p 00000000 00:00 0 
f9400000-ffe00000 ---p 00000000 00:00 0 
ffe00000-ffe75000 rw-p 00c77000 00:61 9318387                            /home/vialatol/.jdks/temurin-17.0.18/lib/server/classes.jsa
ffe75000-fff00000 rw-p 00000000 00:00 0 
fff00000-fff78000 rw-p 00bff000 00:61 9318387                            /home/vialatol/.jdks/temurin-17.0.18/lib/server/classes.jsa
fff78000-100000000 rw-p 00000000 00:00 0 
5c96a22a9000-5c96a22aa000 r--p 00000000 00:61 9318832                    /home/vialatol/.jdks/temurin-17.0.18/bin/java
5c96a22aa000-5c96a22ab000 r-xp 00001000 00:61 9318832                    /home/vialatol/.jdks/temurin-17.0.18/bin/java
5c96a22ab000-5c96a22ac000 r--p 00002000 00:61 9318832                    /home/vialatol/.jdks/temurin-17.0.18/bin/java
5c96a22ac000-5c96a22ad000 r--p 00002000 00:61 9318832                    /home/vialatol/.jdks/temurin-17.0.18/bin/java
5c96a22ad000-5c96a22ae000 rw-p 00003000 00:61 9318832                    /home/vialatol/.jdks/temurin-17.0.18/bin/java
5c96b052a000-5c96b0597000 rw-p 00000000 00:00 0                          [heap]
7dfe96a00000-7dfe96a04000 ---p 00000000 00:00 0 
7dfe96a04000-7dfe96b00000 rw-p 00000000 00:00 0 
7dfe96c00000-7dfe96c04000 ---p 00000000 00:00 0 
7dfe96c04000-7dfe96d00000 rw-p 00000000 00:00 0 
7dfe96e00000-7dfe96e04000 ---p 00000000 00:00 0 
7dfe96e04000-7dfe96f00000 rw-p 00000000 00:00 0 
7dfe96f00000-7dfe96f04000 ---p 00000000 00:00 0 
7dfe96f04000-7dfe97000000 rw-p 00000000 00:00 0 
7dfe97000000-7dfe97004000 ---p 00000000 00:00 0 
7dfe97004000-7dfe97100000 rw-p 00000000 00:00 0 
7dfe97100000-7dfe97104000 ---p 00000000 00:00 0 
7dfe97104000-7dfe97200000 rw-p 00000000 00:00 0 
7dfe97200000-7dfe97204000 ---p 00000000 00:00 0 
7dfe97204000-7dfe97300000 rw-p 00000000 00:00 0 
7dfe97300000-7dfe97304000 ---p 00000000 00:00 0 
7dfe97304000-7dfe97400000 rw-p 00000000 00:00 0 
7dfe97400000-7dfe97404000 ---p 00000000 00:00 0 
7dfe97404000-7dfe97500000 rw-p 00000000 00:00 0 
7dfe97500000-7dfe97504000 ---p 00000000 00:00 0 
7dfe97504000-7dfe97600000 rw-p 00000000 00:00 0 
7dfe98000000-7dfe98130000 rw-p 00000000 00:00 0 
7dfe98130000-7dfe987b0000 rw-p 00000000 00:00 0 
7dfe987b0000-7dfe987f0000 rw-p 00000000 00:00 0 
7dfe987f0000-7dfe98db0000 rw-p 00000000 00:00 0 
7dfe98db0000-7dfe98df0000 rw-p 00000000 00:00 0 
7dfe98df0000-7dfe998f0000 rw-p 00000000 00:00 0 
7dfe998f0000-7dfe999f0000 rw-p 00000000 00:00 0 
7dfe999f0000-7dfe99bd0000 rw-p 00000000 00:00 0 
7dfe99bd0000-7dfe99cf0000 rw-p 00000000 00:00 0 
7dfe99cf0000-7dfe99e70000 rw-p 00000000 00:00 0 
7dfe99e70000-7dfe99ef0000 rw-p 00000000 00:00 0 
7dfe99ef0000-7dfe9a0f0000 rw-p 00000000 00:00 0 
7dfe9a0f0000-7dfe9a280000 rw-p 00000000 00:00 0 
7dfe9a280000-7dfe9a300000 ---p 00000000 00:00 0 
7dfe9a300000-7dfe9a320000 rw-p 00000000 00:00 0 
7dfe9a320000-7dfe9c000000 ---p 00000000 00:00 0 
7dfe9c000000-7dfe9c07f000 rw-p 00000000 00:00 0 
7dfe9c07f000-7dfea0000000 ---p 00000000 00:00 0 
7dfea0900000-7dfea0904000 ---p 00000000 00:00 0 
7dfea0904000-7dfea0a00000 rw-p 00000000 00:00 0 
7dfea1200000-7dfea1204000 ---p 00000000 00:00 0 
7dfea1204000-7dfea1300000 rw-p 00000000 00:00 0 
7dfea1900000-7dfea1904000 ---p 00000000 00:00 0 
7dfea1904000-7dfea1a00000 rw-p 00000000 00:00 0 
7dfea2b00000-7dfea2b04000 ---p 00000000 00:00 0 
7dfea2b04000-7dfea2c00000 rw-p 00000000 00:00 0 
7dfea2f00000-7dfea2f04000 ---p 00000000 00:00 0 
7dfea2f04000-7dfea3000000 rw-p 00000000 00:00 0 
7dfea3700000-7dfea3704000 ---p 00000000 00:00 0 
7dfea3704000-7dfea3800000 rw-p 00000000 00:00 0 
7dfea3800000-7dfea3804000 ---p 00000000 00:00 0 
7dfea3804000-7dfea3900000 rw-p 00000000 00:00 0 
7dfea3e00000-7dfea3e04000 ---p 00000000 00:00 0 
7dfea3e04000-7dfea3f00000 rw-p 00000000 00:00 0 
7dfea4000000-7dfea402c000 rw-p 00000000 00:00 0 
7dfea402c000-7dfea8000000 ---p 00000000 00:00 0 
7dfea8000000-7dfea83e6000 rw-p 00000000 00:00 0 
7dfea83e6000-7dfeac000000 ---p 00000000 00:00 0 
7dfeac000000-7dfeac02c000 rw-p 00000000 00:00 0 
7dfeac02c000-7dfeb0000000 ---p 00000000 00:00 0 
7dfeb0000000-7dfeb0085000 rw-p 00000000 00:00 0 
7dfeb0085000-7dfeb4000000 ---p 00000000 00:00 0 
7dfeb4000000-7dfeb402b000 rw-p 00000000 00:00 0 
7dfeb402b000-7dfeb8000000 ---p 00000000 00:00 0 
7dfeb8000000-7dfeb802c000 rw-p 00000000 00:00 0 
7dfeb802c000-7dfebc000000 ---p 00000000 00:00 0 
7dfebc000000-7dfebc06b000 rw-p 00000000 00:00 0 
7dfebc06b000-7dfec0000000 ---p 00000000 00:00 0 
7dfec0000000-7dfec006f000 rw-p 00000000 00:00 0 
7dfec006f000-7dfec4000000 ---p 00000000 00:00 0 
7dfec4000000-7dfec4033000 rw-p 00000000 00:00 0 
7dfec4033000-7dfec8000000 ---p 00000000 00:00 0 
7dfec8000000-7dfec87af000 rw-p 00000000 00:00 0 
7dfec87af000-7dfecc000000 ---p 00000000 00:00 0 
7dfecc000000-7dfecc04c000 rw-p 00000000 00:00 0 
7dfecc04c000-7dfed0000000 ---p 00000000 00:00 0 
7dfed0000000-7dfed02c9000 rw-p 00000000 00:00 0 
7dfed02c9000-7dfed4000000 ---p 00000000 00:00 0 
7dfed4000000-7dfed4109000 rw-p 00000000 00:00 0 
7dfed4109000-7dfed8000000 ---p 00000000 00:00 0 
7dfed8000000-7dfed8081000 rw-p 00000000 00:00 0 
7dfed8081000-7dfedc000000 ---p 00000000 00:00 0 
7dfedc8fc000-7dfedc900000 ---p 00000000 00:00 0 
7dfedc900000-7dfedc9fc000 rw-p 00000000 00:00 0 
7dfedc9fc000-7dfedca00000 ---p 00000000 00:00 0 
7dfedca00000-7dfedcafc000 rw-p 00000000 00:00 0 
7dfedcafc000-7dfedcb00000 ---p 00000000 00:00 0 
7dfedcb00000-7dfedcbfc000 rw-p 00000000 00:00 0 
7dfedcbfc000-7dfedcc00000 ---p 00000000 00:00 0 
7dfedcc00000-7dfedccfc000 rw-p 00000000 00:00 0 
7dfedccfc000-7dfedcd00000 ---p 00000000 00:00 0 
7dfedcd00000-7dfedcdfc000 rw-p 00000000 00:00 0 
7dfedcdfc000-7dfedce00000 ---p 00000000 00:00 0 
7dfedce00000-7dfedcefc000 rw-p 00000000 00:00 0 
7dfedcefc000-7dfedcf00000 ---p 00000000 00:00 0 
7dfedcf00000-7dfedcffc000 rw-p 00000000 00:00 0 
7dfedcffc000-7dfedd000000 ---p 00000000 00:00 0 
7dfedd000000-7dfedd0fc000 rw-p 00000000 00:00 0 
7dfedd0fc000-7dfedd100000 ---p 00000000 00:00 0 
7dfedd100000-7dfedd1fc000 rw-p 00000000 00:00 0 
7dfedd1fc000-7dfedd200000 ---p 00000000 00:00 0 
7dfedd200000-7dfedd2fc000 rw-p 00000000 00:00 0 
7dfedd2fc000-7dfedd300000 ---p 00000000 00:00 0 
7dfedd300000-7dfedd3fc000 rw-p 00000000 00:00 0 
7dfedd3fc000-7dfedd400000 ---p 00000000 00:00 0 
7dfedd400000-7dfedd4fc000 rw-p 00000000 00:00 0 
7dfedd4fc000-7dfedd500000 ---p 00000000 00:00 0 
7dfedd500000-7dfedd5fc000 rw-p 00000000 00:00 0 
7dfedd5fc000-7dfedd600000 ---p 00000000 00:00 0 
7dfedd600000-7dfedd6fc000 rw-p 00000000 00:00 0 
7dfedd6fc000-7dfedd700000 ---p 00000000 00:00 0 
7dfedd700000-7dfedd7fc000 rw-p 00000000 00:00 0 
7dfedd7fc000-7dfedd800000 ---p 00000000 00:00 0 
7dfedd800000-7dfedd8fc000 rw-p 00000000 00:00 0 
7dfedd8fc000-7dfedd900000 ---p 00000000 00:00 0 
7dfedd900000-7dfedd9fc000 rw-p 00000000 00:00 0 
7dfedd9fc000-7dfedda00000 ---p 00000000 00:00 0 
7dfedda00000-7dfeddafc000 rw-p 00000000 00:00 0 
7dfeddafc000-7dfeddb00000 ---p 00000000 00:00 0 
7dfeddb00000-7dfeddbfc000 rw-p 00000000 00:00 0 
7dfeddbfc000-7dfeddc00000 ---p 00000000 00:00 0 
7dfeddc00000-7dfeddcfc000 rw-p 00000000 00:00 0 
7dfeddcfc000-7dfeddd00000 ---p 00000000 00:00 0 
7dfeddd00000-7dfedddfc000 rw-p 00000000 00:00 0 
7dfedddfc000-7dfedde00000 ---p 00000000 00:00 0 
7dfedde00000-7dfeddefc000 rw-p 00000000 00:00 0 
7dfeddefc000-7dfeddf00000 ---p 00000000 00:00 0 
7dfeddf00000-7dfeddffc000 rw-p 00000000 00:00 0 
7dfeddffc000-7dfede000000 ---p 00000000 00:00 0 
7dfede000000-7dfede0fc000 rw-p 00000000 00:00 0 
7dfede0fc000-7dfede100000 ---p 00000000 00:00 0 
7dfede100000-7dfede1fc000 rw-p 00000000 00:00 0 
7dfede1fc000-7dfede200000 ---p 00000000 00:00 0 
7dfede200000-7dfede2fc000 rw-p 00000000 00:00 0 
7dfede2fc000-7dfede300000 ---p 00000000 00:00 0 
7dfede300000-7dfede3fc000 rw-p 00000000 00:00 0 
7dfede3fc000-7dfede400000 ---p 00000000 00:00 0 
7dfede400000-7dfede4fc000 rw-p 00000000 00:00 0 
7dfede4fc000-7dfede500000 ---p 00000000 00:00 0 
7dfede500000-7dfede5fc000 rw-p 00000000 00:00 0 
7dfede5fc000-7dfede600000 ---p 00000000 00:00 0 
7dfede600000-7dfede6fc000 rw-p 00000000 00:00 0 
7dfede6fc000-7dfede700000 ---p 00000000 00:00 0 
7dfede700000-7dfede7fc000 rw-p 00000000 00:00 0 
7dfede7fc000-7dfede800000 ---p 00000000 00:00 0 
7dfede800000-7dfede8fc000 rw-p 00000000 00:00 0 
7dfede8fc000-7dfede900000 ---p 00000000 00:00 0 
7dfede900000-7dfede9fc000 rw-p 00000000 00:00 0 
7dfede9fc000-7dfedea00000 ---p 00000000 00:00 0 
7dfedea00000-7dfedeafc000 rw-p 00000000 00:00 0 
7dfedeafc000-7dfedeb00000 ---p 00000000 00:00 0 
7dfedeb00000-7dfedebfc000 rw-p 00000000 00:00 0 
7dfedebfc000-7dfedec00000 ---p 00000000 00:00 0 
7dfedec00000-7dfedecfc000 rw-p 00000000 00:00 0 
7dfedecfc000-7dfeded00000 ---p 00000000 00:00 0 
7dfeded00000-7dfededfc000 rw-p 00000000 00:00 0 
7dfededfc000-7dfedee00000 ---p 00000000 00:00 0 
7dfedee00000-7dfedeefc000 rw-p 00000000 00:00 0 
7dfedeefc000-7dfedef00000 ---p 00000000 00:00 0 
7dfedef00000-7dfedeffc000 rw-p 00000000 00:00 0 
7dfedeffc000-7dfedf000000 ---p 00000000 00:00 0 
7dfedf000000-7dfedf0fc000 rw-p 00000000 00:00 0 
7dfedf0fc000-7dfedf100000 ---p 00000000 00:00 0 
7dfedf100000-7dfedf1fc000 rw-p 00000000 00:00 0 
7dfedf1fc000-7dfedf200000 ---p 00000000 00:00 0 
7dfedf200000-7dfedf2fc000 rw-p 00000000 00:00 0 
7dfedf2fc000-7dfedf300000 ---p 00000000 00:00 0 
7dfedf300000-7dfedf3fc000 rw-p 00000000 00:00 0 
7dfedf3fc000-7dfedf3fd000 ---p 00000000 00:00 0 
7dfedf3fd000-7dfedf4fd000 rw-p 00000000 00:00 0 
7dfedf4fd000-7dfedf4fe000 ---p 00000000 00:00 0 
7dfedf4fe000-7dfedf5fe000 rw-p 00000000 00:00 0 
7dfedf5fe000-7dfedf5ff000 ---p 00000000 00:00 0 
7dfedf5ff000-7dfedf6ff000 rw-p 00000000 00:00 0 
7dfedf6ff000-7dfedf700000 ---p 00000000 00:00 0 
7dfedf700000-7dfedf800000 rw-p 00000000 00:00 0 
7dfedf800000-7dfedf804000 ---p 00000000 00:00 0 
7dfedf804000-7dfedf900000 rw-p 00000000 00:00 0 
7dfedf900000-7dfedf904000 ---p 00000000 00:00 0 
7dfedf904000-7dfedfa00000 rw-p 00000000 00:00 0 
7dfedfa00000-7dfedfa04000 ---p 00000000 00:00 0 
7dfedfa04000-7dfedfb00000 rw-p 00000000 00:00 0 
7dfedfb00000-7dfedfb04000 ---p 00000000 00:00 0 
7dfedfb04000-7dfedfc00000 rw-p 00000000 00:00 0 
7dfedfc00000-7dfedfc04000 ---p 00000000 00:00 0 
7dfedfc04000-7dfedfd00000 rw-p 00000000 00:00 0 
7dfedfd00000-7dfedfd04000 ---p 00000000 00:00 0 
7dfedfd04000-7dfedfe00000 rw-p 00000000 00:00 0 
7dfedfe00000-7dfedfe04000 ---p 00000000 00:00 0 
7dfedfe04000-7dfedff00000 rw-p 00000000 00:00 0 
7dfedff00000-7dfedff04000 ---p 00000000 00:00 0 
7dfedff04000-7dfee0000000 rw-p 00000000 00:00 0 
7dfee0000000-7dfee0056000 rw-p 00000000 00:00 0 
7dfee0056000-7dfee4000000 ---p 00000000 00:00 0 
7dfee4000000-7dfee4057000 rw-p 00000000 00:00 0 
7dfee4057000-7dfee8000000 ---p 00000000 00:00 0 
7dfee8000000-7dfee8057000 rw-p 00000000 00:00 0 
7dfee8057000-7dfeec000000 ---p 00000000 00:00 0 
7dfeec000000-7dfeec055000 rw-p 00000000 00:00 0 
7dfeec055000-7dfef0000000 ---p 00000000 00:00 0 
7dfef0000000-7dfef009a000 rw-p 00000000 00:00 0 
7dfef009a000-7dfef4000000 ---p 00000000 00:00 0 
7dfef4000000-7dfef404c000 rw-p 00000000 00:00 0 
7dfef404c000-7dfef8000000 ---p 00000000 00:00 0 
7dfef8000000-7dfef8067000 rw-p 00000000 00:00 0 
7dfef8067000-7dfefc000000 ---p 00000000 00:00 0 
7dfefc000000-7dfefc144000 rw-p 00000000 00:00 0 
7dfefc144000-7dff00000000 ---p 00000000 00:00 0 
7dff00000000-7dff00021000 rw-p 00000000 00:00 0 
7dff00021000-7dff04000000 ---p 00000000 00:00 0 
7dff04000000-7dff04024000 rw-p 00000000 00:00 0 
7dff04024000-7dff08000000 ---p 00000000 00:00 0 
7dff08000000-7dff08021000 rw-p 00000000 00:00 0 
7dff08021000-7dff0c000000 ---p 00000000 00:00 0 
7dff0c000000-7dff0c021000 rw-p 00000000 00:00 0 
7dff0c021000-7dff10000000 ---p 00000000 00:00 0 
7dff10000000-7dff10033000 rw-p 00000000 00:00 0 
7dff10033000-7dff14000000 ---p 00000000 00:00 0 
7dff14000000-7dff1403c000 rw-p 00000000 00:00 0 
7dff1403c000-7dff18000000 ---p 00000000 00:00 0 
7dff18000000-7dff1803f000 rw-p 00000000 00:00 0 
7dff1803f000-7dff1c000000 ---p 00000000 00:00 0 
7dff1c000000-7dff1c05f000 rw-p 00000000 00:00 0 
7dff1c05f000-7dff20000000 ---p 00000000 00:00 0 
7dff20000000-7dff20037000 rw-p 00000000 00:00 0 
7dff20037000-7dff24000000 ---p 00000000 00:00 0 
7dff24000000-7dff2403e000 rw-p 00000000 00:00 0 
7dff2403e000-7dff28000000 ---p 00000000 00:00 0 
7dff28000000-7dff2803d000 rw-p 00000000 00:00 0 
7dff2803d000-7dff2c000000 ---p 00000000 00:00 0 
7dff2c000000-7dff2c033000 rw-p 00000000 00:00 0 
7dff2c033000-7dff30000000 ---p 00000000 00:00 0 
7dff30000000-7dff3002a000 rw-p 00000000 00:00 0 
7dff3002a000-7dff34000000 ---p 00000000 00:00 0 
7dff34000000-7dff34028000 rw-p 00000000 00:00 0 
7dff34028000-7dff38000000 ---p 00000000 00:00 0 
7dff38000000-7dff38021000 rw-p 00000000 00:00 0 
7dff38021000-7dff3c000000 ---p 00000000 00:00 0 
7dff3c000000-7dff3c021000 rw-p 00000000 00:00 0 
7dff3c021000-7dff40000000 ---p 00000000 00:00 0 
7dff40000000-7dff4015f000 rw-p 00000000 00:00 0 
7dff4015f000-7dff44000000 ---p 00000000 00:00 0 
7dff44000000-7dff44b01000 rw-p 00000000 00:00 0 
7dff44b01000-7dff48000000 ---p 00000000 00:00 0 
7dff48000000-7dff4814b000 rw-p 00000000 00:00 0 
7dff4814b000-7dff4c000000 ---p 00000000 00:00 0 
7dff4c000000-7dff4c2ce000 rw-p 00000000 00:00 0 
7dff4c2ce000-7dff50000000 ---p 00000000 00:00 0 
7dff50000000-7dff500a2000 rw-p 00000000 00:00 0 
7dff500a2000-7dff54000000 ---p 00000000 00:00 0 
7dff54000000-7dff54108000 rw-p 00000000 00:00 0 
7dff54108000-7dff58000000 ---p 00000000 00:00 0 
7dff58000000-7dff58021000 rw-p 00000000 00:00 0 
7dff58021000-7dff5c000000 ---p 00000000 00:00 0 
7dff5c000000-7dff5c021000 rw-p 00000000 00:00 0 
7dff5c021000-7dff60000000 ---p 00000000 00:00 0 
7dff60000000-7dff60021000 rw-p 00000000 00:00 0 
7dff60021000-7dff64000000 ---p 00000000 00:00 0 
7dff64000000-7dff64021000 rw-p 00000000 00:00 0 
7dff64021000-7dff68000000 ---p 00000000 00:00 0 
7dff68000000-7dff680b4000 rw-p 00000000 00:00 0 
7dff680b4000-7dff6c000000 ---p 00000000 00:00 0 
7dff6c000000-7dff6c0ba000 rw-p 00000000 00:00 0 
7dff6c0ba000-7dff70000000 ---p 00000000 00:00 0 
7dff70000000-7dff70051000 rw-p 00000000 00:00 0 
7dff70051000-7dff74000000 ---p 00000000 00:00 0 
7dff74000000-7dff74051000 rw-p 00000000 00:00 0 
7dff74051000-7dff78000000 ---p 00000000 00:00 0 
7dff78000000-7dff7804b000 rw-p 00000000 00:00 0 
7dff7804b000-7dff7c000000 ---p 00000000 00:00 0 
7dff7c000000-7dff7c058000 rw-p 00000000 00:00 0 
7dff7c058000-7dff80000000 ---p 00000000 00:00 0 
7dff80000000-7dff80034000 rw-p 00000000 00:00 0 
7dff80034000-7dff84000000 ---p 00000000 00:00 0 
7dff84000000-7dff86c4b000 rw-p 00000000 00:00 0 
7dff86c4b000-7dff88000000 ---p 00000000 00:00 0 
7dff88000000-7dff88037000 rw-p 00000000 00:00 0 
7dff88037000-7dff8c000000 ---p 00000000 00:00 0 
7dff8c000000-7dff8c078000 rw-p 00000000 00:00 0 
7dff8c078000-7dff90000000 ---p 00000000 00:00 0 
7dff90000000-7dff90021000 rw-p 00000000 00:00 0 
7dff90021000-7dff94000000 ---p 00000000 00:00 0 
7dff94000000-7dff94021000 rw-p 00000000 00:00 0 
7dff94021000-7dff98000000 ---p 00000000 00:00 0 
7dff98000000-7dff98041000 rw-p 00000000 00:00 0 
7dff98041000-7dff9c000000 ---p 00000000 00:00 0 
7dff9c000000-7dff9c024000 rw-p 00000000 00:00 0 
7dff9c024000-7dffa0000000 ---p 00000000 00:00 0 
7dffa0000000-7dffa0021000 rw-p 00000000 00:00 0 
7dffa0021000-7dffa4000000 ---p 00000000 00:00 0 
7dffa4000000-7dffa4021000 rw-p 00000000 00:00 0 
7dffa4021000-7dffa8000000 ---p 00000000 00:00 0 
7dffa8000000-7dffa8021000 rw-p 00000000 00:00 0 
7dffa8021000-7dffac000000 ---p 00000000 00:00 0 
7dffac000000-7dffae17c000 rw-p 00000000 00:00 0 
7dffae17c000-7dffb0000000 ---p 00000000 00:00 0 
7dffb0000000-7dffb0021000 rw-p 00000000 00:00 0 
7dffb0021000-7dffb4000000 ---p 00000000 00:00 0 
7dffb4000000-7dffb4034000 rw-p 00000000 00:00 0 
7dffb4034000-7dffb8000000 ---p 00000000 00:00 0 
7dffb8000000-7dffb8055000 rw-p 00000000 00:00 0 
7dffb8055000-7dffbc000000 ---p 00000000 00:00 0 
7dffbc000000-7dffbc044000 rw-p 00000000 00:00 0 
7dffbc044000-7dffc0000000 ---p 00000000 00:00 0 
7dffc0000000-7dffc0049000 rw-p 00000000 00:00 0 
7dffc0049000-7dffc4000000 ---p 00000000 00:00 0 
7dffc4000000-7dffc4032000 rw-p 00000000 00:00 0 
7dffc4032000-7dffc8000000 ---p 00000000 00:00 0 
7dffc8000000-7dffc8044000 rw-p 00000000 00:00 0 
7dffc8044000-7dffcc000000 ---p 00000000 00:00 0 
7dffcc000000-7dffcc03f000 rw-p 00000000 00:00 0 
7dffcc03f000-7dffd0000000 ---p 00000000 00:00 0 
7dffd0000000-7dffd003c000 rw-p 00000000 00:00 0 
7dffd003c000-7dffd4000000 ---p 00000000 00:00 0 
7dffd4000000-7dffd4040000 rw-p 00000000 00:00 0 
7dffd4040000-7dffd8000000 ---p 00000000 00:00 0 
7dffd8000000-7dffd8025000 rw-p 00000000 00:00 0 
7dffd8025000-7dffdc000000 ---p 00000000 00:00 0 
7dffdc000000-7dffdc028000 rw-p 00000000 00:00 0 
7dffdc028000-7dffe0000000 ---p 00000000 00:00 0 
7dffe0000000-7dffe0248000 rw-p 00000000 00:00 0 
7dffe0248000-7dffe4000000 ---p 00000000 00:00 0 
7dffe4000000-7dffe4035000 rw-p 00000000 00:00 0 
7dffe4035000-7dffe8000000 ---p 00000000 00:00 0 
7dffe8000000-7dffea6f7000 rw-p 00000000 00:00 0 
7dffea6f7000-7dffec000000 ---p 00000000 00:00 0 
7dffec000000-7dffed287000 rw-p 00000000 00:00 0 
7dffed287000-7dfff0000000 ---p 00000000 00:00 0 
7dfff0000000-7dfff0091000 rw-p 00000000 00:00 0 
7dfff0091000-7dfff4000000 ---p 00000000 00:00 0 
7dfff4000000-7dfff4021000 rw-p 00000000 00:00 0 
7dfff4021000-7dfff8000000 ---p 00000000 00:00 0 
7dfff8000000-7dfff8021000 rw-p 00000000 00:00 0 
7dfff8021000-7dfffc000000 ---p 00000000 00:00 0 
7dfffc000000-7dfffc021000 rw-p 00000000 00:00 0 
7dfffc021000-7e0000000000 ---p 00000000 00:00 0 
7e0000000000-7e0000021000 rw-p 00000000 00:00 0 
7e0000021000-7e0004000000 ---p 00000000 00:00 0 
7e00040f3000-7e00040f7000 ---p 00000000 00:00 0 
7e00040f7000-7e00041f3000 rw-p 00000000 00:00 0 
7e00041f3000-7e00041f7000 ---p 00000000 00:00 0 
7e00041f7000-7e00042f3000 rw-p 00000000 00:00 0 
7e00042f3000-7e00042f7000 ---p 00000000 00:00 0 
7e00042f7000-7e00043f3000 rw-p 00000000 00:00 0 
7e00043f3000-7e00043f7000 ---p 00000000 00:00 0 
7e00043f7000-7e00044f3000 rw-p 00000000 00:00 0 
7e00044f3000-7e00044f7000 ---p 00000000 00:00 0 
7e00044f7000-7e00045f3000 rw-p 00000000 00:00 0 
7e00045f3000-7e00045f7000 ---p 00000000 00:00 0 
7e00045f7000-7e00046f3000 rw-p 00000000 00:00 0 
7e00046f3000-7e00046f7000 ---p 00000000 00:00 0 
7e00046f7000-7e00047f3000 rw-p 00000000 00:00 0 
7e00047f3000-7e00047f7000 ---p 00000000 00:00 0 
7e00047f7000-7e00048f3000 rw-p 00000000 00:00 0 
7e00048f3000-7e00048f7000 ---p 00000000 00:00 0 
7e00048f7000-7e00049f3000 rw-p 00000000 00:00 0 
7e00049f3000-7e00049f7000 ---p 00000000 00:00 0 
7e00049f7000-7e0004af3000 rw-p 00000000 00:00 0 
7e0004af3000-7e0004af7000 ---p 00000000 00:00 0 
7e0004af7000-7e0004bf3000 rw-p 00000000 00:00 0 
7e0004bf3000-7e0004bf7000 ---p 00000000 00:00 0 
7e0004bf7000-7e0004cf3000 rw-p 00000000 00:00 0 
7e0004cf3000-7e0004cf7000 ---p 00000000 00:00 0 
7e0004cf7000-7e0004df3000 rw-p 00000000 00:00 0 
7e0004df3000-7e0004df7000 ---p 00000000 00:00 0 
7e0004df7000-7e0004ef3000 rw-p 00000000 00:00 0 
7e0004ef3000-7e0004ef7000 ---p 00000000 00:00 0 
7e0004ef7000-7e0004ff3000 rw-p 00000000 00:00 0 
7e0004ff3000-7e0004ff7000 ---p 00000000 00:00 0 
7e0004ff7000-7e00050f3000 rw-p 00000000 00:00 0 
7e00050f3000-7e00050f7000 ---p 00000000 00:00 0 
7e00050f7000-7e00051f3000 rw-p 00000000 00:00 0 
7e00051f3000-7e00051f7000 ---p 00000000 00:00 0 
7e00051f7000-7e00052f3000 rw-p 00000000 00:00 0 
7e00052f3000-7e00052f7000 ---p 00000000 00:00 0 
7e00052f7000-7e00053f3000 rw-p 00000000 00:00 0 
7e00053f3000-7e00053f7000 ---p 00000000 00:00 0 
7e00053f7000-7e00054f3000 rw-p 00000000 00:00 0 
7e00054f3000-7e00054f7000 ---p 00000000 00:00 0 
7e00054f7000-7e00055f3000 rw-p 00000000 00:00 0 
7e00055f3000-7e00055f7000 ---p 00000000 00:00 0 
7e00055f7000-7e00056f3000 rw-p 00000000 00:00 0 
7e00056f3000-7e00056f7000 ---p 00000000 00:00 0 
7e00056f7000-7e00057f3000 rw-p 00000000 00:00 0 
7e00057f3000-7e00057f7000 ---p 00000000 00:00 0 
7e00057f7000-7e00058f3000 rw-p 00000000 00:00 0 
7e00058f3000-7e00058f7000 ---p 00000000 00:00 0 
7e00058f7000-7e00059f3000 rw-p 00000000 00:00 0 
7e00059f3000-7e00059f7000 ---p 00000000 00:00 0 
7e00059f7000-7e0005af3000 rw-p 00000000 00:00 0 
7e0005af3000-7e0005af7000 ---p 00000000 00:00 0 
7e0005af7000-7e0005bf3000 rw-p 00000000 00:00 0 
7e0005bf3000-7e0005bf7000 ---p 00000000 00:00 0 
7e0005bf7000-7e0005cf3000 rw-p 00000000 00:00 0 
7e0005cf3000-7e0005cf7000 ---p 00000000 00:00 0 
7e0005cf7000-7e0005df3000 rw-p 00000000 00:00 0 
7e0005df3000-7e0005df7000 ---p 00000000 00:00 0 
7e0005df7000-7e0005ef3000 rw-p 00000000 00:00 0 
7e0005ef3000-7e0005ef7000 ---p 00000000 00:00 0 
7e0005ef7000-7e0005ff3000 rw-p 00000000 00:00 0 
7e0005ff3000-7e0005ff7000 ---p 00000000 00:00 0 
7e0005ff7000-7e00060f3000 rw-p 00000000 00:00 0 
7e00060f3000-7e00060f7000 ---p 00000000 00:00 0 
7e00060f7000-7e00061f3000 rw-p 00000000 00:00 0 
7e00061f3000-7e00061f7000 ---p 00000000 00:00 0 
7e00061f7000-7e00062f3000 rw-p 00000000 00:00 0 
7e00062f3000-7e00062f7000 ---p 00000000 00:00 0 
7e00062f7000-7e00063f3000 rw-p 00000000 00:00 0 
7e00063f3000-7e00063f4000 ---p 00000000 00:00 0 
7e00063f4000-7e00064f4000 rw-p 00000000 00:00 0 
7e00064f4000-7e00064f5000 ---p 00000000 00:00 0 
7e00064f5000-7e00065f5000 rw-p 00000000 00:00 0 
7e00065f5000-7e00065f6000 ---p 00000000 00:00 0 
7e00065f6000-7e00066f6000 rw-p 00000000 00:00 0 
7e00066f6000-7e00066f7000 ---p 00000000 00:00 0 
7e00066f7000-7e00067f7000 rw-p 00000000 00:00 0 
7e00067f7000-7e00067f8000 ---p 00000000 00:00 0 
7e00067f8000-7e00068f8000 rw-p 00000000 00:00 0 
7e00068f8000-7e00068f9000 ---p 00000000 00:00 0 
7e00068f9000-7e00069f9000 rw-p 00000000 00:00 0 
7e00069f9000-7e00069fd000 ---p 00000000 00:00 0 
7e00069fd000-7e0006af9000 rw-p 00000000 00:00 0 
7e0006af9000-7e0006afd000 ---p 00000000 00:00 0 
7e0006afd000-7e0006bf9000 rw-p 00000000 00:00 0 
7e0006bf9000-7e0006bfd000 ---p 00000000 00:00 0 
7e0006bfd000-7e0006cf9000 rw-p 00000000 00:00 0 
7e0006cf9000-7e0006cfd000 ---p 00000000 00:00 0 
7e0006cfd000-7e0006df9000 rw-p 00000000 00:00 0 
7e0006e00000-7e0006e04000 ---p 00000000 00:00 0 
7e0006e04000-7e0006f00000 rw-p 00000000 00:00 0 
7e0006f00000-7e0006f04000 ---p 00000000 00:00 0 
7e0006f04000-7e0007000000 rw-p 00000000 00:00 0 
7e0007000000-7e00073f0000 rw-p 00000000 00:00 0 
7e00073f0000-7e00077b0000 rw-p 00000000 00:00 0 
7e00077b0000-7e00077f0000 rw-p 00000000 00:00 0 
7e00077f0000-7e0007970000 rw-p 00000000 00:00 0 
7e0007970000-7e00079f0000 rw-p 00000000 00:00 0 
7e00079f0000-7e0007df0000 rw-p 00000000 00:00 0 
7e0007df0000-7e00080f0000 rw-p 00000000 00:00 0 
7e00080f0000-7e00081f0000 rw-p 00000000 00:00 0 
7e00081f0000-7e00088f0000 rw-p 00000000 00:00 0 
7e00088f0000-7e0008af0000 rw-p 00000000 00:00 0 
7e0008af0000-7e0008bf0000 rw-p 00000000 00:00 0 
7e0008bf0000-7e00094f0000 rw-p 00000000 00:00 0 
7e00094f0000-7e00095f0000 rw-p 00000000 00:00 0 
7e00095f0000-7e0009df0000 rw-p 00000000 00:00 0 
7e0009df0000-7e0009ef0000 rw-p 00000000 00:00 0 
7e0009ef0000-7e0009ff0000 rw-p 00000000 00:00 0 
7e0009ff0000-7e000acf0000 rw-p 00000000 00:00 0 
7e000acf0000-7e000adf0000 rw-p 00000000 00:00 0 
7e000adf0000-7e000b000000 rw-p 00000000 00:00 0 
7e000b000000-7e000bbc7000 rw-p 00001000 00:61 9318387                    /home/vialatol/.jdks/temurin-17.0.18/lib/server/classes.jsa
7e000bbc7000-7e000c000000 ---p 00000000 00:00 0 
7e000c000000-7e000c030000 rw-p 00000000 00:00 0 
7e000c030000-7e000c070000 rw-p 00000000 00:00 0 
7e000c070000-7e000c130000 rw-p 00000000 00:00 0 
7e000c130000-7e000c170000 rw-p 00000000 00:00 0 
7e000c170000-7e000c450000 rw-p 00000000 00:00 0 
7e000c450000-7e000c4b0000 rw-p 00000000 00:00 0 
7e000c4b0000-7e000c4f0000 rw-p 00000000 00:00 0 
7e000c4f0000-7e000c7b0000 rw-p 00000000 00:00 0 
7e000c7b0000-7e000c7f0000 rw-p 00000000 00:00 0 
7e000c7f0000-7e000cf30000 rw-p 00000000 00:00 0 
7e000cf30000-7e000cf70000 rw-p 00000000 00:00 0 
7e000cf70000-7e000cfb0000 rw-p 00000000 00:00 0 
7e000cfb0000-7e000cff0000 rw-p 00000000 00:00 0 
7e000cff0000-7e000d030000 rw-p 00000000 00:00 0 
7e000d030000-7e000d040000 ---p 00000000 00:00 0 
7e000d040000-7e000d050000 rw-p 00000000 00:00 0 
7e000d050000-7e0020000000 ---p 00000000 00:00 0 
7e0020000000-7e0020021000 rw-p 00000000 00:00 0 
7e0020021000-7e0024000000 ---p 00000000 00:00 0 
7e0024000000-7e0024084000 rw-p 00000000 00:00 0 
7e0024084000-7e0028000000 ---p 00000000 00:00 0 
7e0028000000-7e002802b000 rw-p 00000000 00:00 0 
7e002802b000-7e002c000000 ---p 00000000 00:00 0 
7e002c0fe000-7e002c102000 ---p 00000000 00:00 0 
7e002c102000-7e002c1fe000 rw-p 00000000 00:00 0 
7e002c1fe000-7e002c202000 ---p 00000000 00:00 0 
7e002c202000-7e002c2fe000 rw-p 00000000 00:00 0 
7e002c2fe000-7e002c302000 ---p 00000000 00:00 0 
7e002c302000-7e002c3fe000 rw-p 00000000 00:00 0 
7e002c3fe000-7e002c402000 ---p 00000000 00:00 0 
7e002c402000-7e002c4fe000 rw-p 00000000 00:00 0 
7e002c4fe000-7e002c502000 ---p 00000000 00:00 0 
7e002c502000-7e002c5fe000 rw-p 00000000 00:00 0 
7e002c5fe000-7e002c602000 ---p 00000000 00:00 0 
7e002c602000-7e002c6fe000 rw-p 00000000 00:00 0 
7e002c6fe000-7e002c702000 ---p 00000000 00:00 0 
7e002c702000-7e002c7fe000 rw-p 00000000 00:00 0 
7e002c7fe000-7e002c802000 ---p 00000000 00:00 0 
7e002c802000-7e002c8fe000 rw-p 00000000 00:00 0 
7e002c8fe000-7e002c902000 ---p 00000000 00:00 0 
7e002c902000-7e002c9fe000 rw-p 00000000 00:00 0 
7e002c9fe000-7e002ca02000 ---p 00000000 00:00 0 
7e002ca02000-7e002cafe000 rw-p 00000000 00:00 0 
7e002cafe000-7e002cb02000 ---p 00000000 00:00 0 
7e002cb02000-7e002cbfe000 rw-p 00000000 00:00 0 
7e002cbfe000-7e002cbff000 ---p 00000000 00:00 0 
7e002cbff000-7e002ccff000 rw-p 00000000 00:00 0 
7e002ccff000-7e002cd00000 ---p 00000000 00:00 0 
7e002cd00000-7e002ce00000 rw-p 00000000 00:00 0 
7e002ce00000-7e002ce9a000 r--p 00000000 00:1c 5319695                    /usr/lib/x86_64-linux-gnu/libstdc++.so.6.0.30
7e002ce9a000-7e002cfab000 r-xp 0009a000 00:1c 5319695                    /usr/lib/x86_64-linux-gnu/libstdc++.so.6.0.30
7e002cfab000-7e002d01a000 r--p 001ab000 00:1c 5319695                    /usr/lib/x86_64-linux-gnu/libstdc++.so.6.0.30
7e002d01a000-7e002d01b000 ---p 0021a000 00:1c 5319695                    /usr/lib/x86_64-linux-gnu/libstdc++.so.6.0.30
7e002d01b000-7e002d026000 r--p 0021a000 00:1c 5319695                    /usr/lib/x86_64-linux-gnu/libstdc++.so.6.0.30
7e002d026000-7e002d029000 rw-p 00225000 00:1c 5319695                    /usr/lib/x86_64-linux-gnu/libstdc++.so.6.0.30
7e002d029000-7e002d02c000 rw-p 00000000 00:00 0 
7e002d0ff000-7e002d100000 ---p 00000000 00:00 0 
7e002d100000-7e002d200000 rw-p 00000000 00:00 0 
7e002d200000-7e002d253000 r-xp 00000000 00:61 9177643                    /home/vialatol/.gradle/native/38dada09dfb8b06ba9b0570ebf7e218e3eb74d4ef43ca46872605cf95ebc2f47/linux-amd64/libnative-platform-file-events.so
7e002d253000-7e002d452000 ---p 00053000 00:61 9177643                    /home/vialatol/.gradle/native/38dada09dfb8b06ba9b0570ebf7e218e3eb74d4ef43ca46872605cf95ebc2f47/linux-amd64/libnative-platform-file-events.so
7e002d452000-7e002d453000 r--p 00052000 00:61 9177643                    /home/vialatol/.gradle/native/38dada09dfb8b06ba9b0570ebf7e218e3eb74d4ef43ca46872605cf95ebc2f47/linux-amd64/libnative-platform-file-events.so
7e002d453000-7e002d455000 rw-p 00053000 00:61 9177643                    /home/vialatol/.gradle/native/38dada09dfb8b06ba9b0570ebf7e218e3eb74d4ef43ca46872605cf95ebc2f47/linux-amd64/libnative-platform-file-events.so
7e002d4ff000-7e002d500000 ---p 00000000 00:00 0 
7e002d500000-7e002d600000 rw-p 00000000 00:00 0 
7e002d600000-7e002d605000 r-xp 00000000 00:61 9177624                    /home/vialatol/.gradle/native/c067742578af261105cb4f569cf0c3c89f3d7b1fecec35dd04571415982c5e48/linux-amd64/libnative-platform.so
7e002d605000-7e002d805000 ---p 00005000 00:61 9177624                    /home/vialatol/.gradle/native/c067742578af261105cb4f569cf0c3c89f3d7b1fecec35dd04571415982c5e48/linux-amd64/libnative-platform.so
7e002d805000-7e002d806000 r--p 00005000 00:61 9177624                    /home/vialatol/.gradle/native/c067742578af261105cb4f569cf0c3c89f3d7b1fecec35dd04571415982c5e48/linux-amd64/libnative-platform.so
7e002d806000-7e002d807000 rw-p 00006000 00:61 9177624                    /home/vialatol/.gradle/native/c067742578af261105cb4f569cf0c3c89f3d7b1fecec35dd04571415982c5e48/linux-amd64/libnative-platform.so
7e002d8fe000-7e002d8ff000 ---p 00000000 00:00 0 
7e002d8ff000-7e002d9ff000 rw-p 00000000 00:00 0 
7e002d9ff000-7e002da00000 ---p 00000000 00:00 0 
7e002da00000-7e002db00000 rw-p 00000000 00:00 0 
7e002db00000-7e002db04000 ---p 00000000 00:00 0 
7e002db04000-7e002dc00000 rw-p 00000000 00:00 0 
7e002dc00000-7e002dc04000 ---p 00000000 00:00 0 
7e002dc04000-7e002dd00000 rw-p 00000000 00:00 0 
7e002dd00000-7e002dd04000 ---p 00000000 00:00 0 
7e002dd04000-7e002de00000 rw-p 00000000 00:00 0 
7e002de00000-7e002de04000 ---p 00000000 00:00 0 
7e002de04000-7e002df00000 rw-p 00000000 00:00 0 
7e002df00000-7e002df04000 ---p 00000000 00:00 0 
7e002df04000-7e002e000000 rw-p 00000000 00:00 0 
7e002e000000-7e0030000000 rw-p 00000000 00:00 0 
7e0030000000-7e003002c000 rw-p 00000000 00:00 0 
7e003002c000-7e0034000000 ---p 00000000 00:00 0 
7e0034000000-7e0034090000 rw-p 00000000 00:00 0 
7e0034090000-7e0038000000 ---p 00000000 00:00 0 
7e0038000000-7e0038050000 rw-p 00000000 00:00 0 
7e0038050000-7e003c000000 ---p 00000000 00:00 0 
7e003c000000-7e003c004000 ---p 00000000 00:00 0 
7e003c004000-7e003c100000 rw-p 00000000 00:00 0 
7e003c100000-7e003c104000 ---p 00000000 00:00 0 
7e003c104000-7e003c200000 rw-p 00000000 00:00 0 
7e003c200000-7e003c9f0000 r--p 00000000 00:1c 5076136                    /usr/lib/locale/locale-archive
7e003ca2b000-7e003ca2f000 ---p 00000000 00:00 0 
7e003ca2f000-7e003cb2b000 rw-p 00000000 00:00 0 
7e003cb2b000-7e003cb2f000 ---p 00000000 00:00 0 
7e003cb2f000-7e003cc2b000 rw-p 00000000 00:00 0 
7e003cc2b000-7e003cc2f000 ---p 00000000 00:00 0 
7e003cc2f000-7e003cd2b000 rw-p 00000000 00:00 0 
7e003cd2b000-7e003cd2c000 ---p 00000000 00:00 0 
7e003cd2c000-7e003ce2c000 rw-p 00000000 00:00 0 
7e003ce2c000-7e003ce31000 r--p 00000000 00:61 9318396                    /home/vialatol/.jdks/temurin-17.0.18/lib/libjsvml.so
7e003ce31000-7e003ce72000 r-xp 00005000 00:61 9318396                    /home/vialatol/.jdks/temurin-17.0.18/lib/libjsvml.so
7e003ce72000-7e003cefb000 r--p 00046000 00:61 9318396                    /home/vialatol/.jdks/temurin-17.0.18/lib/libjsvml.so
7e003cefb000-7e003cefc000 r--p 000ce000 00:61 9318396                    /home/vialatol/.jdks/temurin-17.0.18/lib/libjsvml.so
7e003cefc000-7e003cefd000 rw-p 000cf000 00:61 9318396                    /home/vialatol/.jdks/temurin-17.0.18/lib/libjsvml.so
7e003cefd000-7e003cefe000 ---p 00000000 00:00 0 
7e003cefe000-7e003cffe000 rw-p 00000000 00:00 0 
7e003cffe000-7e003cfff000 ---p 00000000 00:00 0 
7e003cfff000-7e003d0ff000 rw-p 00000000 00:00 0 
7e003d0ff000-7e003d200000 rw-p 00000000 00:00 0 
7e003d200000-7e003f060000 rwxp 00000000 00:00 0 
7e003f060000-7e0044737000 ---p 00000000 00:00 0 
7e0044737000-7e00449b7000 rwxp 00000000 00:00 0 
7e00449b7000-7e0044cc9000 ---p 00000000 00:00 0 
7e0044cc9000-7e0045609000 rwxp 00000000 00:00 0 
7e0045609000-7e004c200000 ---p 00000000 00:00 0 
7e004c213000-7e004c217000 ---p 00000000 00:00 0 
7e004c217000-7e004c235000 rw-p 00000000 00:00 0 
7e004c235000-7e004c25a000 r--p 00000000 00:1c 1143398                    /usr/share/locale-langpack/fr/LC_MESSAGES/libc.mo
7e004c25a000-7e004c3dc000 rw-p 00000000 00:00 0 
7e004c3dc000-7e0054000000 r--s 00000000 00:61 9318378                    /home/vialatol/.jdks/temurin-17.0.18/lib/modules
7e0054000000-7e00552c7000 rw-p 00000000 00:00 0 
7e00552c7000-7e0058000000 ---p 00000000 00:00 0 
7e0058011000-7e0058014000 r--p 00000000 00:1c 5319880                    /usr/lib/x86_64-linux-gnu/libgcc_s.so.1
7e0058014000-7e005802b000 r-xp 00003000 00:1c 5319880                    /usr/lib/x86_64-linux-gnu/libgcc_s.so.1
7e005802b000-7e005802f000 r--p 0001a000 00:1c 5319880                    /usr/lib/x86_64-linux-gnu/libgcc_s.so.1
7e005802f000-7e0058030000 r--p 0001d000 00:1c 5319880                    /usr/lib/x86_64-linux-gnu/libgcc_s.so.1
7e0058030000-7e0058031000 rw-p 0001e000 00:1c 5319880                    /usr/lib/x86_64-linux-gnu/libgcc_s.so.1
7e0058033000-7e0058034000 r--p 00000000 00:1c 31232                      /usr/lib/x86_64-linux-gnu/libnss_mdns4_minimal.so.2
7e0058034000-7e0058036000 r-xp 00001000 00:1c 31232                      /usr/lib/x86_64-linux-gnu/libnss_mdns4_minimal.so.2
7e0058036000-7e0058037000 r--p 00003000 00:1c 31232                      /usr/lib/x86_64-linux-gnu/libnss_mdns4_minimal.so.2
7e0058037000-7e0058038000 r--p 00003000 00:1c 31232                      /usr/lib/x86_64-linux-gnu/libnss_mdns4_minimal.so.2
7e0058038000-7e0058039000 rw-p 00004000 00:1c 31232                      /usr/lib/x86_64-linux-gnu/libnss_mdns4_minimal.so.2
7e0058039000-7e0058040000 r--s 00000000 00:1c 5073337                    /usr/lib/x86_64-linux-gnu/gconv/gconv-modules.cache
7e0058040000-7e0058042000 r--p 00000000 00:61 9318398                    /home/vialatol/.jdks/temurin-17.0.18/lib/libmanagement_ext.so
7e0058042000-7e0058045000 r-xp 00002000 00:61 9318398                    /home/vialatol/.jdks/temurin-17.0.18/lib/libmanagement_ext.so
7e0058045000-7e0058046000 r--p 00005000 00:61 9318398                    /home/vialatol/.jdks/temurin-17.0.18/lib/libmanagement_ext.so
7e0058046000-7e0058047000 ---p 00006000 00:61 9318398                    /home/vialatol/.jdks/temurin-17.0.18/lib/libmanagement_ext.so
7e0058047000-7e0058048000 r--p 00006000 00:61 9318398                    /home/vialatol/.jdks/temurin-17.0.18/lib/libmanagement_ext.so
7e0058048000-7e0058049000 rw-p 00007000 00:61 9318398                    /home/vialatol/.jdks/temurin-17.0.18/lib/libmanagement_ext.so
7e0058049000-7e005804d000 r--p 00000000 00:61 9318389                    /home/vialatol/.jdks/temurin-17.0.18/lib/libverify.so
7e005804d000-7e0058054000 r-xp 00004000 00:61 9318389                    /home/vialatol/.jdks/temurin-17.0.18/lib/libverify.so
7e0058054000-7e0058056000 r--p 0000b000 00:61 9318389                    /home/vialatol/.jdks/temurin-17.0.18/lib/libverify.so
7e0058056000-7e0058058000 r--p 0000c000 00:61 9318389                    /home/vialatol/.jdks/temurin-17.0.18/lib/libverify.so
7e0058058000-7e0058059000 rw-p 0000e000 00:61 9318389                    /home/vialatol/.jdks/temurin-17.0.18/lib/libverify.so
7e0058059000-7e00580b4000 rw-p 00000000 00:00 0 
7e00580f5000-7e00588fd000 rw-p 00000000 00:00 0 
7e00588fd000-7e00588fe000 ---p 00000000 00:00 0 
7e00588fe000-7e00589fe000 rw-p 00000000 00:00 0 
7e00589fe000-7e00589ff000 ---p 00000000 00:00 0 
7e00589ff000-7e0058aff000 rw-p 00000000 00:00 0 
7e0058aff000-7e0058b00000 ---p 00000000 00:00 0 
7e0058b00000-7e0058c00000 rw-p 00000000 00:00 0 
7e0058c00000-7e0059250000 rw-p 00000000 00:00 0 
7e0059250000-7e00593f8000 ---p 00000000 00:00 0 
7e00593f8000-7e0059a50000 rw-p 00000000 00:00 0 
7e0059a50000-7e0059bf8000 ---p 00000000 00:00 0 
7e0059bf8000-7e0059c00000 rw-p 00000000 00:00 0 
7e0059c02000-7e0059c05000 r--p 00000000 00:61 9318403                    /home/vialatol/.jdks/temurin-17.0.18/lib/libmanagement.so
7e0059c05000-7e0059c06000 r-xp 00003000 00:61 9318403                    /home/vialatol/.jdks/temurin-17.0.18/lib/libmanagement.so
7e0059c06000-7e0059c07000 r--p 00004000 00:61 9318403                    /home/vialatol/.jdks/temurin-17.0.18/lib/libmanagement.so
7e0059c07000-7e0059c08000 r--p 00004000 00:61 9318403                    /home/vialatol/.jdks/temurin-17.0.18/lib/libmanagement.so
7e0059c08000-7e0059c09000 rw-p 00005000 00:61 9318403                    /home/vialatol/.jdks/temurin-17.0.18/lib/libmanagement.so
7e0059c09000-7e0059c0d000 r--p 00000000 00:61 9318373                    /home/vialatol/.jdks/temurin-17.0.18/lib/libnet.so
7e0059c0d000-7e0059c1b000 r-xp 00004000 00:61 9318373                    /home/vialatol/.jdks/temurin-17.0.18/lib/libnet.so
7e0059c1b000-7e0059c1f000 r--p 00012000 00:61 9318373                    /home/vialatol/.jdks/temurin-17.0.18/lib/libnet.so
7e0059c1f000-7e0059c20000 r--p 00015000 00:61 9318373                    /home/vialatol/.jdks/temurin-17.0.18/lib/libnet.so
7e0059c20000-7e0059c21000 rw-p 00016000 00:61 9318373                    /home/vialatol/.jdks/temurin-17.0.18/lib/libnet.so
7e0059c21000-7e0059c28000 r--p 00000000 00:61 9318366                    /home/vialatol/.jdks/temurin-17.0.18/lib/libnio.so
7e0059c28000-7e0059c31000 r-xp 00007000 00:61 9318366                    /home/vialatol/.jdks/temurin-17.0.18/lib/libnio.so
7e0059c31000-7e0059c35000 r--p 00010000 00:61 9318366                    /home/vialatol/.jdks/temurin-17.0.18/lib/libnio.so
7e0059c35000-7e0059c36000 ---p 00014000 00:61 9318366                    /home/vialatol/.jdks/temurin-17.0.18/lib/libnio.so
7e0059c36000-7e0059c37000 r--p 00014000 00:61 9318366                    /home/vialatol/.jdks/temurin-17.0.18/lib/libnio.so
7e0059c37000-7e0059c38000 rw-p 00015000 00:61 9318366                    /home/vialatol/.jdks/temurin-17.0.18/lib/libnio.so
7e0059c38000-7e0059c3a000 r--p 00000000 00:61 9318358                    /home/vialatol/.jdks/temurin-17.0.18/lib/libzip.so
7e0059c3a000-7e0059c4c000 r-xp 00002000 00:61 9318358                    /home/vialatol/.jdks/temurin-17.0.18/lib/libzip.so
7e0059c4c000-7e0059c54000 r--p 00014000 00:61 9318358                    /home/vialatol/.jdks/temurin-17.0.18/lib/libzip.so
7e0059c54000-7e0059c55000 r--p 0001b000 00:61 9318358                    /home/vialatol/.jdks/temurin-17.0.18/lib/libzip.so
7e0059c55000-7e0059c56000 rw-p 0001c000 00:61 9318358                    /home/vialatol/.jdks/temurin-17.0.18/lib/libzip.so
7e0059c56000-7e0059d42000 rw-p 00000000 00:00 0 
7e0059d42000-7e0059d77000 ---p 00000000 00:00 0 
7e0059d77000-7e0059e42000 rw-p 00000000 00:00 0 
7e0059e42000-7e0059e77000 ---p 00000000 00:00 0 
7e0059e77000-7e0059f42000 rw-p 00000000 00:00 0 
7e0059f42000-7e0059f77000 ---p 00000000 00:00 0 
7e0059f77000-7e005a995000 rw-p 00000000 00:00 0 
7e005a995000-7e005aa6d000 ---p 00000000 00:00 0 
7e005aa6d000-7e005aaaa000 rw-p 00000000 00:00 0 
7e005aaaa000-7e005ab58000 ---p 00000000 00:00 0 
7e005ab58000-7e005ab5d000 rw-p 00000000 00:00 0 
7e005ab5d000-7e005ab64000 ---p 00000000 00:00 0 
7e005ab64000-7e005ab72000 r--p 00000000 00:61 9318357                    /home/vialatol/.jdks/temurin-17.0.18/lib/libjava.so
7e005ab72000-7e005ab84000 r-xp 0000e000 00:61 9318357                    /home/vialatol/.jdks/temurin-17.0.18/lib/libjava.so
7e005ab84000-7e005ab8a000 r--p 00020000 00:61 9318357                    /home/vialatol/.jdks/temurin-17.0.18/lib/libjava.so
7e005ab8a000-7e005ab8b000 ---p 00026000 00:61 9318357                    /home/vialatol/.jdks/temurin-17.0.18/lib/libjava.so
7e005ab8b000-7e005ab8c000 r--p 00026000 00:61 9318357                    /home/vialatol/.jdks/temurin-17.0.18/lib/libjava.so
7e005ab8c000-7e005ab8d000 rw-p 00027000 00:61 9318357                    /home/vialatol/.jdks/temurin-17.0.18/lib/libjava.so
7e005ab8d000-7e005ab8e000 rw-p 00000000 00:00 0 
7e005ab8e000-7e005ab92000 r--p 00000000 00:61 9318363                    /home/vialatol/.jdks/temurin-17.0.18/lib/libjimage.so
7e005ab92000-7e005aba5000 r-xp 00004000 00:61 9318363                    /home/vialatol/.jdks/temurin-17.0.18/lib/libjimage.so
7e005aba5000-7e005abab000 r--p 00017000 00:61 9318363                    /home/vialatol/.jdks/temurin-17.0.18/lib/libjimage.so
7e005abab000-7e005abad000 r--p 0001c000 00:61 9318363                    /home/vialatol/.jdks/temurin-17.0.18/lib/libjimage.so
7e005abad000-7e005abae000 rw-p 0001e000 00:61 9318363                    /home/vialatol/.jdks/temurin-17.0.18/lib/libjimage.so
7e005abae000-7e005abb2000 ---p 00000000 00:00 0 
7e005abb2000-7e005acae000 rw-p 00000000 00:00 0 
7e005acae000-7e005af01000 r--p 00000000 00:61 9318385                    /home/vialatol/.jdks/temurin-17.0.18/lib/server/libjvm.so
7e005af01000-7e005bc29000 r-xp 00253000 00:61 9318385                    /home/vialatol/.jdks/temurin-17.0.18/lib/server/libjvm.so
7e005bc29000-7e005beb6000 r--p 00f7b000 00:61 9318385                    /home/vialatol/.jdks/temurin-17.0.18/lib/server/libjvm.so
7e005beb6000-7e005beb7000 ---p 01208000 00:61 9318385                    /home/vialatol/.jdks/temurin-17.0.18/lib/server/libjvm.so
7e005beb7000-7e005bf70000 r--p 01208000 00:61 9318385                    /home/vialatol/.jdks/temurin-17.0.18/lib/server/libjvm.so
7e005bf70000-7e005bfa5000 rw-p 012c1000 00:61 9318385                    /home/vialatol/.jdks/temurin-17.0.18/lib/server/libjvm.so
7e005bfa5000-7e005c000000 rw-p 00000000 00:00 0 
7e005c000000-7e005c028000 r--p 00000000 00:1c 5073071                    /usr/lib/x86_64-linux-gnu/libc.so.6
7e005c028000-7e005c1bd000 r-xp 00028000 00:1c 5073071                    /usr/lib/x86_64-linux-gnu/libc.so.6
7e005c1bd000-7e005c215000 r--p 001bd000 00:1c 5073071                    /usr/lib/x86_64-linux-gnu/libc.so.6
7e005c215000-7e005c216000 ---p 00215000 00:1c 5073071                    /usr/lib/x86_64-linux-gnu/libc.so.6
7e005c216000-7e005c21a000 r--p 00215000 00:1c 5073071                    /usr/lib/x86_64-linux-gnu/libc.so.6
7e005c21a000-7e005c21c000 rw-p 00219000 00:1c 5073071                    /usr/lib/x86_64-linux-gnu/libc.so.6
7e005c21c000-7e005c229000 rw-p 00000000 00:00 0 
7e005c229000-7e005c22a000 r--p 00000000 00:61 9318404                    /home/vialatol/.jdks/temurin-17.0.18/lib/libextnet.so
7e005c22a000-7e005c22b000 r-xp 00001000 00:61 9318404                    /home/vialatol/.jdks/temurin-17.0.18/lib/libextnet.so
7e005c22b000-7e005c22c000 r--p 00002000 00:61 9318404                    /home/vialatol/.jdks/temurin-17.0.18/lib/libextnet.so
7e005c22c000-7e005c22d000 r--p 00002000 00:61 9318404                    /home/vialatol/.jdks/temurin-17.0.18/lib/libextnet.so
7e005c22d000-7e005c22e000 rw-p 00003000 00:61 9318404                    /home/vialatol/.jdks/temurin-17.0.18/lib/libextnet.so
7e005c22e000-7e005c23c000 r--p 00000000 00:1c 5073074                    /usr/lib/x86_64-linux-gnu/libm.so.6
7e005c23c000-7e005c2b8000 r-xp 0000e000 00:1c 5073074                    /usr/lib/x86_64-linux-gnu/libm.so.6
7e005c2b8000-7e005c313000 r--p 0008a000 00:1c 5073074                    /usr/lib/x86_64-linux-gnu/libm.so.6
7e005c313000-7e005c314000 r--p 000e4000 00:1c 5073074                    /usr/lib/x86_64-linux-gnu/libm.so.6
7e005c314000-7e005c315000 rw-p 000e5000 00:1c 5073074                    /usr/lib/x86_64-linux-gnu/libm.so.6
7e005c315000-7e005c316000 r--p 00000000 00:1c 5073085                    /usr/lib/x86_64-linux-gnu/librt.so.1
7e005c316000-7e005c317000 r-xp 00001000 00:1c 5073085                    /usr/lib/x86_64-linux-gnu/librt.so.1
7e005c317000-7e005c318000 r--p 00002000 00:1c 5073085                    /usr/lib/x86_64-linux-gnu/librt.so.1
7e005c318000-7e005c319000 r--p 00002000 00:1c 5073085                    /usr/lib/x86_64-linux-gnu/librt.so.1
7e005c319000-7e005c31a000 rw-p 00003000 00:1c 5073085                    /usr/lib/x86_64-linux-gnu/librt.so.1
7e005c31a000-7e005c31c000 rw-p 00000000 00:00 0 
7e005c31c000-7e005c31d000 r--p 00000000 00:1c 5073073                    /usr/lib/x86_64-linux-gnu/libdl.so.2
7e005c31d000-7e005c31e000 r-xp 00001000 00:1c 5073073                    /usr/lib/x86_64-linux-gnu/libdl.so.2
7e005c31e000-7e005c31f000 r--p 00002000 00:1c 5073073                    /usr/lib/x86_64-linux-gnu/libdl.so.2
7e005c31f000-7e005c320000 r--p 00002000 00:1c 5073073                    /usr/lib/x86_64-linux-gnu/libdl.so.2
7e005c320000-7e005c321000 rw-p 00003000 00:1c 5073073                    /usr/lib/x86_64-linux-gnu/libdl.so.2
7e005c321000-7e005c322000 r--p 00000000 00:1c 5073083                    /usr/lib/x86_64-linux-gnu/libpthread.so.0
7e005c322000-7e005c323000 r-xp 00001000 00:1c 5073083                    /usr/lib/x86_64-linux-gnu/libpthread.so.0
7e005c323000-7e005c324000 r--p 00002000 00:1c 5073083                    /usr/lib/x86_64-linux-gnu/libpthread.so.0
7e005c324000-7e005c325000 r--p 00002000 00:1c 5073083                    /usr/lib/x86_64-linux-gnu/libpthread.so.0
7e005c325000-7e005c326000 rw-p 00003000 00:1c 5073083                    /usr/lib/x86_64-linux-gnu/libpthread.so.0
7e005c327000-7e005c32f000 rw-s 00000000 00:1c 5604015                    /tmp/hsperfdata_vialatol/430049
7e005c32f000-7e005c331000 r--p 00000000 00:61 9318401                    /home/vialatol/.jdks/temurin-17.0.18/lib/libinstrument.so
7e005c331000-7e005c337000 r-xp 00002000 00:61 9318401                    /home/vialatol/.jdks/temurin-17.0.18/lib/libinstrument.so
7e005c337000-7e005c33a000 r--p 00008000 00:61 9318401                    /home/vialatol/.jdks/temurin-17.0.18/lib/libinstrument.so
7e005c33a000-7e005c33b000 r--p 0000a000 00:61 9318401                    /home/vialatol/.jdks/temurin-17.0.18/lib/libinstrument.so
7e005c33b000-7e005c33c000 rw-p 0000b000 00:61 9318401                    /home/vialatol/.jdks/temurin-17.0.18/lib/libinstrument.so
7e005c33c000-7e005c33d000 ---p 00000000 00:00 0 
7e005c33d000-7e005c33e000 r--p 00000000 00:00 0 
7e005c33e000-7e005c341000 r--p 00000000 00:61 9318356                    /home/vialatol/.jdks/temurin-17.0.18/lib/libjli.so
7e005c341000-7e005c351000 r-xp 00003000 00:61 9318356                    /home/vialatol/.jdks/temurin-17.0.18/lib/libjli.so
7e005c351000-7e005c358000 r--p 00013000 00:61 9318356                    /home/vialatol/.jdks/temurin-17.0.18/lib/libjli.so
7e005c358000-7e005c359000 r--p 00019000 00:61 9318356                    /home/vialatol/.jdks/temurin-17.0.18/lib/libjli.so
7e005c359000-7e005c35a000 rw-p 0001a000 00:61 9318356                    /home/vialatol/.jdks/temurin-17.0.18/lib/libjli.so
7e005c35a000-7e005c35c000 rw-p 00000000 00:00 0 
7e005c35c000-7e005c35e000 r--p 00000000 00:1c 5073068                    /usr/lib/x86_64-linux-gnu/ld-linux-x86-64.so.2
7e005c35e000-7e005c388000 r-xp 00002000 00:1c 5073068                    /usr/lib/x86_64-linux-gnu/ld-linux-x86-64.so.2
7e005c388000-7e005c393000 r--p 0002c000 00:1c 5073068                    /usr/lib/x86_64-linux-gnu/ld-linux-x86-64.so.2
7e005c393000-7e005c394000 ---p 00000000 00:00 0 
7e005c394000-7e005c396000 r--p 00037000 00:1c 5073068                    /usr/lib/x86_64-linux-gnu/ld-linux-x86-64.so.2
7e005c396000-7e005c398000 rw-p 00039000 00:1c 5073068                    /usr/lib/x86_64-linux-gnu/ld-linux-x86-64.so.2
7ffd12dd6000-7ffd12df7000 rw-p 00000000 00:00 0                          [stack]
7ffd12df7000-7ffd12dfb000 r--p 00000000 00:00 0                          [vvar]
7ffd12dfb000-7ffd12dfd000 r-xp 00000000 00:00 0                          [vdso]
ffffffffff600000-ffffffffff601000 --xp 00000000 00:00 0                  [vsyscall]


VM Arguments:
jvm_args: --add-opens=java.base/java.util=ALL-UNNAMED --add-opens=java.base/java.lang=ALL-UNNAMED --add-opens=java.base/java.lang.invoke=ALL-UNNAMED --add-opens=java.prefs/java.util.prefs=ALL-UNNAMED --add-opens=java.base/java.nio.charset=ALL-UNNAMED --add-opens=java.base/java.net=ALL-UNNAMED --add-opens=java.base/java.util.concurrent.atomic=ALL-UNNAMED -XX:MaxMetaspaceSize=384m -XX:+HeapDumpOnOutOfMemoryError -Xms256m -Xmx512m -Dfile.encoding=UTF-8 -Duser.country=FR -Duser.language=fr -Duser.variant -javaagent:/home/vialatol/.gradle/wrapper/dists/gradle-8.7-all/aan3ydargesu18aqyqjwhr3pc/gradle-8.7/lib/agents/gradle-instrumentation-agent-8.7.jar 
java_command: org.gradle.launcher.daemon.bootstrap.GradleDaemon 8.7
java_class_path (initial): /home/vialatol/.gradle/wrapper/dists/gradle-8.7-all/aan3ydargesu18aqyqjwhr3pc/gradle-8.7/lib/gradle-launcher-8.7.jar
Launcher Type: SUN_STANDARD

[Global flags]
     intx CICompilerCount                          = 4                                         {product} {ergonomic}
   size_t CompressedClassSpaceSize                 = 335544320                                 {product} {ergonomic}
     uint ConcGCThreads                            = 3                                         {product} {ergonomic}
     uint G1ConcRefinementThreads                  = 10                                        {product} {ergonomic}
   size_t G1HeapRegionSize                         = 1048576                                   {product} {ergonomic}
    uintx GCDrainStackTargetSize                   = 64                                        {product} {ergonomic}
     bool HeapDumpOnOutOfMemoryError               = true                                   {manageable} {command line}
   size_t InitialHeapSize                          = 268435456                                 {product} {command line}
   size_t MarkStackSize                            = 4194304                                   {product} {ergonomic}
   size_t MaxHeapSize                              = 536870912                                 {product} {command line}
   size_t MaxMetaspaceSize                         = 402653184                                 {product} {command line}
   size_t MaxNewSize                               = 321912832                                 {product} {ergonomic}
   size_t MinHeapDeltaBytes                        = 1048576                                   {product} {ergonomic}
   size_t MinHeapSize                              = 268435456                                 {product} {command line}
    uintx NonNMethodCodeHeapSize                   = 5839372                                {pd product} {ergonomic}
    uintx NonProfiledCodeHeapSize                  = 122909434                              {pd product} {ergonomic}
    uintx ProfiledCodeHeapSize                     = 122909434                              {pd product} {ergonomic}
    uintx ReservedCodeCacheSize                    = 251658240                              {pd product} {ergonomic}
     bool SegmentedCodeCache                       = true                                      {product} {ergonomic}
   size_t SoftMaxHeapSize                          = 536870912                              {manageable} {ergonomic}
     bool UseCompressedClassPointers               = true                           {product lp64_product} {ergonomic}
     bool UseCompressedOops                        = true                           {product lp64_product} {ergonomic}
     bool UseG1GC                                  = true                                      {product} {ergonomic}

Logging:
Log output configuration:
 #0: stdout all=warning uptime,level,tags
 #1: stderr all=off uptime,level,tags

Environment Variables:
PATH=/home/vialatol/bin:/usr/local/sbin:/usr/local/bin:/usr/sbin:/usr/bin:/sbin:/bin:/usr/games:/usr/local/games:/snap/bin:/snap/bin
USERNAME=vialatol
SHELL=/bin/bash
DISPLAY=:1
LANG=fr_FR.UTF-8

Active Locale:
LC_ALL=fr_FR.UTF-8
LC_COLLATE=fr_FR.UTF-8
LC_CTYPE=fr_FR.UTF-8
LC_MESSAGES=fr_FR.UTF-8
LC_MONETARY=fr_FR.UTF-8
LC_NUMERIC=fr_FR.UTF-8
LC_TIME=fr_FR.UTF-8

Signal Handlers:
   SIGSEGV: crash_handler in libjvm.so, mask=11100100010111111101111111111110, flags=SA_RESTART|SA_SIGINFO, unblocked
    SIGBUS: crash_handler in libjvm.so, mask=11100100010111111101111111111110, flags=SA_RESTART|SA_SIGINFO, unblocked
    SIGFPE: crash_handler in libjvm.so, mask=11100100010111111101111111111110, flags=SA_RESTART|SA_SIGINFO, unblocked
   SIGPIPE: javaSignalHandler in libjvm.so, mask=11100100010111111101111111111110, flags=SA_RESTART|SA_SIGINFO, blocked
   SIGXFSZ: javaSignalHandler in libjvm.so, mask=11100100010111111101111111111110, flags=SA_RESTART|SA_SIGINFO, blocked
    SIGILL: crash_handler in libjvm.so, mask=11100100010111111101111111111110, flags=SA_RESTART|SA_SIGINFO, unblocked
   SIGUSR2: SR_handler in libjvm.so, mask=00000000000000000000000000000000, flags=SA_RESTART|SA_SIGINFO, blocked
    SIGHUP: UserHandler in libjvm.so, mask=11100100010111111101111111111110, flags=SA_RESTART|SA_SIGINFO, blocked
    SIGINT: UserHandler in libjvm.so, mask=11100100010111111101111111111110, flags=SA_RESTART|SA_SIGINFO, blocked
   SIGTERM: UserHandler in libjvm.so, mask=11100100010111111101111111111110, flags=SA_RESTART|SA_SIGINFO, blocked
   SIGQUIT: UserHandler in libjvm.so, mask=11100100010111111101111111111110, flags=SA_RESTART|SA_SIGINFO, blocked
   SIGTRAP: crash_handler in libjvm.so, mask=11100100010111111101111111111110, flags=SA_RESTART|SA_SIGINFO, unblocked


Periodic native trim disabled


---------------  S Y S T E M  ---------------

OS:
DISTRIB_ID=Ubuntu
DISTRIB_RELEASE=22.04
DISTRIB_CODENAME=jammy
DISTRIB_DESCRIPTION="Ubuntu 22.04.5 LTS"
uname: Linux 6.8.0-101-generic #101~22.04.1-Ubuntu SMP PREEMPT_DYNAMIC Wed Feb 11 13:19:54 UTC  x86_64
OS uptime: 23 days 0:17 hours
libc: glibc 2.35 NPTL 2.35 
rlimit (soft/hard): STACK 8192k/infinity , CORE 0k/infinity , NPROC 29805/29805 , NOFILE 1048576/1048576 , AS infinity/infinity , CPU infinity/infinity , DATA infinity/infinity , FSIZE infinity/infinity , MEMLOCK 976124k/976124k
load average: 2,98 2,59 2,29

/proc/meminfo:
MemTotal:        7809012 kB
MemFree:          181912 kB
MemAvailable:    1337180 kB
Buffers:               4 kB
Cached:          1715524 kB
SwapCached:      1434072 kB
Active:          2101696 kB
Inactive:        4269352 kB
Active(anon):    1940580 kB
Inactive(anon):  3194704 kB
Active(file):     161116 kB
Inactive(file):  1074648 kB
Unevictable:       53428 kB
Mlocked:             128 kB
SwapTotal:      19530748 kB
SwapFree:       10050240 kB
Zswap:                 0 kB
Zswapped:              0 kB
Dirty:             18668 kB
Writeback:             0 kB
AnonPages:       4672388 kB
Mapped:           495012 kB
Shmem:            567008 kB
KReclaimable:     234100 kB
Slab:             751864 kB
SReclaimable:     234100 kB
SUnreclaim:       517764 kB
KernelStack:       55504 kB
PageTables:       133040 kB
SecPageTables:         0 kB
NFS_Unstable:          0 kB
Bounce:                0 kB
WritebackTmp:          0 kB
CommitLimit:    23435252 kB
Committed_AS:   28549676 kB
VmallocTotal:   34359738367 kB
VmallocUsed:      115520 kB
VmallocChunk:          0 kB
Percpu:            18192 kB
HardwareCorrupted:     0 kB
AnonHugePages:         0 kB
ShmemHugePages:     8192 kB
ShmemPmdMapped:        0 kB
FileHugePages:         0 kB
FilePmdMapped:         0 kB
Unaccepted:            0 kB
HugePages_Total:       0
HugePages_Free:        0
HugePages_Rsvd:        0
HugePages_Surp:        0
Hugepagesize:       2048 kB
Hugetlb:               0 kB
DirectMap4k:      498812 kB
DirectMap2M:     6518784 kB
DirectMap1G:     2097152 kB

/sys/kernel/mm/transparent_hugepage/enabled: always [madvise] never
/sys/kernel/mm/transparent_hugepage/hpage_pmd_size: 2097152
/sys/kernel/mm/transparent_hugepage/defrag (defrag/compaction efforts parameter): always defer defer+madvise [madvise] never

Process Memory:
Virtual Size: 7872656K (peak: 7960628K)
Resident Set Size: 621492K (peak: 822284K) (anon: 602820K, file: 18672K, shmem: 0K)
Swapped out: 208788K
C-Heap outstanding allocations: 123795K, retained: 114532K
glibc malloc tunables: (default)

/proc/sys/kernel/threads-max (system-wide limit on the number of threads): 59611
/proc/sys/vm/max_map_count (maximum number of memory map areas a process may have): 65530
/proc/sys/vm/swappiness (control to define how aggressively the kernel swaps out anonymous memory): 60
/proc/sys/kernel/pid_max (system-wide limit on number of process identifiers): 4194304

container (cgroup) information:
container_type: cgroupv2
cpu_cpuset_cpus: not supported
cpu_memory_nodes: not supported
active_processor_count: 12
cpu_quota: not supported
cpu_period: not supported
cpu_shares: not supported
memory_limit_in_bytes: unlimited
memory_and_swap_limit_in_bytes: unlimited
memory_soft_limit_in_bytes: 0
memory_usage_in_bytes: 898412 k
memory_max_usage_in_bytes: not supported
rss_usage_in_bytes: 638720 k
cache_usage_in_bytes: 211792 k
memory_swap_current_in_bytes: 551708 k
memory_swap_max_limit_in_bytes: unlimited
maximum number of tasks: 8941
current number of tasks: 157

Steal ticks since vm start: 0
Steal ticks percentage since vm start:  0,000

CPU: total 12 (initial active 12) (12 cores per cpu, 1 threads per core) family 6 model 154 stepping 4 microcode 0x437, cx8, cmov, fxsr, mmx, 3dnowpref, sse, sse2, sse3, ssse3, sse4.1, sse4.2, popcnt, lzcnt, tsc, tscinvbit, avx, avx2, aes, erms, clmul, bmi1, bmi2, adx, sha, fma, vzeroupper, clflush, clflushopt, clwb
CPU Model and flags from /proc/cpuinfo:
model name	: 12th Gen Intel(R) Core(TM) i5-1235U
flags		: fpu vme de pse tsc msr pae mce cx8 apic sep mtrr pge mca cmov pat pse36 clflush dts acpi mmx fxsr sse sse2 ss ht tm pbe syscall nx pdpe1gb rdtscp lm constant_tsc art arch_perfmon pebs bts rep_good nopl xtopology nonstop_tsc cpuid aperfmperf tsc_known_freq pni pclmulqdq dtes64 monitor ds_cpl vmx smx est tm2 ssse3 sdbg fma cx16 xtpr pdcm pcid sse4_1 sse4_2 x2apic movbe popcnt tsc_deadline_timer aes xsave avx f16c rdrand lahf_lm abm 3dnowprefetch cpuid_fault epb ssbd ibrs ibpb stibp ibrs_enhanced tpr_shadow flexpriority ept vpid ept_ad fsgsbase tsc_adjust bmi1 avx2 smep bmi2 erms invpcid rdseed adx smap clflushopt clwb intel_pt sha_ni xsaveopt xsavec xgetbv1 xsaves split_lock_detect user_shstk avx_vnni dtherm ida arat pln pts hwp hwp_notify hwp_act_window hwp_epp hwp_pkg_req hfi vnmi umip pku ospke waitpkg gfni vaes vpclmulqdq rdpid movdiri movdir64b fsrm md_clear serialize arch_lbr ibt flush_l1d arch_capabilities ibpb_exit_to_user

Online cpus: 0-11
Offline cpus: 
BIOS frequency limitation: <Not Available>
Frequency switch latency (ns): 0
Available cpu frequencies: <Not Available>
Current governor: powersave
Core performance/turbo boost: <Not Available>

Memory: 4k page, physical 7809012k(181912k free), swap 19530748k(10050240k free)
Page Sizes: 4k

vm_info: OpenJDK 64-Bit Server VM (17.0.18+8) for linux-amd64 JRE (17.0.18+8), built on Jan 20 2026 00:00:00 by "admin" with gcc 10.3.0

END.
